[2020-09-22 15:54:56,353 INFO root] Taurus CLI Tool v1.15.0
[2020-09-22 15:54:56,357 DEBUG root] Command-line options: {'log': '/tmp/artifacts/bzt.log', 'option': None, 'quiet': None, 'verbose': None, 'no_system_configs': None, 'aliases': []}
[2020-09-22 15:54:56,364 DEBUG root] Python: CPython 3.6.9
[2020-09-22 15:54:56,366 DEBUG root] OS: uname_result(system='Linux', node='ee98bd54bc44', release='4.19.76-linuxkit', version='#1 SMP Tue May 26 11:42:35 UTC 2020', machine='x86_64', processor='x86_64')
[2020-09-22 15:54:56,368 INFO root] Starting with configs: ['/Users/sreelesh/Documents/USTGlobal/perf/perf_scripts/test.yml']
[2020-09-22 15:54:56,374 DEBUG root] Using personal config: /root/.bzt-rc
[2020-09-22 15:54:56,380 INFO Engine] Configuring...
[2020-09-22 15:54:56,386 DEBUG Engine] Reading system configs from: /etc/bzt.d
[2020-09-22 15:54:56,821 DEBUG Engine] Base configs list: ['/usr/local/lib/python3.6/dist-packages/bzt/resources/10-base-config.yml', '/etc/bzt.d/50-pbench-enhanced.json', '/etc/bzt.d/90-artifacts-dir.json', '/etc/bzt.d/99-zinstallID.json']
[2020-09-22 15:54:56,823 DEBUG Engine.Configuration] Configs: ['/usr/local/lib/python3.6/dist-packages/bzt/resources/10-base-config.yml', '/etc/bzt.d/50-pbench-enhanced.json', '/etc/bzt.d/90-artifacts-dir.json', '/etc/bzt.d/99-zinstallID.json']
[2020-09-22 15:54:56,856 DEBUG Engine.Configuration] Reading /usr/local/lib/python3.6/dist-packages/bzt/resources/10-base-config.yml as YAML
[2020-09-22 15:54:56,907 DEBUG Engine.Configuration] Reading /etc/bzt.d/50-pbench-enhanced.json as YAML
[2020-09-22 15:54:56,910 DEBUG Engine.Configuration] Reading /etc/bzt.d/90-artifacts-dir.json as YAML
[2020-09-22 15:54:56,912 DEBUG Engine.Configuration] Reading /etc/bzt.d/99-zinstallID.json as YAML
[2020-09-22 15:54:56,914 DEBUG Engine] User configs list: ['/root/.bzt-rc', '/Users/sreelesh/Documents/USTGlobal/perf/perf_scripts/test.yml']
[2020-09-22 15:54:56,915 DEBUG Engine.Configuration] Configs: ['/root/.bzt-rc', '/Users/sreelesh/Documents/USTGlobal/perf/perf_scripts/test.yml']
[2020-09-22 15:54:56,917 DEBUG Engine.Configuration] Reading /root/.bzt-rc as YAML
[2020-09-22 15:54:56,925 ERROR root] Config Error: Error when reading config file '/Users/sreelesh/Documents/USTGlobal/perf/perf_scripts/test.yml': [Errno 2] No such file or directory: '/Users/sreelesh/Documents/USTGlobal/perf/perf_scripts/test.yml'
[2020-09-22 15:54:56,931 DEBUG root] TaurusConfigError: Error when reading config file '/Users/sreelesh/Documents/USTGlobal/perf/perf_scripts/test.yml': [Errno 2] No such file or directory: '/Users/sreelesh/Documents/USTGlobal/perf/perf_scripts/test.yml'
  File "/usr/local/lib/python3.6/dist-packages/bzt/cli.py", line 255, in perform
    self.__configure(configs)
  File "/usr/local/lib/python3.6/dist-packages/bzt/cli.py", line 168, in __configure
    merged_config = self.engine.configure([bzt_rc] + configs, not self.options.no_system_configs)
  File "/usr/local/lib/python3.6/dist-packages/bzt/engine/engine.py", line 123, in configure
    merged_config = self._load_user_configs(user_configs)
  File "/usr/local/lib/python3.6/dist-packages/bzt/engine/engine.py", line 600, in _load_user_configs
    self.config.load(user_configs)
  File "/usr/local/lib/python3.6/dist-packages/bzt/engine/dicts.py", line 170, in load
    raise TaurusConfigError("Error when reading config file '%s': %s" % (config_file, exc))
[2020-09-22 15:54:56,932 INFO Engine] Post-processing...
[2020-09-22 15:54:56,936 INFO root] Artifacts dir: None
[2020-09-22 15:54:56,941 INFO root] Log file: /tmp/artifacts/bzt.log
[2020-09-22 15:54:56,946 WARNING root] Done performing with code: 1
[2020-09-22 15:54:56,955 DEBUG root] Closing log handler: /tmp/artifacts/bzt.log
[2020-10-05 12:42:51,238 INFO root] Taurus CLI Tool v1.15.0
[2020-10-05 12:42:51,243 DEBUG root] Command-line options: {'log': '/tmp/artifacts/bzt.log', 'option': None, 'quiet': None, 'verbose': None, 'no_system_configs': None, 'aliases': []}
[2020-10-05 12:42:51,249 DEBUG root] Python: CPython 3.6.9
[2020-10-05 12:42:51,289 DEBUG root] OS: uname_result(system='Linux', node='d3e7d6b8af50', release='4.19.76-linuxkit', version='#1 SMP Tue May 26 11:42:35 UTC 2020', machine='x86_64', processor='x86_64')
[2020-10-05 12:42:51,294 INFO root] Starting with configs: ['/Users/sreelesh/Documents/USTGlobal/perf/perf_scripts/test.yml']
[2020-10-05 12:42:51,300 DEBUG root] Using personal config: /root/.bzt-rc
[2020-10-05 12:42:51,302 INFO Engine] Configuring...
[2020-10-05 12:42:51,326 DEBUG Engine] Reading system configs from: /etc/bzt.d
[2020-10-05 12:42:51,887 DEBUG Engine] Base configs list: ['/usr/local/lib/python3.6/dist-packages/bzt/resources/10-base-config.yml', '/etc/bzt.d/50-pbench-enhanced.json', '/etc/bzt.d/90-artifacts-dir.json', '/etc/bzt.d/99-zinstallID.json']
[2020-10-05 12:42:51,896 DEBUG Engine.Configuration] Configs: ['/usr/local/lib/python3.6/dist-packages/bzt/resources/10-base-config.yml', '/etc/bzt.d/50-pbench-enhanced.json', '/etc/bzt.d/90-artifacts-dir.json', '/etc/bzt.d/99-zinstallID.json']
[2020-10-05 12:42:51,903 DEBUG Engine.Configuration] Reading /usr/local/lib/python3.6/dist-packages/bzt/resources/10-base-config.yml as YAML
[2020-10-05 12:42:51,977 DEBUG Engine.Configuration] Reading /etc/bzt.d/50-pbench-enhanced.json as YAML
[2020-10-05 12:42:51,988 DEBUG Engine.Configuration] Reading /etc/bzt.d/90-artifacts-dir.json as YAML
[2020-10-05 12:42:51,993 DEBUG Engine.Configuration] Reading /etc/bzt.d/99-zinstallID.json as YAML
[2020-10-05 12:42:51,999 DEBUG Engine] User configs list: ['/root/.bzt-rc', '/Users/sreelesh/Documents/USTGlobal/perf/perf_scripts/test.yml']
[2020-10-05 12:42:52,000 DEBUG Engine.Configuration] Configs: ['/root/.bzt-rc', '/Users/sreelesh/Documents/USTGlobal/perf/perf_scripts/test.yml']
[2020-10-05 12:42:52,004 DEBUG Engine.Configuration] Reading /root/.bzt-rc as YAML
[2020-10-05 12:42:52,018 ERROR root] Config Error: Error when reading config file '/Users/sreelesh/Documents/USTGlobal/perf/perf_scripts/test.yml': [Errno 2] No such file or directory: '/Users/sreelesh/Documents/USTGlobal/perf/perf_scripts/test.yml'
[2020-10-05 12:42:52,050 DEBUG root] TaurusConfigError: Error when reading config file '/Users/sreelesh/Documents/USTGlobal/perf/perf_scripts/test.yml': [Errno 2] No such file or directory: '/Users/sreelesh/Documents/USTGlobal/perf/perf_scripts/test.yml'
  File "/usr/local/lib/python3.6/dist-packages/bzt/cli.py", line 255, in perform
    self.__configure(configs)
  File "/usr/local/lib/python3.6/dist-packages/bzt/cli.py", line 168, in __configure
    merged_config = self.engine.configure([bzt_rc] + configs, not self.options.no_system_configs)
  File "/usr/local/lib/python3.6/dist-packages/bzt/engine/engine.py", line 123, in configure
    merged_config = self._load_user_configs(user_configs)
  File "/usr/local/lib/python3.6/dist-packages/bzt/engine/engine.py", line 600, in _load_user_configs
    self.config.load(user_configs)
  File "/usr/local/lib/python3.6/dist-packages/bzt/engine/dicts.py", line 170, in load
    raise TaurusConfigError("Error when reading config file '%s': %s" % (config_file, exc))
[2020-10-05 12:42:52,059 INFO Engine] Post-processing...
[2020-10-05 12:42:52,065 INFO root] Artifacts dir: None
[2020-10-05 12:42:52,070 INFO root] Log file: /tmp/artifacts/bzt.log
[2020-10-05 12:42:52,077 WARNING root] Done performing with code: 1
[2020-10-05 12:42:52,087 DEBUG root] Closing log handler: /tmp/artifacts/bzt.log
[2020-10-05 12:45:39,025 INFO root] Taurus CLI Tool v1.15.0
[2020-10-05 12:45:39,030 DEBUG root] Command-line options: {'log': '/tmp/artifacts/bzt.log', 'option': None, 'quiet': None, 'verbose': None, 'no_system_configs': None, 'aliases': []}
[2020-10-05 12:45:39,034 DEBUG root] Python: CPython 3.6.9
[2020-10-05 12:45:39,036 DEBUG root] OS: uname_result(system='Linux', node='25ce392ff4c7', release='4.19.76-linuxkit', version='#1 SMP Tue May 26 11:42:35 UTC 2020', machine='x86_64', processor='x86_64')
[2020-10-05 12:45:39,040 INFO root] Starting with configs: ['/Users/sreelesh/Documents/USTGlobal/perf/perf_scripts/smartfrog.yaml']
[2020-10-05 12:45:39,043 DEBUG root] Using personal config: /root/.bzt-rc
[2020-10-05 12:45:39,047 INFO Engine] Configuring...
[2020-10-05 12:45:39,051 DEBUG Engine] Reading system configs from: /etc/bzt.d
[2020-10-05 12:45:39,117 DEBUG Engine] Base configs list: ['/usr/local/lib/python3.6/dist-packages/bzt/resources/10-base-config.yml', '/etc/bzt.d/50-pbench-enhanced.json', '/etc/bzt.d/90-artifacts-dir.json', '/etc/bzt.d/99-zinstallID.json']
[2020-10-05 12:45:39,119 DEBUG Engine.Configuration] Configs: ['/usr/local/lib/python3.6/dist-packages/bzt/resources/10-base-config.yml', '/etc/bzt.d/50-pbench-enhanced.json', '/etc/bzt.d/90-artifacts-dir.json', '/etc/bzt.d/99-zinstallID.json']
[2020-10-05 12:45:39,120 DEBUG Engine.Configuration] Reading /usr/local/lib/python3.6/dist-packages/bzt/resources/10-base-config.yml as YAML
[2020-10-05 12:45:39,157 DEBUG Engine.Configuration] Reading /etc/bzt.d/50-pbench-enhanced.json as YAML
[2020-10-05 12:45:39,159 DEBUG Engine.Configuration] Reading /etc/bzt.d/90-artifacts-dir.json as YAML
[2020-10-05 12:45:39,161 DEBUG Engine.Configuration] Reading /etc/bzt.d/99-zinstallID.json as YAML
[2020-10-05 12:45:39,162 DEBUG Engine] User configs list: ['/root/.bzt-rc', '/Users/sreelesh/Documents/USTGlobal/perf/perf_scripts/smartfrog.yaml']
[2020-10-05 12:45:39,163 DEBUG Engine.Configuration] Configs: ['/root/.bzt-rc', '/Users/sreelesh/Documents/USTGlobal/perf/perf_scripts/smartfrog.yaml']
[2020-10-05 12:45:39,165 DEBUG Engine.Configuration] Reading /root/.bzt-rc as YAML
[2020-10-05 12:45:39,171 ERROR root] Config Error: Error when reading config file '/Users/sreelesh/Documents/USTGlobal/perf/perf_scripts/smartfrog.yaml': [Errno 2] No such file or directory: '/Users/sreelesh/Documents/USTGlobal/perf/perf_scripts/smartfrog.yaml'
[2020-10-05 12:45:39,174 DEBUG root] TaurusConfigError: Error when reading config file '/Users/sreelesh/Documents/USTGlobal/perf/perf_scripts/smartfrog.yaml': [Errno 2] No such file or directory: '/Users/sreelesh/Documents/USTGlobal/perf/perf_scripts/smartfrog.yaml'
  File "/usr/local/lib/python3.6/dist-packages/bzt/cli.py", line 255, in perform
    self.__configure(configs)
  File "/usr/local/lib/python3.6/dist-packages/bzt/cli.py", line 168, in __configure
    merged_config = self.engine.configure([bzt_rc] + configs, not self.options.no_system_configs)
  File "/usr/local/lib/python3.6/dist-packages/bzt/engine/engine.py", line 123, in configure
    merged_config = self._load_user_configs(user_configs)
  File "/usr/local/lib/python3.6/dist-packages/bzt/engine/engine.py", line 600, in _load_user_configs
    self.config.load(user_configs)
  File "/usr/local/lib/python3.6/dist-packages/bzt/engine/dicts.py", line 170, in load
    raise TaurusConfigError("Error when reading config file '%s': %s" % (config_file, exc))
[2020-10-05 12:45:39,175 INFO Engine] Post-processing...
[2020-10-05 12:45:39,178 INFO root] Artifacts dir: None
[2020-10-05 12:45:39,181 INFO root] Log file: /tmp/artifacts/bzt.log
[2020-10-05 12:45:39,184 WARNING root] Done performing with code: 1
[2020-10-05 12:45:39,197 DEBUG root] Closing log handler: /tmp/artifacts/bzt.log
[2020-10-05 12:48:30,754 INFO root] Taurus CLI Tool v1.15.0
[2020-10-05 12:48:30,761 DEBUG root] Command-line options: {'log': '/tmp/artifacts/bzt.log', 'option': None, 'quiet': None, 'verbose': None, 'no_system_configs': None, 'aliases': []}
[2020-10-05 12:48:30,764 DEBUG root] Python: CPython 3.6.9
[2020-10-05 12:48:30,766 DEBUG root] OS: uname_result(system='Linux', node='80c97d08b654', release='4.19.76-linuxkit', version='#1 SMP Tue May 26 11:42:35 UTC 2020', machine='x86_64', processor='x86_64')
[2020-10-05 12:48:30,771 INFO root] Starting with configs: ['/Users/sreelesh/Documents/USTGlobal/perf/perf_scripts/smartfrog.yaml']
[2020-10-05 12:48:30,774 DEBUG root] Using personal config: /root/.bzt-rc
[2020-10-05 12:48:30,780 INFO Engine] Configuring...
[2020-10-05 12:48:30,786 DEBUG Engine] Reading system configs from: /etc/bzt.d
[2020-10-05 12:48:30,859 DEBUG Engine] Base configs list: ['/usr/local/lib/python3.6/dist-packages/bzt/resources/10-base-config.yml', '/etc/bzt.d/50-pbench-enhanced.json', '/etc/bzt.d/90-artifacts-dir.json', '/etc/bzt.d/99-zinstallID.json']
[2020-10-05 12:48:30,860 DEBUG Engine.Configuration] Configs: ['/usr/local/lib/python3.6/dist-packages/bzt/resources/10-base-config.yml', '/etc/bzt.d/50-pbench-enhanced.json', '/etc/bzt.d/90-artifacts-dir.json', '/etc/bzt.d/99-zinstallID.json']
[2020-10-05 12:48:30,861 DEBUG Engine.Configuration] Reading /usr/local/lib/python3.6/dist-packages/bzt/resources/10-base-config.yml as YAML
[2020-10-05 12:48:30,924 DEBUG Engine.Configuration] Reading /etc/bzt.d/50-pbench-enhanced.json as YAML
[2020-10-05 12:48:30,927 DEBUG Engine.Configuration] Reading /etc/bzt.d/90-artifacts-dir.json as YAML
[2020-10-05 12:48:30,929 DEBUG Engine.Configuration] Reading /etc/bzt.d/99-zinstallID.json as YAML
[2020-10-05 12:48:30,930 DEBUG Engine] User configs list: ['/root/.bzt-rc', '/Users/sreelesh/Documents/USTGlobal/perf/perf_scripts/smartfrog.yaml']
[2020-10-05 12:48:30,931 DEBUG Engine.Configuration] Configs: ['/root/.bzt-rc', '/Users/sreelesh/Documents/USTGlobal/perf/perf_scripts/smartfrog.yaml']
[2020-10-05 12:48:30,932 DEBUG Engine.Configuration] Reading /root/.bzt-rc as YAML
[2020-10-05 12:48:30,940 ERROR root] Config Error: Error when reading config file '/Users/sreelesh/Documents/USTGlobal/perf/perf_scripts/smartfrog.yaml': [Errno 2] No such file or directory: '/Users/sreelesh/Documents/USTGlobal/perf/perf_scripts/smartfrog.yaml'
[2020-10-05 12:48:30,946 DEBUG root] TaurusConfigError: Error when reading config file '/Users/sreelesh/Documents/USTGlobal/perf/perf_scripts/smartfrog.yaml': [Errno 2] No such file or directory: '/Users/sreelesh/Documents/USTGlobal/perf/perf_scripts/smartfrog.yaml'
  File "/usr/local/lib/python3.6/dist-packages/bzt/cli.py", line 255, in perform
    self.__configure(configs)
  File "/usr/local/lib/python3.6/dist-packages/bzt/cli.py", line 168, in __configure
    merged_config = self.engine.configure([bzt_rc] + configs, not self.options.no_system_configs)
  File "/usr/local/lib/python3.6/dist-packages/bzt/engine/engine.py", line 123, in configure
    merged_config = self._load_user_configs(user_configs)
  File "/usr/local/lib/python3.6/dist-packages/bzt/engine/engine.py", line 600, in _load_user_configs
    self.config.load(user_configs)
  File "/usr/local/lib/python3.6/dist-packages/bzt/engine/dicts.py", line 170, in load
    raise TaurusConfigError("Error when reading config file '%s': %s" % (config_file, exc))
[2020-10-05 12:48:30,947 INFO Engine] Post-processing...
[2020-10-05 12:48:30,948 INFO root] Artifacts dir: None
[2020-10-05 12:48:30,954 INFO root] Log file: /tmp/artifacts/bzt.log
[2020-10-05 12:48:30,956 WARNING root] Done performing with code: 1
[2020-10-05 12:48:30,960 DEBUG root] Closing log handler: /tmp/artifacts/bzt.log
[2020-10-05 12:49:01,056 INFO root] Taurus CLI Tool v1.15.0
[2020-10-05 12:49:01,060 DEBUG root] Command-line options: {'log': '/tmp/artifacts/bzt.log', 'option': None, 'quiet': None, 'verbose': None, 'no_system_configs': None, 'aliases': []}
[2020-10-05 12:49:01,062 DEBUG root] Python: CPython 3.6.9
[2020-10-05 12:49:01,064 DEBUG root] OS: uname_result(system='Linux', node='1c5d4f6eff39', release='4.19.76-linuxkit', version='#1 SMP Tue May 26 11:42:35 UTC 2020', machine='x86_64', processor='x86_64')
[2020-10-05 12:49:01,069 INFO root] Starting with configs: ['smartfrog.yaml']
[2020-10-05 12:49:01,071 DEBUG root] Using personal config: /root/.bzt-rc
[2020-10-05 12:49:01,072 INFO Engine] Configuring...
[2020-10-05 12:49:01,075 DEBUG Engine] Reading system configs from: /etc/bzt.d
[2020-10-05 12:49:01,149 DEBUG Engine] Base configs list: ['/usr/local/lib/python3.6/dist-packages/bzt/resources/10-base-config.yml', '/etc/bzt.d/50-pbench-enhanced.json', '/etc/bzt.d/90-artifacts-dir.json', '/etc/bzt.d/99-zinstallID.json']
[2020-10-05 12:49:01,150 DEBUG Engine.Configuration] Configs: ['/usr/local/lib/python3.6/dist-packages/bzt/resources/10-base-config.yml', '/etc/bzt.d/50-pbench-enhanced.json', '/etc/bzt.d/90-artifacts-dir.json', '/etc/bzt.d/99-zinstallID.json']
[2020-10-05 12:49:01,151 DEBUG Engine.Configuration] Reading /usr/local/lib/python3.6/dist-packages/bzt/resources/10-base-config.yml as YAML
[2020-10-05 12:49:01,188 DEBUG Engine.Configuration] Reading /etc/bzt.d/50-pbench-enhanced.json as YAML
[2020-10-05 12:49:01,190 DEBUG Engine.Configuration] Reading /etc/bzt.d/90-artifacts-dir.json as YAML
[2020-10-05 12:49:01,192 DEBUG Engine.Configuration] Reading /etc/bzt.d/99-zinstallID.json as YAML
[2020-10-05 12:49:01,194 DEBUG Engine] User configs list: ['/root/.bzt-rc', 'smartfrog.yaml']
[2020-10-05 12:49:01,195 DEBUG Engine.Configuration] Configs: ['/root/.bzt-rc', 'smartfrog.yaml']
[2020-10-05 12:49:01,197 DEBUG Engine.Configuration] Reading /root/.bzt-rc as YAML
[2020-10-05 12:49:01,204 ERROR root] Config Error: Error when reading config file 'smartfrog.yaml': [Errno 2] No such file or directory: 'smartfrog.yaml'
[2020-10-05 12:49:01,208 DEBUG root] TaurusConfigError: Error when reading config file 'smartfrog.yaml': [Errno 2] No such file or directory: 'smartfrog.yaml'
  File "/usr/local/lib/python3.6/dist-packages/bzt/cli.py", line 255, in perform
    self.__configure(configs)
  File "/usr/local/lib/python3.6/dist-packages/bzt/cli.py", line 168, in __configure
    merged_config = self.engine.configure([bzt_rc] + configs, not self.options.no_system_configs)
  File "/usr/local/lib/python3.6/dist-packages/bzt/engine/engine.py", line 123, in configure
    merged_config = self._load_user_configs(user_configs)
  File "/usr/local/lib/python3.6/dist-packages/bzt/engine/engine.py", line 600, in _load_user_configs
    self.config.load(user_configs)
  File "/usr/local/lib/python3.6/dist-packages/bzt/engine/dicts.py", line 170, in load
    raise TaurusConfigError("Error when reading config file '%s': %s" % (config_file, exc))
[2020-10-05 12:49:01,210 INFO Engine] Post-processing...
[2020-10-05 12:49:01,212 INFO root] Artifacts dir: None
[2020-10-05 12:49:01,219 INFO root] Log file: /tmp/artifacts/bzt.log
[2020-10-05 12:49:01,222 WARNING root] Done performing with code: 1
[2020-10-05 12:49:01,225 DEBUG root] Closing log handler: /tmp/artifacts/bzt.log
[2020-10-05 12:49:20,116 INFO root] Taurus CLI Tool v1.15.0
[2020-10-05 12:49:20,120 DEBUG root] Command-line options: {'log': '/tmp/artifacts/bzt.log', 'option': None, 'quiet': None, 'verbose': None, 'no_system_configs': None, 'aliases': []}
[2020-10-05 12:49:20,122 DEBUG root] Python: CPython 3.6.9
[2020-10-05 12:49:20,123 DEBUG root] OS: uname_result(system='Linux', node='68d69a826e85', release='4.19.76-linuxkit', version='#1 SMP Tue May 26 11:42:35 UTC 2020', machine='x86_64', processor='x86_64')
[2020-10-05 12:49:20,127 INFO root] Starting with configs: ['smarfrog.yaml']
[2020-10-05 12:49:20,130 DEBUG root] Using personal config: /root/.bzt-rc
[2020-10-05 12:49:20,133 INFO Engine] Configuring...
[2020-10-05 12:49:20,135 DEBUG Engine] Reading system configs from: /etc/bzt.d
[2020-10-05 12:49:20,209 DEBUG Engine] Base configs list: ['/usr/local/lib/python3.6/dist-packages/bzt/resources/10-base-config.yml', '/etc/bzt.d/50-pbench-enhanced.json', '/etc/bzt.d/90-artifacts-dir.json', '/etc/bzt.d/99-zinstallID.json']
[2020-10-05 12:49:20,210 DEBUG Engine.Configuration] Configs: ['/usr/local/lib/python3.6/dist-packages/bzt/resources/10-base-config.yml', '/etc/bzt.d/50-pbench-enhanced.json', '/etc/bzt.d/90-artifacts-dir.json', '/etc/bzt.d/99-zinstallID.json']
[2020-10-05 12:49:20,211 DEBUG Engine.Configuration] Reading /usr/local/lib/python3.6/dist-packages/bzt/resources/10-base-config.yml as YAML
[2020-10-05 12:49:20,250 DEBUG Engine.Configuration] Reading /etc/bzt.d/50-pbench-enhanced.json as YAML
[2020-10-05 12:49:20,253 DEBUG Engine.Configuration] Reading /etc/bzt.d/90-artifacts-dir.json as YAML
[2020-10-05 12:49:20,254 DEBUG Engine.Configuration] Reading /etc/bzt.d/99-zinstallID.json as YAML
[2020-10-05 12:49:20,256 DEBUG Engine] User configs list: ['/root/.bzt-rc', 'smarfrog.yaml']
[2020-10-05 12:49:20,257 DEBUG Engine.Configuration] Configs: ['/root/.bzt-rc', 'smarfrog.yaml']
[2020-10-05 12:49:20,259 DEBUG Engine.Configuration] Reading /root/.bzt-rc as YAML
[2020-10-05 12:49:20,293 DEBUG Engine.Configuration] Reading smarfrog.yaml as YAML
[2020-10-05 12:49:20,317 DEBUG Engine.Configuration] Configs: ['/root/.bzt-rc', 'smarfrog.yaml']
[2020-10-05 12:49:20,318 DEBUG Engine.Configuration] Reading /root/.bzt-rc as YAML
[2020-10-05 12:49:20,335 DEBUG Engine.Configuration] Reading smarfrog.yaml as YAML
[2020-10-05 12:49:20,398 DEBUG Engine] Requesting updates info: https://gettaurus.org/updates/?version=1.15.0&installID=Docker
[2020-10-05 12:49:20,400 INFO Engine] Artifacts dir: /tmp/artifacts
[2020-10-05 12:49:20,400 DEBUG HTTPClient] Making HTTP request GET https://gettaurus.org/updates/?version=1.15.0&installID=Docker
[2020-10-05 12:49:20,407 DEBUG Engine] New artifact filename: /tmp/artifacts/effective
[2020-10-05 12:49:20,418 DEBUG urllib3.connectionpool] Starting new HTTPS connection (1): gettaurus.org:443
[2020-10-05 12:49:20,422 DEBUG Engine.Configuration] Dumping YAML config into /tmp/artifacts/effective.yml
[2020-10-05 12:49:20,479 DEBUG Engine.Configuration] Dumping JSON config into /tmp/artifacts/effective.json
[2020-10-05 12:49:20,483 DEBUG Engine] New artifact filename: /tmp/artifacts/merged.yml
[2020-10-05 12:49:20,487 DEBUG Engine.Configuration] Dumping YAML config into /tmp/artifacts/merged.yml
[2020-10-05 12:49:20,503 DEBUG Engine] New artifact filename: /tmp/artifacts/merged.json
[2020-10-05 12:49:20,506 DEBUG Engine.Configuration] Dumping JSON config into /tmp/artifacts/merged.json
[2020-10-05 12:49:20,509 DEBUG Engine] Add existing artifact (move=False): smarfrog.yaml
[2020-10-05 12:49:20,511 DEBUG Engine] Copying smarfrog.yaml to /tmp/artifacts/smarfrog.yaml
[2020-10-05 12:49:20,526 DEBUG Engine] Set PYTHONPATH to '/root/.bzt/python-packages/3.6.9' + '/tmp/artifacts/python-packages/3.6.9' + 
[2020-10-05 12:49:20,529 DEBUG Engine] Content of user packages dir: %s
[2020-10-05 12:49:20,531 DEBUG Engine] OS env: OBJC_DISABLE_INITIALIZE_FORK_SAFETY=YES
[2020-10-05 12:49:20,532 DEBUG Engine] OS env: TAURUS_ARTIFACTS_DIR=/tmp/artifacts
[2020-10-05 12:49:20,533 DEBUG root] Closing log handler: /tmp/artifacts/bzt.log
[2020-10-05 12:49:20,537 DEBUG root] Switched writing logs to /tmp/artifacts/bzt.log
[2020-10-05 12:49:20,538 DEBUG root] Linting config
[2020-10-05 12:49:20,544 INFO Engine] Preparing...
[2020-10-05 12:49:20,546 DEBUG Engine] Module config: consolidator {'class': 'bzt.modules.aggregator.ConsolidatingAggregator'}
[2020-10-05 12:49:20,547 DEBUG root] Importing module: bzt.modules.aggregator
[2020-10-05 12:49:21,638 DEBUG root] Loading class: 'ConsolidatingAggregator' from <module 'bzt.modules.aggregator' from '/usr/local/lib/python3.6/dist-packages/bzt/modules/aggregator.py'>
[2020-10-05 12:49:21,641 DEBUG Engine.consolidator] Buffer scaling setup: percentile 95.0 from [0.0, 50.0, 90.0, 95.0, 99.0, 99.9, 100.0] selected
[2020-10-05 12:49:21,646 DEBUG Engine] Module config: monitoring {'class': 'bzt.modules.monitoring.Monitoring'}
[2020-10-05 12:49:21,647 DEBUG root] Importing module: bzt.modules.monitoring
[2020-10-05 12:49:21,657 DEBUG root] Loading class: 'Monitoring' from <module 'bzt.modules.monitoring' from '/usr/local/lib/python3.6/dist-packages/bzt/modules/monitoring.py'>
[2020-10-05 12:49:21,658 DEBUG Engine] Module config: local {'class': 'bzt.modules.provisioning.Local'}
[2020-10-05 12:49:21,659 DEBUG root] Importing module: bzt.modules.provisioning
[2020-10-05 12:49:21,660 DEBUG root] Loading class: 'Local' from <module 'bzt.modules.provisioning' from '/usr/local/lib/python3.6/dist-packages/bzt/modules/provisioning.py'>
[2020-10-05 12:49:21,661 DEBUG Engine] Module config: jmeter {'class': 'bzt.modules.jmeter.JMeterExecutor', 'protocol-handlers': {'http': 'bzt.jmx.http.HTTPProtocolHandler'}, 'plugins': ['jpgc-casutg', 'jpgc-dummy', 'jpgc-ffw', 'jpgc-fifo', 'jpgc-functions', 'jpgc-json', 'jpgc-perfmon', 'jpgc-prmctl', 'jpgc-tst'], 'properties': {'jmeter.save.saveservice.autoflush': 'true', 'jmeter.save.saveservice.connect_time': 'true', 'jmeterengine.force.system.exit': 'true', 'summariser.name': ''}}
[2020-10-05 12:49:21,662 DEBUG root] Importing module: bzt.modules.jmeter
[2020-10-05 12:49:21,701 DEBUG root] Loading class: 'JMeterExecutor' from <module 'bzt.modules.jmeter' from '/usr/local/lib/python3.6/dist-packages/bzt/modules/jmeter.py'>
[2020-10-05 12:49:21,702 DEBUG Engine.local] Preparing executor: jmeter/140223769115336
[2020-10-05 12:49:21,704 DEBUG Engine] New artifact filename: /tmp/artifacts/jmeter.log
[2020-10-05 12:49:21,705 DEBUG Engine.jmeter] Checking if port 4445 is free
[2020-10-05 12:49:21,707 DEBUG Engine.jmeter] Port 4445 is free
[2020-10-05 12:49:21,708 DEBUG Engine.jmeter] Using port 4445 for management
[2020-10-05 12:49:21,710 DEBUG Engine] New artifact filename: /tmp/artifacts/requests.jmx
[2020-10-05 12:49:21,716 DEBUG root] Importing module: bzt.jmx.http
[2020-10-05 12:49:21,718 DEBUG root] Loading class: 'HTTPProtocolHandler' from <module 'bzt.jmx.http' from '/usr/local/lib/python3.6/dist-packages/bzt/jmx/http.py'>
[2020-10-05 12:49:21,727 DEBUG JMeterScenarioBuilder] Saving JMX to: /tmp/artifacts/requests.jmx
[2020-10-05 12:49:21,741 DEBUG Engine.jmeter] Additional system properties {'sun.net.inetaddr.ttl': 0}
[2020-10-05 12:49:21,744 DEBUG Engine] New artifact filename: /tmp/artifacts/system.properties
[2020-10-05 12:49:21,750 DEBUG urllib3.connectionpool] https://gettaurus.org:443 "GET /updates/?version=1.15.0&installID=Docker HTTP/1.1" 200 40
[2020-10-05 12:49:21,784 DEBUG Engine] Taurus updates info: {'latest': '1.15.0', 'needsUpgrade': False}
[2020-10-05 12:49:21,786 DEBUG Engine.jmeter] Additional properties: {'jmeter.save.saveservice.autoflush': 'true', 'jmeter.save.saveservice.connect_time': 'true', 'jmeterengine.force.system.exit': 'true', 'summariser.name': '', 'jmeterengine.nongui.port': 4445, 'jmeterengine.nongui.maxport': 4445, 'jmeter.save.saveservice.timestamp_format': 'ms', 'sampleresult.default.encoding': 'UTF-8', 'user.classpath': '/tmp/artifacts:/tmp/artifacts'}
[2020-10-05 12:49:21,786 DEBUG Engine] Installation is up-to-date
[2020-10-05 12:49:21,789 DEBUG Engine] New artifact filename: /tmp/artifacts/jmeter-bzt.properties
[2020-10-05 12:49:21,800 DEBUG Engine.jmeter.JavaVM] Trying JavaVM: ['java', '-version']
[2020-10-05 12:49:21,803 DEBUG root] Executing shell: ['java', '-version'] at .
[2020-10-05 12:49:23,524 DEBUG Engine.jmeter.JavaVM] JavaVM output: openjdk version "1.8.0_265"
OpenJDK Runtime Environment (build 1.8.0_265-8u265-b01-0ubuntu2~18.04-b01)
OpenJDK 64-Bit Server VM (build 25.265-b01, mixed mode)

[2020-10-05 12:49:23,525 DEBUG Engine.jmeter.TclLibrary] We don't need to check tcl library on this platform
[2020-10-05 12:49:23,534 DEBUG Engine.jmeter.JMeter] Trying JMeter..
[2020-10-05 12:49:23,536 DEBUG root] Executing shell: ['/root/.bzt/jmeter-taurus/5.2.1/bin/jmeter.sh', '-j', '/tmp/jmeterv_cnxfp6log', '--version'] at .
[2020-10-05 12:49:31,072 DEBUG Engine.jmeter.JMeter] JMeter check:     _    ____   _    ____ _   _ _____       _ __  __ _____ _____ _____ ____
   / \  |  _ \ / \  / ___| | | | ____|     | |  \/  | ____|_   _| ____|  _ \
  / _ \ | |_) / _ \| |   | |_| |  _|    _  | | |\/| |  _|   | | |  _| | |_) |
 / ___ \|  __/ ___ \ |___|  _  | |___  | |_| | |  | | |___  | | | |___|  _ <
/_/   \_\_| /_/   \_\____|_| |_|_____|  \___/|_|  |_|_____| |_| |_____|_| \_\ 5.2.1

Copyright (c) 1999-2019 The Apache Software Foundation

 / 
[2020-10-05 12:49:31,093 DEBUG Engine] New artifact filename: /tmp/artifacts/kpi.jtl
[2020-10-05 12:49:31,095 DEBUG Engine] New artifact filename: /tmp/artifacts/error.jtl
[2020-10-05 12:49:31,097 DEBUG Engine.jmeter.LoadSettingsProcessor] Load: LoadSpec(concurrency=2, throughput=None, ramp_up=60.0, hold=180.0, iterations=0, duration=240.0, steps=None)
[2020-10-05 12:49:31,100 DEBUG Engine.jmeter.LoadSettingsProcessor.ThreadGroupHandler] Converting ThreadGroup (smartfrog) to ConcurrencyThreadGroup and apply load parameters
[2020-10-05 12:49:31,102 DEBUG Engine] New artifact filename: /tmp/artifacts/modified_requests.jmx
[2020-10-05 12:49:31,102 DEBUG JMX] Saving JMX to: /tmp/artifacts/modified_requests.jmx
[2020-10-05 12:49:31,110 DEBUG root] Executing shell: ['/root/.bzt/jmeter-taurus/5.2.1/bin/PluginsManagerCMD.sh', 'install-for-jmx', '/tmp/artifacts/modified_requests.jmx'] at .
[2020-10-05 12:49:41,585 DEBUG Engine.jmeter.JMeter] Try to detect plugins for /tmp/artifacts/modified_requests.jmx
2020-10-05 12:49:33,790 INFO o.j.r.PluginManagerCMD: Command is: install-for-jmx
2020-10-05 12:49:34,041 INFO o.j.r.JARSourceHTTP: Requesting https://jmeter-plugins.org/repo/?installID=linux-fef4c3af0e48bdca1285c5c2fe0f167d-nongui
2020-10-05 12:49:38,910 INFO o.j.r.PluginManager: Plugins Status: [jpgc-functions=2.1, jpgc-casutg=2.9, jpgc-dummy=0.4, jpgc-ffw=2.0, jpgc-fifo=0.2, jpgc-json=2.7, jpgc-prmctl=0.4, jpgc-perfmon=2.1, jpgc-plugins-manager=1.3, jpgc-tst=2.5, jmeter-core=5.2.1, jmeter-ftp=5.2.1, jmeter-http=5.2.1, jmeter-jdbc=5.2.1, jmeter-jms=5.2.1, jmeter-junit=5.2.1, jmeter-java=5.2.1, jmeter-ldap=5.2.1, jmeter-mail=5.2.1, jmeter-mongodb=5.2.1, jmeter-native=5.2.1, jmeter-tcp=5.2.1, jmeter-components=5.2.1]
2020-10-05 12:49:38,920 INFO o.j.r.PluginManagerCMD: Params line is: /tmp/artifacts/modified_requests.jmx
2020-10-05 12:49:40,395 INFO o.a.j.s.SaveService: Testplan (JMX) version: 2.2. Testlog (JTL) version: 2.2
2020-10-05 12:49:40,454 INFO o.a.j.s.SaveService: Using SaveService properties file encoding UTF-8
2020-10-05 12:49:40,480 INFO o.a.j.s.SaveService: Using SaveService properties version 5.0
2020-10-05 12:49:40,737 INFO o.a.j.p.h.c.CacheManager: Will only cache the following methods: [GET]
2020-10-05 12:49:40,760 INFO o.a.j.p.h.c.CookieManager: Settings: Delete null: true Check: true Allow variable: true Save: false Prefix: COOKIE_
2020-10-05 12:49:41,235 INFO o.a.j.p.h.s.HTTPSamplerBase: Parser for text/html is org.apache.jmeter.protocol.http.parser.LagartoBasedHtmlParser
2020-10-05 12:49:41,236 INFO o.a.j.p.h.s.HTTPSamplerBase: Parser for application/xhtml+xml is org.apache.jmeter.protocol.http.parser.LagartoBasedHtmlParser
2020-10-05 12:49:41,237 INFO o.a.j.p.h.s.HTTPSamplerBase: Parser for application/xml is org.apache.jmeter.protocol.http.parser.LagartoBasedHtmlParser
2020-10-05 12:49:41,239 INFO o.a.j.p.h.s.HTTPSamplerBase: Parser for text/xml is org.apache.jmeter.protocol.http.parser.LagartoBasedHtmlParser
2020-10-05 12:49:41,240 INFO o.a.j.p.h.s.HTTPSamplerBase: Parser for text/vnd.wap.wml is org.apache.jmeter.protocol.http.parser.RegexpHTMLParser
2020-10-05 12:49:41,242 INFO o.a.j.p.h.s.HTTPSamplerBase: Parser for text/css is org.apache.jmeter.protocol.http.parser.CssParser
2020-10-05 12:49:41,524 INFO o.j.r.PluginManager: Finishing without changes


[2020-10-05 12:49:41,590 DEBUG Engine] New artifact filename: /tmp/artifacts/jmeter.out
[2020-10-05 12:49:41,595 DEBUG Engine] New artifact filename: /tmp/artifacts/jmeter.err
[2020-10-05 12:49:41,600 DEBUG Engine] Module config: final-stats {'class': 'bzt.modules.reporting.FinalStatus'}
[2020-10-05 12:49:41,601 DEBUG root] Importing module: bzt.modules.reporting
[2020-10-05 12:49:41,674 DEBUG easyprocess] version=0.3
[2020-10-05 12:49:41,688 DEBUG pyvirtualdisplay] version=1.3.2
[2020-10-05 12:49:41,697 DEBUG root] Loading class: 'FinalStatus' from <module 'bzt.modules.reporting' from '/usr/local/lib/python3.6/dist-packages/bzt/modules/reporting.py'>
[2020-10-05 12:49:41,699 DEBUG Engine] Module config: console {'class': 'bzt.modules.console.ConsoleStatusReporter'}
[2020-10-05 12:49:41,700 DEBUG root] Importing module: bzt.modules.console
[2020-10-05 12:49:41,701 DEBUG root] Loading class: 'ConsoleStatusReporter' from <module 'bzt.modules.console' from '/usr/local/lib/python3.6/dist-packages/bzt/modules/console.py'>
[2020-10-05 12:49:41,702 DEBUG Engine] Module config: passfail {'class': 'bzt.modules.passfail.PassFailStatus'}
[2020-10-05 12:49:41,705 DEBUG root] Importing module: bzt.modules.passfail
[2020-10-05 12:49:41,706 DEBUG root] Loading class: 'PassFailStatus' from <module 'bzt.modules.passfail' from '/usr/local/lib/python3.6/dist-packages/bzt/modules/passfail.py'>
[2020-10-05 12:49:41,719 DEBUG root] Importing module: bzt.modules.passfail
[2020-10-05 12:49:41,720 DEBUG root] Loading class: 'DataCriterion' from <module 'bzt.modules.passfail' from '/usr/local/lib/python3.6/dist-packages/bzt/modules/passfail.py'>
[2020-10-05 12:49:41,721 DEBUG root] Importing module: bzt.modules.passfail
[2020-10-05 12:49:41,722 DEBUG root] Loading class: 'DataCriterion' from <module 'bzt.modules.passfail' from '/usr/local/lib/python3.6/dist-packages/bzt/modules/passfail.py'>
[2020-10-05 12:49:41,729 DEBUG Engine.Configuration] Dumping YAML config into /tmp/artifacts/effective.yml
[2020-10-05 12:49:41,777 DEBUG Engine.Configuration] Dumping JSON config into /tmp/artifacts/effective.json
[2020-10-05 12:49:41,781 INFO Engine] Starting...
[2020-10-05 12:49:41,783 DEBUG Engine] Startup <bzt.modules.monitoring.Monitoring object at 0x7f8871394da0>
[2020-10-05 12:49:41,785 DEBUG Engine] Startup <bzt.modules.aggregator.ConsolidatingAggregator object at 0x7f8871394f98>
[2020-10-05 12:49:41,787 DEBUG Engine] Startup <bzt.modules.reporting.FinalStatus object at 0x7f8871398898>
[2020-10-05 12:49:41,788 DEBUG Engine] Startup <bzt.modules.console.ConsoleStatusReporter object at 0x7f8863e9c748>
[2020-10-05 12:49:41,790 INFO Engine.console] Waiting for results...
[2020-10-05 12:49:41,792 DEBUG Engine] Startup <bzt.modules.passfail.PassFailStatus object at 0x7f8863ecf0f0>
[2020-10-05 12:49:41,795 DEBUG Engine] Startup <bzt.modules.reporting.FinalStatus object at 0x7f8863e792b0>
[2020-10-05 12:49:41,802 DEBUG Engine] Startup <bzt.modules.provisioning.Local object at 0x7f88713e42e8>
[2020-10-05 12:49:41,808 DEBUG Engine.local] Delay setup for jmeter/smartfrog: 0(start-at) + 0(delay) = 0
[2020-10-05 12:49:41,856 DEBUG Engine.Configuration] Dumping YAML config into /tmp/artifacts/effective.yml
[2020-10-05 12:49:41,943 DEBUG Engine.Configuration] Dumping JSON config into /tmp/artifacts/effective.json
[2020-10-05 12:49:41,947 DEBUG root] Leveling down log file verbosity to INFO, use -v option to have DEBUG messages enabled
[2020-10-05 12:49:41,949 DEBUG root] Leveled up log file verbosity
[2020-10-05 12:49:41,951 DEBUG root] Executing shell: ['/root/.bzt/jmeter-taurus/5.2.1/bin/jmeter.sh', '-t', '/tmp/artifacts/modified_requests.jmx', '-j', '/tmp/artifacts/jmeter.log', '-q', '/tmp/artifacts/jmeter-bzt.properties', '-n', '-S', '/tmp/artifacts/system.properties'] at /bzt-configs
[2020-10-05 12:49:41,959 DEBUG Engine.local] Starting execution: jmeter/smartfrog, rest of available slots: 9223372036854775806
[2020-10-05 12:49:41,961 DEBUG root] Leveling down log file verbosity to INFO, use -v option to have DEBUG messages enabled
[2020-10-05 12:49:42,306 INFO Engine.console] Waiting for finish...
[2020-10-05 12:50:07,006 INFO Engine.jmeter.JTLReader] Changed data analysis delay to 3s
[2020-10-05 12:50:13,067 INFO Engine.jmeter.JTLReader] Changed data analysis delay to 2s
[2020-10-05 12:53:50,347 WARNING Engine] Please wait for graceful shutdown...
[2020-10-05 12:53:50,360 DEBUG root] Leveled up log file verbosity
[2020-10-05 12:53:50,360 INFO Engine] Shutting down...
[2020-10-05 12:53:50,372 DEBUG Engine] Current stop reason: None
[2020-10-05 12:53:50,373 DEBUG Engine.local] Shutdown jmeter/smartfrog
[2020-10-05 12:53:50,375 DEBUG Engine.console] Restoring logging streams, [<StreamHandler (INFO)>]/{<StreamHandler (INFO)>: <_io.TextIOWrapper name='<stdout>' mode='w' encoding='UTF-8'>}
[2020-10-05 12:53:50,395 DEBUG Engine.Configuration] Dumping YAML config into /tmp/artifacts/effective.yml
[2020-10-05 12:53:50,524 DEBUG Engine.Configuration] Dumping JSON config into /tmp/artifacts/effective.json
[2020-10-05 12:53:50,530 INFO Engine] Post-processing...
[2020-10-05 12:53:50,531 DEBUG Engine.local] Post-process jmeter/smartfrog
[2020-10-05 12:53:50,538 DEBUG Engine] Add existing artifact (move=True): /tmp/artifacts/modified_requests.jmx
[2020-10-05 12:53:50,540 DEBUG Engine] No need to copy /tmp/artifacts/modified_requests.jmx
[2020-10-05 12:53:50,569 DEBUG Engine.jmeter.JTLReader] Buffer len: 2; Known errors count: 0
[2020-10-05 12:53:50,571 DEBUG Engine.jmeter.JTLReader] Aggregating: 1601902428, 2 in buffer
[2020-10-05 12:53:50,660 DEBUG Engine.jmeter.JTLReader] Aggregating: 1601902429, 1 in buffer
[2020-10-05 12:53:50,694 DEBUG Engine.jmeter.JTLReader] Buffer len: 0; Known errors count: 0
[2020-10-05 12:53:50,699 DEBUG Engine.consolidator] Consolidator buffer[4]: dict_keys([1601902426, 1601902427, 1601902428, 1601902429])
[2020-10-05 12:53:50,700 DEBUG Engine.consolidator] Merging into 1601902426
[2020-10-05 12:53:50,702 DEBUG Engine.consolidator] Bypassing consolidation because of single result
[2020-10-05 12:53:50,818 DEBUG Engine.passfail] No label IndexPage in dict_keys(['https://translate.googleapis.com/translate_a/t?anno=3&client=te_lib&format=html&v=1.0&key=AIzaSyBOti4mM-6x9WDnZIjIeyEU21OpBXqWBgw&logld=vTE_20200210_00&sl=de&tl=en&sp=nmt&tc=1&dom=1&sr=1&tk=330622.241905&mode=1', 'https://translate.googleapis.com/translate_a/t?anno=3&client=te_lib&format=html&v=1.0&key=AIzaSyBOti4mM-6x9WDnZIjIeyEU21OpBXqWBgw&logld=vTE_20200210_00&sl=de&tl=en&sp=nmt&tc=1&dom=1&sr=1&tk=389505.215566&mode=1', 'https://translate.googleapis.com/translate_a/t?anno=3&client=te_lib&format=html&v=1.0&key=AIzaSyBOti4mM-6x9WDnZIjIeyEU21OpBXqWBgw&logld=vTE_20200210_00&sl=de&tl=en&sp=nmt&tc=1&dom=1&sr=1&tk=652476.1003315&mode=1', 'https://translate.googleapis.com/translate_a/t?anno=3&client=te_lib&format=html&v=1.0&key=AIzaSyBOti4mM-6x9WDnZIjIeyEU21OpBXqWBgw&logld=vTE_20200210_00&sl=de&tl=en&sp=nmt&tc=1&dom=1&sr=1&tk=328662.243801&mode=1', 'Test', 'https://translate.googleapis.com/translate_a/t?anno=3&client=te_lib&format=html&v=1.0&key=AIzaSyBOti4mM-6x9WDnZIjIeyEU21OpBXqWBgw&logld=vTE_20200210_00&sl=de&tl=en&sp=nmt&tc=1&dom=1&sr=1&tk=469685.102714&mode=1', 'login', ''])
[2020-10-05 12:53:50,819 DEBUG Engine.passfail] No label CheckoutPage in dict_keys(['https://translate.googleapis.com/translate_a/t?anno=3&client=te_lib&format=html&v=1.0&key=AIzaSyBOti4mM-6x9WDnZIjIeyEU21OpBXqWBgw&logld=vTE_20200210_00&sl=de&tl=en&sp=nmt&tc=1&dom=1&sr=1&tk=330622.241905&mode=1', 'https://translate.googleapis.com/translate_a/t?anno=3&client=te_lib&format=html&v=1.0&key=AIzaSyBOti4mM-6x9WDnZIjIeyEU21OpBXqWBgw&logld=vTE_20200210_00&sl=de&tl=en&sp=nmt&tc=1&dom=1&sr=1&tk=389505.215566&mode=1', 'https://translate.googleapis.com/translate_a/t?anno=3&client=te_lib&format=html&v=1.0&key=AIzaSyBOti4mM-6x9WDnZIjIeyEU21OpBXqWBgw&logld=vTE_20200210_00&sl=de&tl=en&sp=nmt&tc=1&dom=1&sr=1&tk=652476.1003315&mode=1', 'https://translate.googleapis.com/translate_a/t?anno=3&client=te_lib&format=html&v=1.0&key=AIzaSyBOti4mM-6x9WDnZIjIeyEU21OpBXqWBgw&logld=vTE_20200210_00&sl=de&tl=en&sp=nmt&tc=1&dom=1&sr=1&tk=328662.243801&mode=1', 'Test', 'https://translate.googleapis.com/translate_a/t?anno=3&client=te_lib&format=html&v=1.0&key=AIzaSyBOti4mM-6x9WDnZIjIeyEU21OpBXqWBgw&logld=vTE_20200210_00&sl=de&tl=en&sp=nmt&tc=1&dom=1&sr=1&tk=469685.102714&mode=1', 'login', ''])
[2020-10-05 12:53:50,821 DEBUG Engine.consolidator] Processed datapoint: 1601902426/ConsolidatingAggregator@140223991861144
[2020-10-05 12:53:50,822 DEBUG Engine.consolidator] Merging into 1601902427
[2020-10-05 12:53:50,823 DEBUG Engine.consolidator] Bypassing consolidation because of single result
[2020-10-05 12:53:50,918 DEBUG Engine.passfail] No label IndexPage in dict_keys(['https://translate.googleapis.com/translate_a/t?anno=3&client=te_lib&format=html&v=1.0&key=AIzaSyBOti4mM-6x9WDnZIjIeyEU21OpBXqWBgw&logld=vTE_20200210_00&sl=de&tl=en&sp=nmt&tc=1&dom=1&sr=1&tk=328662.243801&mode=1', 'https://translate.googleapis.com/translate_a/t?anno=3&client=te_lib&format=html&v=1.0&key=AIzaSyBOti4mM-6x9WDnZIjIeyEU21OpBXqWBgw&logld=vTE_20200210_00&sl=de&tl=en&sp=nmt&tc=1&dom=1&sr=1&tk=469685.102714&mode=1', 'https://translate.googleapis.com/translate_a/t?anno=3&client=te_lib&format=html&v=1.0&key=AIzaSyBOti4mM-6x9WDnZIjIeyEU21OpBXqWBgw&logld=vTE_20200210_00&sl=de&tl=en&sp=nmt&tc=1&dom=1&sr=1&tk=330622.241905&mode=1', 'https://translate.googleapis.com/translate_a/t?anno=3&client=te_lib&format=html&v=1.0&key=AIzaSyBOti4mM-6x9WDnZIjIeyEU21OpBXqWBgw&logld=vTE_20200210_00&sl=de&tl=en&sp=nmt&tc=1&dom=1&sr=1&tk=652476.1003315&mode=1', 'https://translate.googleapis.com/translate_a/t?anno=3&client=te_lib&format=html&v=1.0&key=AIzaSyBOti4mM-6x9WDnZIjIeyEU21OpBXqWBgw&logld=vTE_20200210_00&sl=de&tl=en&sp=nmt&tc=1&dom=1&sr=1&tk=389505.215566&mode=1', 'login', 'Test', ''])
[2020-10-05 12:53:50,919 DEBUG Engine.passfail] No label CheckoutPage in dict_keys(['https://translate.googleapis.com/translate_a/t?anno=3&client=te_lib&format=html&v=1.0&key=AIzaSyBOti4mM-6x9WDnZIjIeyEU21OpBXqWBgw&logld=vTE_20200210_00&sl=de&tl=en&sp=nmt&tc=1&dom=1&sr=1&tk=328662.243801&mode=1', 'https://translate.googleapis.com/translate_a/t?anno=3&client=te_lib&format=html&v=1.0&key=AIzaSyBOti4mM-6x9WDnZIjIeyEU21OpBXqWBgw&logld=vTE_20200210_00&sl=de&tl=en&sp=nmt&tc=1&dom=1&sr=1&tk=469685.102714&mode=1', 'https://translate.googleapis.com/translate_a/t?anno=3&client=te_lib&format=html&v=1.0&key=AIzaSyBOti4mM-6x9WDnZIjIeyEU21OpBXqWBgw&logld=vTE_20200210_00&sl=de&tl=en&sp=nmt&tc=1&dom=1&sr=1&tk=330622.241905&mode=1', 'https://translate.googleapis.com/translate_a/t?anno=3&client=te_lib&format=html&v=1.0&key=AIzaSyBOti4mM-6x9WDnZIjIeyEU21OpBXqWBgw&logld=vTE_20200210_00&sl=de&tl=en&sp=nmt&tc=1&dom=1&sr=1&tk=652476.1003315&mode=1', 'https://translate.googleapis.com/translate_a/t?anno=3&client=te_lib&format=html&v=1.0&key=AIzaSyBOti4mM-6x9WDnZIjIeyEU21OpBXqWBgw&logld=vTE_20200210_00&sl=de&tl=en&sp=nmt&tc=1&dom=1&sr=1&tk=389505.215566&mode=1', 'login', 'Test', ''])
[2020-10-05 12:53:50,921 DEBUG Engine.consolidator] Processed datapoint: 1601902427/ConsolidatingAggregator@140223991861144
[2020-10-05 12:53:50,921 DEBUG Engine.consolidator] Merging into 1601902428
[2020-10-05 12:53:50,923 DEBUG Engine.consolidator] Bypassing consolidation because of single result
[2020-10-05 12:53:51,006 DEBUG Engine.passfail] No label IndexPage in dict_keys(['https://translate.googleapis.com/translate_a/t?anno=3&client=te_lib&format=html&v=1.0&key=AIzaSyBOti4mM-6x9WDnZIjIeyEU21OpBXqWBgw&logld=vTE_20200210_00&sl=de&tl=en&sp=nmt&tc=1&dom=1&sr=1&tk=328662.243801&mode=1', 'https://translate.googleapis.com/translate_a/t?anno=3&client=te_lib&format=html&v=1.0&key=AIzaSyBOti4mM-6x9WDnZIjIeyEU21OpBXqWBgw&logld=vTE_20200210_00&sl=de&tl=en&sp=nmt&tc=1&dom=1&sr=1&tk=469685.102714&mode=1', 'https://translate.googleapis.com/translate_a/t?anno=3&client=te_lib&format=html&v=1.0&key=AIzaSyBOti4mM-6x9WDnZIjIeyEU21OpBXqWBgw&logld=vTE_20200210_00&sl=de&tl=en&sp=nmt&tc=1&dom=1&sr=1&tk=330622.241905&mode=1', 'https://translate.googleapis.com/translate_a/t?anno=3&client=te_lib&format=html&v=1.0&key=AIzaSyBOti4mM-6x9WDnZIjIeyEU21OpBXqWBgw&logld=vTE_20200210_00&sl=de&tl=en&sp=nmt&tc=1&dom=1&sr=1&tk=652476.1003315&mode=1', 'login', 'https://translate.googleapis.com/translate_a/t?anno=3&client=te_lib&format=html&v=1.0&key=AIzaSyBOti4mM-6x9WDnZIjIeyEU21OpBXqWBgw&logld=vTE_20200210_00&sl=de&tl=en&sp=nmt&tc=1&dom=1&sr=1&tk=389505.215566&mode=1', 'Test', ''])
[2020-10-05 12:53:51,007 DEBUG Engine.passfail] No label CheckoutPage in dict_keys(['https://translate.googleapis.com/translate_a/t?anno=3&client=te_lib&format=html&v=1.0&key=AIzaSyBOti4mM-6x9WDnZIjIeyEU21OpBXqWBgw&logld=vTE_20200210_00&sl=de&tl=en&sp=nmt&tc=1&dom=1&sr=1&tk=328662.243801&mode=1', 'https://translate.googleapis.com/translate_a/t?anno=3&client=te_lib&format=html&v=1.0&key=AIzaSyBOti4mM-6x9WDnZIjIeyEU21OpBXqWBgw&logld=vTE_20200210_00&sl=de&tl=en&sp=nmt&tc=1&dom=1&sr=1&tk=469685.102714&mode=1', 'https://translate.googleapis.com/translate_a/t?anno=3&client=te_lib&format=html&v=1.0&key=AIzaSyBOti4mM-6x9WDnZIjIeyEU21OpBXqWBgw&logld=vTE_20200210_00&sl=de&tl=en&sp=nmt&tc=1&dom=1&sr=1&tk=330622.241905&mode=1', 'https://translate.googleapis.com/translate_a/t?anno=3&client=te_lib&format=html&v=1.0&key=AIzaSyBOti4mM-6x9WDnZIjIeyEU21OpBXqWBgw&logld=vTE_20200210_00&sl=de&tl=en&sp=nmt&tc=1&dom=1&sr=1&tk=652476.1003315&mode=1', 'login', 'https://translate.googleapis.com/translate_a/t?anno=3&client=te_lib&format=html&v=1.0&key=AIzaSyBOti4mM-6x9WDnZIjIeyEU21OpBXqWBgw&logld=vTE_20200210_00&sl=de&tl=en&sp=nmt&tc=1&dom=1&sr=1&tk=389505.215566&mode=1', 'Test', ''])
[2020-10-05 12:53:51,008 DEBUG Engine.consolidator] Processed datapoint: 1601902428/ConsolidatingAggregator@140223991861144
[2020-10-05 12:53:51,009 DEBUG Engine.consolidator] Merging into 1601902429
[2020-10-05 12:53:51,011 DEBUG Engine.consolidator] Bypassing consolidation because of single result
[2020-10-05 12:53:51,090 DEBUG Engine.passfail] No label IndexPage in dict_keys(['https://translate.googleapis.com/translate_a/t?anno=3&client=te_lib&format=html&v=1.0&key=AIzaSyBOti4mM-6x9WDnZIjIeyEU21OpBXqWBgw&logld=vTE_20200210_00&sl=de&tl=en&sp=nmt&tc=1&dom=1&sr=1&tk=652476.1003315&mode=1', 'https://translate.googleapis.com/translate_a/t?anno=3&client=te_lib&format=html&v=1.0&key=AIzaSyBOti4mM-6x9WDnZIjIeyEU21OpBXqWBgw&logld=vTE_20200210_00&sl=de&tl=en&sp=nmt&tc=1&dom=1&sr=1&tk=328662.243801&mode=1', ''])
[2020-10-05 12:53:51,091 DEBUG Engine.passfail] No label CheckoutPage in dict_keys(['https://translate.googleapis.com/translate_a/t?anno=3&client=te_lib&format=html&v=1.0&key=AIzaSyBOti4mM-6x9WDnZIjIeyEU21OpBXqWBgw&logld=vTE_20200210_00&sl=de&tl=en&sp=nmt&tc=1&dom=1&sr=1&tk=652476.1003315&mode=1', 'https://translate.googleapis.com/translate_a/t?anno=3&client=te_lib&format=html&v=1.0&key=AIzaSyBOti4mM-6x9WDnZIjIeyEU21OpBXqWBgw&logld=vTE_20200210_00&sl=de&tl=en&sp=nmt&tc=1&dom=1&sr=1&tk=328662.243801&mode=1', ''])
[2020-10-05 12:53:51,092 DEBUG Engine.consolidator] Processed datapoint: 1601902429/ConsolidatingAggregator@140223991861144
[2020-10-05 12:53:51,092 INFO Engine.final-stats] Test duration: 0:04:09
[2020-10-05 12:53:51,095 INFO Engine.final-stats] Samples count: 5503, 0.00% failures
[2020-10-05 12:53:51,100 INFO Engine.final-stats] Average times: total 0.149, latency 0.146, connect 0.051
[2020-10-05 12:53:51,132 INFO Engine.final-stats] Percentiles:
(0lqqqqqqqqqqqqqqqwqqqqqqqqqqqqqqqk(B
(0x(B Percentile, % (0x(B Resp. Time, s (0x(B
(0tqqqqqqqqqqqqqqqnqqqqqqqqqqqqqqqu(B
(0x(B           0.0 (0x(B         0.041 (0x(B
(0x(B          50.0 (0x(B         0.066 (0x(B
(0x(B          90.0 (0x(B         0.328 (0x(B
(0x(B          95.0 (0x(B         0.374 (0x(B
(0x(B          99.0 (0x(B         0.534 (0x(B
(0x(B          99.9 (0x(B         2.142 (0x(B
(0x(B         100.0 (0x(B         9.576 (0x(B
(0mqqqqqqqqqqqqqqqvqqqqqqqqqqqqqqqj(B
[2020-10-05 12:53:51,161 INFO Engine.final-stats] Request label stats:
(0lqqqqqqqqqqqqqqqqqqqqqqqqqqqqqqqqqqqqqqqqqqqqqqqqqqqqqqqqqqqqqqqqqqqqqqqqqqqqqqqqqqqqqqqqqqqqqqqqqqqqqqqqqqqqqqqqqqqqqqqqqqqqqqqqqqqqqqqqqqqqqqqqqqqqqqqqqqqqqqqqqqqqqqqqqqqqqqqqqqqqqqqqqqqqqqqqqqqqqqqqqqqqqqqqqqqqqwqqqqqqqqwqqqqqqqqqwqqqqqqqqwqqqqqqqk(B
(0x(B label                                                                                                                                                                                                               (0x(B status (0x(B    succ (0x(B avg_rt (0x(B error (0x(B
(0tqqqqqqqqqqqqqqqqqqqqqqqqqqqqqqqqqqqqqqqqqqqqqqqqqqqqqqqqqqqqqqqqqqqqqqqqqqqqqqqqqqqqqqqqqqqqqqqqqqqqqqqqqqqqqqqqqqqqqqqqqqqqqqqqqqqqqqqqqqqqqqqqqqqqqqqqqqqqqqqqqqqqqqqqqqqqqqqqqqqqqqqqqqqqqqqqqqqqqqqqqqqqqqqqqqqqqnqqqqqqqqnqqqqqqqqqnqqqqqqqqnqqqqqqqu(B
(0x(B Test                                                                                                                                                                                                                (0x(B   OK   (0x(B 100.00% (0x(B  0.403 (0x(B       (0x(B
(0x(B https://translate.googleapis.com/translate_a/t?anno=3&client=te_lib&format=html&v=1.0&key=AIzaSyBOti4mM-6x9WDnZIjIeyEU21OpBXqWBgw&logld=vTE_20200210_00&sl=de&tl=en&sp=nmt&tc=1&dom=1&sr=1&tk=328662.243801&mode=1  (0x(B   OK   (0x(B 100.00% (0x(B  0.065 (0x(B       (0x(B
(0x(B https://translate.googleapis.com/translate_a/t?anno=3&client=te_lib&format=html&v=1.0&key=AIzaSyBOti4mM-6x9WDnZIjIeyEU21OpBXqWBgw&logld=vTE_20200210_00&sl=de&tl=en&sp=nmt&tc=1&dom=1&sr=1&tk=330622.241905&mode=1  (0x(B   OK   (0x(B 100.00% (0x(B  0.075 (0x(B       (0x(B
(0x(B https://translate.googleapis.com/translate_a/t?anno=3&client=te_lib&format=html&v=1.0&key=AIzaSyBOti4mM-6x9WDnZIjIeyEU21OpBXqWBgw&logld=vTE_20200210_00&sl=de&tl=en&sp=nmt&tc=1&dom=1&sr=1&tk=389505.215566&mode=1  (0x(B   OK   (0x(B 100.00% (0x(B  0.256 (0x(B       (0x(B
(0x(B https://translate.googleapis.com/translate_a/t?anno=3&client=te_lib&format=html&v=1.0&key=AIzaSyBOti4mM-6x9WDnZIjIeyEU21OpBXqWBgw&logld=vTE_20200210_00&sl=de&tl=en&sp=nmt&tc=1&dom=1&sr=1&tk=469685.102714&mode=1  (0x(B   OK   (0x(B 100.00% (0x(B  0.062 (0x(B       (0x(B
(0x(B https://translate.googleapis.com/translate_a/t?anno=3&client=te_lib&format=html&v=1.0&key=AIzaSyBOti4mM-6x9WDnZIjIeyEU21OpBXqWBgw&logld=vTE_20200210_00&sl=de&tl=en&sp=nmt&tc=1&dom=1&sr=1&tk=652476.1003315&mode=1 (0x(B   OK   (0x(B 100.00% (0x(B  0.071 (0x(B       (0x(B
(0x(B login                                                                                                                                                                                                               (0x(B   OK   (0x(B 100.00% (0x(B  0.192 (0x(B       (0x(B
(0mqqqqqqqqqqqqqqqqqqqqqqqqqqqqqqqqqqqqqqqqqqqqqqqqqqqqqqqqqqqqqqqqqqqqqqqqqqqqqqqqqqqqqqqqqqqqqqqqqqqqqqqqqqqqqqqqqqqqqqqqqqqqqqqqqqqqqqqqqqqqqqqqqqqqqqqqqqqqqqqqqqqqqqqqqqqqqqqqqqqqqqqqqqqqqqqqqqqqqqqqqqqqqqqqqqqqqvqqqqqqqqvqqqqqqqqqvqqqqqqqqvqqqqqqqj(B
[2020-10-05 12:53:51,169 DEBUG Engine.console] No logger_handler or orig_stream was detected
[2020-10-05 12:53:51,210 INFO Engine.final-stats] Test duration: 0:04:09
[2020-10-05 12:53:51,214 INFO Engine.final-stats] Samples count: 5503, 0.00% failures
[2020-10-05 12:53:51,215 INFO Engine.final-stats] Average times: total 0.149, latency 0.146, connect 0.051
[2020-10-05 12:53:51,223 INFO Engine.final-stats] Percentiles:
(0lqqqqqqqqqqqqqqqwqqqqqqqqqqqqqqqk(B
(0x(B Percentile, % (0x(B Resp. Time, s (0x(B
(0tqqqqqqqqqqqqqqqnqqqqqqqqqqqqqqqu(B
(0x(B           0.0 (0x(B         0.041 (0x(B
(0x(B          50.0 (0x(B         0.066 (0x(B
(0x(B          90.0 (0x(B         0.328 (0x(B
(0x(B          95.0 (0x(B         0.374 (0x(B
(0x(B          99.0 (0x(B         0.534 (0x(B
(0x(B          99.9 (0x(B         2.142 (0x(B
(0x(B         100.0 (0x(B         9.576 (0x(B
(0mqqqqqqqqqqqqqqqvqqqqqqqqqqqqqqqj(B
[2020-10-05 12:53:51,228 INFO Engine.final-stats] Dumping final status as XML: filename to export data in XML format
[2020-10-05 12:53:51,517 INFO Engine.final-stats] Dumping final status as CSV: filename to export data in CSV format
[2020-10-05 12:53:51,575 DEBUG Engine.Configuration] Dumping YAML config into /tmp/artifacts/effective.yml
[2020-10-05 12:53:51,679 DEBUG Engine.Configuration] Dumping JSON config into /tmp/artifacts/effective.json
[2020-10-05 12:53:51,685 INFO root] Artifacts dir: /tmp/artifacts
[2020-10-05 12:53:51,688 INFO root] Done performing with code: 0
[2020-10-05 12:53:51,690 DEBUG root] Closing log handler: /tmp/artifacts/bzt.log
[2020-10-05 12:58:15,332 INFO root] Taurus CLI Tool v1.15.0
[2020-10-05 12:58:15,335 DEBUG root] Command-line options: {'log': '/tmp/artifacts/bzt.log', 'option': None, 'quiet': None, 'verbose': None, 'no_system_configs': None, 'aliases': []}
[2020-10-05 12:58:15,338 DEBUG root] Python: CPython 3.6.9
[2020-10-05 12:58:15,339 DEBUG root] OS: uname_result(system='Linux', node='856d5387d72d', release='4.19.76-linuxkit', version='#1 SMP Tue May 26 11:42:35 UTC 2020', machine='x86_64', processor='x86_64')
[2020-10-05 12:58:15,342 INFO root] Starting with configs: ['/Users/sreelesh/Documents/USTGlobal/perf/perf_scripts/smartfrog.yaml']
[2020-10-05 12:58:15,345 DEBUG root] Using personal config: /root/.bzt-rc
[2020-10-05 12:58:15,347 INFO Engine] Configuring...
[2020-10-05 12:58:15,349 DEBUG Engine] Reading system configs from: /etc/bzt.d
[2020-10-05 12:58:15,447 DEBUG Engine] Base configs list: ['/usr/local/lib/python3.6/dist-packages/bzt/resources/10-base-config.yml', '/etc/bzt.d/50-pbench-enhanced.json', '/etc/bzt.d/90-artifacts-dir.json', '/etc/bzt.d/99-zinstallID.json']
[2020-10-05 12:58:15,448 DEBUG Engine.Configuration] Configs: ['/usr/local/lib/python3.6/dist-packages/bzt/resources/10-base-config.yml', '/etc/bzt.d/50-pbench-enhanced.json', '/etc/bzt.d/90-artifacts-dir.json', '/etc/bzt.d/99-zinstallID.json']
[2020-10-05 12:58:15,449 DEBUG Engine.Configuration] Reading /usr/local/lib/python3.6/dist-packages/bzt/resources/10-base-config.yml as YAML
[2020-10-05 12:58:15,492 DEBUG Engine.Configuration] Reading /etc/bzt.d/50-pbench-enhanced.json as YAML
[2020-10-05 12:58:15,495 DEBUG Engine.Configuration] Reading /etc/bzt.d/90-artifacts-dir.json as YAML
[2020-10-05 12:58:15,496 DEBUG Engine.Configuration] Reading /etc/bzt.d/99-zinstallID.json as YAML
[2020-10-05 12:58:15,498 DEBUG Engine] User configs list: ['/root/.bzt-rc', '/Users/sreelesh/Documents/USTGlobal/perf/perf_scripts/smartfrog.yaml']
[2020-10-05 12:58:15,500 DEBUG Engine.Configuration] Configs: ['/root/.bzt-rc', '/Users/sreelesh/Documents/USTGlobal/perf/perf_scripts/smartfrog.yaml']
[2020-10-05 12:58:15,502 DEBUG Engine.Configuration] Reading /root/.bzt-rc as YAML
[2020-10-05 12:58:15,508 ERROR root] Config Error: Error when reading config file '/Users/sreelesh/Documents/USTGlobal/perf/perf_scripts/smartfrog.yaml': [Errno 2] No such file or directory: '/Users/sreelesh/Documents/USTGlobal/perf/perf_scripts/smartfrog.yaml'
[2020-10-05 12:58:15,512 DEBUG root] TaurusConfigError: Error when reading config file '/Users/sreelesh/Documents/USTGlobal/perf/perf_scripts/smartfrog.yaml': [Errno 2] No such file or directory: '/Users/sreelesh/Documents/USTGlobal/perf/perf_scripts/smartfrog.yaml'
  File "/usr/local/lib/python3.6/dist-packages/bzt/cli.py", line 255, in perform
    self.__configure(configs)
  File "/usr/local/lib/python3.6/dist-packages/bzt/cli.py", line 168, in __configure
    merged_config = self.engine.configure([bzt_rc] + configs, not self.options.no_system_configs)
  File "/usr/local/lib/python3.6/dist-packages/bzt/engine/engine.py", line 123, in configure
    merged_config = self._load_user_configs(user_configs)
  File "/usr/local/lib/python3.6/dist-packages/bzt/engine/engine.py", line 600, in _load_user_configs
    self.config.load(user_configs)
  File "/usr/local/lib/python3.6/dist-packages/bzt/engine/dicts.py", line 170, in load
    raise TaurusConfigError("Error when reading config file '%s': %s" % (config_file, exc))
[2020-10-05 12:58:15,514 INFO Engine] Post-processing...
[2020-10-05 12:58:15,515 INFO root] Artifacts dir: None
[2020-10-05 12:58:15,520 INFO root] Log file: /tmp/artifacts/bzt.log
[2020-10-05 12:58:15,528 WARNING root] Done performing with code: 1
[2020-10-05 12:58:15,531 DEBUG root] Closing log handler: /tmp/artifacts/bzt.log
[2020-10-05 13:00:23,264 INFO root] Taurus CLI Tool v1.15.0
[2020-10-05 13:00:23,277 DEBUG root] Command-line options: {'log': '/tmp/artifacts/bzt.log', 'option': None, 'quiet': None, 'verbose': None, 'no_system_configs': None, 'aliases': []}
[2020-10-05 13:00:23,290 DEBUG root] Python: CPython 3.6.9
[2020-10-05 13:00:23,291 DEBUG root] OS: uname_result(system='Linux', node='ca7935eef32f', release='4.19.76-linuxkit', version='#1 SMP Tue May 26 11:42:35 UTC 2020', machine='x86_64', processor='x86_64')
[2020-10-05 13:00:23,296 INFO root] Starting with configs: ['/Users/sreelesh/Documents/USTGlobal/perf/perf_scripts/smartfrog.yaml']
[2020-10-05 13:00:23,304 DEBUG root] Using personal config: /root/.bzt-rc
[2020-10-05 13:00:23,305 INFO Engine] Configuring...
[2020-10-05 13:00:23,309 DEBUG Engine] Reading system configs from: /etc/bzt.d
[2020-10-05 13:00:23,396 DEBUG Engine] Base configs list: ['/usr/local/lib/python3.6/dist-packages/bzt/resources/10-base-config.yml', '/etc/bzt.d/50-pbench-enhanced.json', '/etc/bzt.d/90-artifacts-dir.json', '/etc/bzt.d/99-zinstallID.json']
[2020-10-05 13:00:23,397 DEBUG Engine.Configuration] Configs: ['/usr/local/lib/python3.6/dist-packages/bzt/resources/10-base-config.yml', '/etc/bzt.d/50-pbench-enhanced.json', '/etc/bzt.d/90-artifacts-dir.json', '/etc/bzt.d/99-zinstallID.json']
[2020-10-05 13:00:23,399 DEBUG Engine.Configuration] Reading /usr/local/lib/python3.6/dist-packages/bzt/resources/10-base-config.yml as YAML
[2020-10-05 13:00:23,437 DEBUG Engine.Configuration] Reading /etc/bzt.d/50-pbench-enhanced.json as YAML
[2020-10-05 13:00:23,439 DEBUG Engine.Configuration] Reading /etc/bzt.d/90-artifacts-dir.json as YAML
[2020-10-05 13:00:23,441 DEBUG Engine.Configuration] Reading /etc/bzt.d/99-zinstallID.json as YAML
[2020-10-05 13:00:23,442 DEBUG Engine] User configs list: ['/root/.bzt-rc', '/Users/sreelesh/Documents/USTGlobal/perf/perf_scripts/smartfrog.yaml']
[2020-10-05 13:00:23,443 DEBUG Engine.Configuration] Configs: ['/root/.bzt-rc', '/Users/sreelesh/Documents/USTGlobal/perf/perf_scripts/smartfrog.yaml']
[2020-10-05 13:00:23,445 DEBUG Engine.Configuration] Reading /root/.bzt-rc as YAML
[2020-10-05 13:00:23,452 ERROR root] Config Error: Error when reading config file '/Users/sreelesh/Documents/USTGlobal/perf/perf_scripts/smartfrog.yaml': [Errno 2] No such file or directory: '/Users/sreelesh/Documents/USTGlobal/perf/perf_scripts/smartfrog.yaml'
[2020-10-05 13:00:23,455 DEBUG root] TaurusConfigError: Error when reading config file '/Users/sreelesh/Documents/USTGlobal/perf/perf_scripts/smartfrog.yaml': [Errno 2] No such file or directory: '/Users/sreelesh/Documents/USTGlobal/perf/perf_scripts/smartfrog.yaml'
  File "/usr/local/lib/python3.6/dist-packages/bzt/cli.py", line 255, in perform
    self.__configure(configs)
  File "/usr/local/lib/python3.6/dist-packages/bzt/cli.py", line 168, in __configure
    merged_config = self.engine.configure([bzt_rc] + configs, not self.options.no_system_configs)
  File "/usr/local/lib/python3.6/dist-packages/bzt/engine/engine.py", line 123, in configure
    merged_config = self._load_user_configs(user_configs)
  File "/usr/local/lib/python3.6/dist-packages/bzt/engine/engine.py", line 600, in _load_user_configs
    self.config.load(user_configs)
  File "/usr/local/lib/python3.6/dist-packages/bzt/engine/dicts.py", line 170, in load
    raise TaurusConfigError("Error when reading config file '%s': %s" % (config_file, exc))
[2020-10-05 13:00:23,456 INFO Engine] Post-processing...
[2020-10-05 13:00:23,457 INFO root] Artifacts dir: None
[2020-10-05 13:00:23,463 INFO root] Log file: /tmp/artifacts/bzt.log
[2020-10-05 13:00:23,468 WARNING root] Done performing with code: 1
[2020-10-05 13:00:23,475 DEBUG root] Closing log handler: /tmp/artifacts/bzt.log
[2020-10-05 13:01:26,416 INFO root] Taurus CLI Tool v1.15.0
[2020-10-05 13:01:26,418 DEBUG root] Command-line options: {'log': '/tmp/artifacts/bzt.log', 'option': None, 'quiet': None, 'verbose': None, 'no_system_configs': None, 'aliases': []}
[2020-10-05 13:01:26,420 DEBUG root] Python: CPython 3.6.9
[2020-10-05 13:01:26,421 DEBUG root] OS: uname_result(system='Linux', node='352cc327edb9', release='4.19.76-linuxkit', version='#1 SMP Tue May 26 11:42:35 UTC 2020', machine='x86_64', processor='x86_64')
[2020-10-05 13:01:26,424 INFO root] Starting with configs: ['/Users/sreelesh/Documents/USTGlobal/perf/perf_scripts/smartfrog.yaml']
[2020-10-05 13:01:26,432 DEBUG root] Using personal config: /root/.bzt-rc
[2020-10-05 13:01:26,434 INFO Engine] Configuring...
[2020-10-05 13:01:26,435 DEBUG Engine] Reading system configs from: /etc/bzt.d
[2020-10-05 13:01:26,567 DEBUG Engine] Base configs list: ['/usr/local/lib/python3.6/dist-packages/bzt/resources/10-base-config.yml', '/etc/bzt.d/50-pbench-enhanced.json', '/etc/bzt.d/90-artifacts-dir.json', '/etc/bzt.d/99-zinstallID.json']
[2020-10-05 13:01:26,568 DEBUG Engine.Configuration] Configs: ['/usr/local/lib/python3.6/dist-packages/bzt/resources/10-base-config.yml', '/etc/bzt.d/50-pbench-enhanced.json', '/etc/bzt.d/90-artifacts-dir.json', '/etc/bzt.d/99-zinstallID.json']
[2020-10-05 13:01:26,569 DEBUG Engine.Configuration] Reading /usr/local/lib/python3.6/dist-packages/bzt/resources/10-base-config.yml as YAML
[2020-10-05 13:01:26,618 DEBUG Engine.Configuration] Reading /etc/bzt.d/50-pbench-enhanced.json as YAML
[2020-10-05 13:01:26,621 DEBUG Engine.Configuration] Reading /etc/bzt.d/90-artifacts-dir.json as YAML
[2020-10-05 13:01:26,624 DEBUG Engine.Configuration] Reading /etc/bzt.d/99-zinstallID.json as YAML
[2020-10-05 13:01:26,626 DEBUG Engine] User configs list: ['/root/.bzt-rc', '/Users/sreelesh/Documents/USTGlobal/perf/perf_scripts/smartfrog.yaml']
[2020-10-05 13:01:26,627 DEBUG Engine.Configuration] Configs: ['/root/.bzt-rc', '/Users/sreelesh/Documents/USTGlobal/perf/perf_scripts/smartfrog.yaml']
[2020-10-05 13:01:26,631 DEBUG Engine.Configuration] Reading /root/.bzt-rc as YAML
[2020-10-05 13:01:26,639 ERROR root] Config Error: Error when reading config file '/Users/sreelesh/Documents/USTGlobal/perf/perf_scripts/smartfrog.yaml': [Errno 2] No such file or directory: '/Users/sreelesh/Documents/USTGlobal/perf/perf_scripts/smartfrog.yaml'
[2020-10-05 13:01:26,642 DEBUG root] TaurusConfigError: Error when reading config file '/Users/sreelesh/Documents/USTGlobal/perf/perf_scripts/smartfrog.yaml': [Errno 2] No such file or directory: '/Users/sreelesh/Documents/USTGlobal/perf/perf_scripts/smartfrog.yaml'
  File "/usr/local/lib/python3.6/dist-packages/bzt/cli.py", line 255, in perform
    self.__configure(configs)
  File "/usr/local/lib/python3.6/dist-packages/bzt/cli.py", line 168, in __configure
    merged_config = self.engine.configure([bzt_rc] + configs, not self.options.no_system_configs)
  File "/usr/local/lib/python3.6/dist-packages/bzt/engine/engine.py", line 123, in configure
    merged_config = self._load_user_configs(user_configs)
  File "/usr/local/lib/python3.6/dist-packages/bzt/engine/engine.py", line 600, in _load_user_configs
    self.config.load(user_configs)
  File "/usr/local/lib/python3.6/dist-packages/bzt/engine/dicts.py", line 170, in load
    raise TaurusConfigError("Error when reading config file '%s': %s" % (config_file, exc))
[2020-10-05 13:01:26,644 INFO Engine] Post-processing...
[2020-10-05 13:01:26,645 INFO root] Artifacts dir: None
[2020-10-05 13:01:26,648 INFO root] Log file: /tmp/artifacts/bzt.log
[2020-10-05 13:01:26,650 WARNING root] Done performing with code: 1
[2020-10-05 13:01:26,652 DEBUG root] Closing log handler: /tmp/artifacts/bzt.log
[2020-10-05 13:26:48,690 INFO root] Taurus CLI Tool v1.15.0
[2020-10-05 13:26:48,694 DEBUG root] Command-line options: {'log': '/tmp/artifacts/bzt.log', 'option': None, 'quiet': None, 'verbose': None, 'no_system_configs': None, 'aliases': []}
[2020-10-05 13:26:48,696 DEBUG root] Python: CPython 3.6.9
[2020-10-05 13:26:48,698 DEBUG root] OS: uname_result(system='Linux', node='de59166d6e78', release='4.19.76-linuxkit', version='#1 SMP Tue May 26 11:42:35 UTC 2020', machine='x86_64', processor='x86_64')
[2020-10-05 13:26:48,705 INFO root] Starting with configs: ['/Users/sreelesh/Documents/USTGlobal/perf/perf_scripts/smartfrog.yaml']
[2020-10-05 13:26:48,709 DEBUG root] Using personal config: /root/.bzt-rc
[2020-10-05 13:26:48,713 INFO Engine] Configuring...
[2020-10-05 13:26:48,719 DEBUG Engine] Reading system configs from: /etc/bzt.d
[2020-10-05 13:26:48,842 DEBUG Engine] Base configs list: ['/usr/local/lib/python3.6/dist-packages/bzt/resources/10-base-config.yml', '/etc/bzt.d/50-pbench-enhanced.json', '/etc/bzt.d/90-artifacts-dir.json', '/etc/bzt.d/99-zinstallID.json']
[2020-10-05 13:26:48,843 DEBUG Engine.Configuration] Configs: ['/usr/local/lib/python3.6/dist-packages/bzt/resources/10-base-config.yml', '/etc/bzt.d/50-pbench-enhanced.json', '/etc/bzt.d/90-artifacts-dir.json', '/etc/bzt.d/99-zinstallID.json']
[2020-10-05 13:26:48,844 DEBUG Engine.Configuration] Reading /usr/local/lib/python3.6/dist-packages/bzt/resources/10-base-config.yml as YAML
[2020-10-05 13:26:48,887 DEBUG Engine.Configuration] Reading /etc/bzt.d/50-pbench-enhanced.json as YAML
[2020-10-05 13:26:48,889 DEBUG Engine.Configuration] Reading /etc/bzt.d/90-artifacts-dir.json as YAML
[2020-10-05 13:26:48,892 DEBUG Engine.Configuration] Reading /etc/bzt.d/99-zinstallID.json as YAML
[2020-10-05 13:26:48,893 DEBUG Engine] User configs list: ['/root/.bzt-rc', '/Users/sreelesh/Documents/USTGlobal/perf/perf_scripts/smartfrog.yaml']
[2020-10-05 13:26:48,894 DEBUG Engine.Configuration] Configs: ['/root/.bzt-rc', '/Users/sreelesh/Documents/USTGlobal/perf/perf_scripts/smartfrog.yaml']
[2020-10-05 13:26:48,896 DEBUG Engine.Configuration] Reading /root/.bzt-rc as YAML
[2020-10-05 13:26:48,903 ERROR root] Config Error: Error when reading config file '/Users/sreelesh/Documents/USTGlobal/perf/perf_scripts/smartfrog.yaml': [Errno 2] No such file or directory: '/Users/sreelesh/Documents/USTGlobal/perf/perf_scripts/smartfrog.yaml'
[2020-10-05 13:26:48,908 DEBUG root] TaurusConfigError: Error when reading config file '/Users/sreelesh/Documents/USTGlobal/perf/perf_scripts/smartfrog.yaml': [Errno 2] No such file or directory: '/Users/sreelesh/Documents/USTGlobal/perf/perf_scripts/smartfrog.yaml'
  File "/usr/local/lib/python3.6/dist-packages/bzt/cli.py", line 255, in perform
    self.__configure(configs)
  File "/usr/local/lib/python3.6/dist-packages/bzt/cli.py", line 168, in __configure
    merged_config = self.engine.configure([bzt_rc] + configs, not self.options.no_system_configs)
  File "/usr/local/lib/python3.6/dist-packages/bzt/engine/engine.py", line 123, in configure
    merged_config = self._load_user_configs(user_configs)
  File "/usr/local/lib/python3.6/dist-packages/bzt/engine/engine.py", line 600, in _load_user_configs
    self.config.load(user_configs)
  File "/usr/local/lib/python3.6/dist-packages/bzt/engine/dicts.py", line 170, in load
    raise TaurusConfigError("Error when reading config file '%s': %s" % (config_file, exc))
[2020-10-05 13:26:48,909 INFO Engine] Post-processing...
[2020-10-05 13:26:48,910 INFO root] Artifacts dir: None
[2020-10-05 13:26:48,913 INFO root] Log file: /tmp/artifacts/bzt.log
[2020-10-05 13:26:48,916 WARNING root] Done performing with code: 1
[2020-10-05 13:26:48,921 DEBUG root] Closing log handler: /tmp/artifacts/bzt.log
[2020-10-05 13:41:13,112 INFO root] Taurus CLI Tool v1.15.0
[2020-10-05 13:41:13,116 DEBUG root] Command-line options: {'log': '/tmp/artifacts/bzt.log', 'option': None, 'quiet': None, 'verbose': None, 'no_system_configs': None, 'aliases': []}
[2020-10-05 13:41:13,122 DEBUG root] Python: CPython 3.6.9
[2020-10-05 13:41:13,124 DEBUG root] OS: uname_result(system='Linux', node='2809bdb64602', release='4.19.76-linuxkit', version='#1 SMP Tue May 26 11:42:35 UTC 2020', machine='x86_64', processor='x86_64')
[2020-10-05 13:41:13,128 INFO root] Starting with configs: ['/Users/sreelesh/Documents/USTGlobal/perf/perf_scripts/test.yaml']
[2020-10-05 13:41:13,137 DEBUG root] Using personal config: /root/.bzt-rc
[2020-10-05 13:41:13,138 INFO Engine] Configuring...
[2020-10-05 13:41:13,139 DEBUG Engine] Reading system configs from: /etc/bzt.d
[2020-10-05 13:41:13,223 DEBUG Engine] Base configs list: ['/usr/local/lib/python3.6/dist-packages/bzt/resources/10-base-config.yml', '/etc/bzt.d/50-pbench-enhanced.json', '/etc/bzt.d/90-artifacts-dir.json', '/etc/bzt.d/99-zinstallID.json']
[2020-10-05 13:41:13,224 DEBUG Engine.Configuration] Configs: ['/usr/local/lib/python3.6/dist-packages/bzt/resources/10-base-config.yml', '/etc/bzt.d/50-pbench-enhanced.json', '/etc/bzt.d/90-artifacts-dir.json', '/etc/bzt.d/99-zinstallID.json']
[2020-10-05 13:41:13,225 DEBUG Engine.Configuration] Reading /usr/local/lib/python3.6/dist-packages/bzt/resources/10-base-config.yml as YAML
[2020-10-05 13:41:13,264 DEBUG Engine.Configuration] Reading /etc/bzt.d/50-pbench-enhanced.json as YAML
[2020-10-05 13:41:13,266 DEBUG Engine.Configuration] Reading /etc/bzt.d/90-artifacts-dir.json as YAML
[2020-10-05 13:41:13,268 DEBUG Engine.Configuration] Reading /etc/bzt.d/99-zinstallID.json as YAML
[2020-10-05 13:41:13,270 DEBUG Engine] User configs list: ['/root/.bzt-rc', '/Users/sreelesh/Documents/USTGlobal/perf/perf_scripts/test.yaml']
[2020-10-05 13:41:13,271 DEBUG Engine.Configuration] Configs: ['/root/.bzt-rc', '/Users/sreelesh/Documents/USTGlobal/perf/perf_scripts/test.yaml']
[2020-10-05 13:41:13,272 DEBUG Engine.Configuration] Reading /root/.bzt-rc as YAML
[2020-10-05 13:41:13,279 ERROR root] Config Error: Error when reading config file '/Users/sreelesh/Documents/USTGlobal/perf/perf_scripts/test.yaml': [Errno 2] No such file or directory: '/Users/sreelesh/Documents/USTGlobal/perf/perf_scripts/test.yaml'
[2020-10-05 13:41:13,283 DEBUG root] TaurusConfigError: Error when reading config file '/Users/sreelesh/Documents/USTGlobal/perf/perf_scripts/test.yaml': [Errno 2] No such file or directory: '/Users/sreelesh/Documents/USTGlobal/perf/perf_scripts/test.yaml'
  File "/usr/local/lib/python3.6/dist-packages/bzt/cli.py", line 255, in perform
    self.__configure(configs)
  File "/usr/local/lib/python3.6/dist-packages/bzt/cli.py", line 168, in __configure
    merged_config = self.engine.configure([bzt_rc] + configs, not self.options.no_system_configs)
  File "/usr/local/lib/python3.6/dist-packages/bzt/engine/engine.py", line 123, in configure
    merged_config = self._load_user_configs(user_configs)
  File "/usr/local/lib/python3.6/dist-packages/bzt/engine/engine.py", line 600, in _load_user_configs
    self.config.load(user_configs)
  File "/usr/local/lib/python3.6/dist-packages/bzt/engine/dicts.py", line 170, in load
    raise TaurusConfigError("Error when reading config file '%s': %s" % (config_file, exc))
[2020-10-05 13:41:13,285 INFO Engine] Post-processing...
[2020-10-05 13:41:13,286 INFO root] Artifacts dir: None
[2020-10-05 13:41:13,288 INFO root] Log file: /tmp/artifacts/bzt.log
[2020-10-05 13:41:13,291 WARNING root] Done performing with code: 1
[2020-10-05 13:41:13,300 DEBUG root] Closing log handler: /tmp/artifacts/bzt.log
[2020-10-05 13:49:22,141 INFO root] Taurus CLI Tool v1.15.0
[2020-10-05 13:49:22,144 DEBUG root] Command-line options: {'log': '/tmp/artifacts/bzt.log', 'option': None, 'quiet': None, 'verbose': None, 'no_system_configs': None, 'aliases': []}
[2020-10-05 13:49:22,146 DEBUG root] Python: CPython 3.6.9
[2020-10-05 13:49:22,149 DEBUG root] OS: uname_result(system='Linux', node='3912fa271b5c', release='4.19.76-linuxkit', version='#1 SMP Tue May 26 11:42:35 UTC 2020', machine='x86_64', processor='x86_64')
[2020-10-05 13:49:22,153 INFO root] Starting with configs: ['test.yaml']
[2020-10-05 13:49:22,161 DEBUG root] Using personal config: /root/.bzt-rc
[2020-10-05 13:49:22,163 INFO Engine] Configuring...
[2020-10-05 13:49:22,165 DEBUG Engine] Reading system configs from: /etc/bzt.d
[2020-10-05 13:49:22,280 DEBUG Engine] Base configs list: ['/usr/local/lib/python3.6/dist-packages/bzt/resources/10-base-config.yml', '/etc/bzt.d/50-pbench-enhanced.json', '/etc/bzt.d/90-artifacts-dir.json', '/etc/bzt.d/99-zinstallID.json']
[2020-10-05 13:49:22,281 DEBUG Engine.Configuration] Configs: ['/usr/local/lib/python3.6/dist-packages/bzt/resources/10-base-config.yml', '/etc/bzt.d/50-pbench-enhanced.json', '/etc/bzt.d/90-artifacts-dir.json', '/etc/bzt.d/99-zinstallID.json']
[2020-10-05 13:49:22,282 DEBUG Engine.Configuration] Reading /usr/local/lib/python3.6/dist-packages/bzt/resources/10-base-config.yml as YAML
[2020-10-05 13:49:22,319 DEBUG Engine.Configuration] Reading /etc/bzt.d/50-pbench-enhanced.json as YAML
[2020-10-05 13:49:22,321 DEBUG Engine.Configuration] Reading /etc/bzt.d/90-artifacts-dir.json as YAML
[2020-10-05 13:49:22,323 DEBUG Engine.Configuration] Reading /etc/bzt.d/99-zinstallID.json as YAML
[2020-10-05 13:49:22,324 DEBUG Engine] User configs list: ['/root/.bzt-rc', 'test.yaml']
[2020-10-05 13:49:22,325 DEBUG Engine.Configuration] Configs: ['/root/.bzt-rc', 'test.yaml']
[2020-10-05 13:49:22,327 DEBUG Engine.Configuration] Reading /root/.bzt-rc as YAML
[2020-10-05 13:49:22,334 ERROR root] Config Error: Error when reading config file 'test.yaml': [Errno 2] No such file or directory: 'test.yaml'
[2020-10-05 13:49:22,340 DEBUG root] TaurusConfigError: Error when reading config file 'test.yaml': [Errno 2] No such file or directory: 'test.yaml'
  File "/usr/local/lib/python3.6/dist-packages/bzt/cli.py", line 255, in perform
    self.__configure(configs)
  File "/usr/local/lib/python3.6/dist-packages/bzt/cli.py", line 168, in __configure
    merged_config = self.engine.configure([bzt_rc] + configs, not self.options.no_system_configs)
  File "/usr/local/lib/python3.6/dist-packages/bzt/engine/engine.py", line 123, in configure
    merged_config = self._load_user_configs(user_configs)
  File "/usr/local/lib/python3.6/dist-packages/bzt/engine/engine.py", line 600, in _load_user_configs
    self.config.load(user_configs)
  File "/usr/local/lib/python3.6/dist-packages/bzt/engine/dicts.py", line 170, in load
    raise TaurusConfigError("Error when reading config file '%s': %s" % (config_file, exc))
[2020-10-05 13:49:22,341 INFO Engine] Post-processing...
[2020-10-05 13:49:22,342 INFO root] Artifacts dir: None
[2020-10-05 13:49:22,346 INFO root] Log file: /tmp/artifacts/bzt.log
[2020-10-05 13:49:22,352 WARNING root] Done performing with code: 1
[2020-10-05 13:49:22,367 DEBUG root] Closing log handler: /tmp/artifacts/bzt.log
[2020-10-05 13:50:43,599 INFO root] Taurus CLI Tool v1.15.0
[2020-10-05 13:50:43,604 DEBUG root] Command-line options: {'log': '/tmp/artifacts/bzt.log', 'option': None, 'quiet': None, 'verbose': None, 'no_system_configs': None, 'aliases': []}
[2020-10-05 13:50:43,606 DEBUG root] Python: CPython 3.6.9
[2020-10-05 13:50:43,607 DEBUG root] OS: uname_result(system='Linux', node='969e2948878d', release='4.19.76-linuxkit', version='#1 SMP Tue May 26 11:42:35 UTC 2020', machine='x86_64', processor='x86_64')
[2020-10-05 13:50:43,609 INFO root] Starting with configs: ['test.yml']
[2020-10-05 13:50:43,610 DEBUG root] Using personal config: /root/.bzt-rc
[2020-10-05 13:50:43,613 INFO Engine] Configuring...
[2020-10-05 13:50:43,614 DEBUG Engine] Reading system configs from: /etc/bzt.d
[2020-10-05 13:50:43,690 DEBUG Engine] Base configs list: ['/usr/local/lib/python3.6/dist-packages/bzt/resources/10-base-config.yml', '/etc/bzt.d/50-pbench-enhanced.json', '/etc/bzt.d/90-artifacts-dir.json', '/etc/bzt.d/99-zinstallID.json']
[2020-10-05 13:50:43,691 DEBUG Engine.Configuration] Configs: ['/usr/local/lib/python3.6/dist-packages/bzt/resources/10-base-config.yml', '/etc/bzt.d/50-pbench-enhanced.json', '/etc/bzt.d/90-artifacts-dir.json', '/etc/bzt.d/99-zinstallID.json']
[2020-10-05 13:50:43,692 DEBUG Engine.Configuration] Reading /usr/local/lib/python3.6/dist-packages/bzt/resources/10-base-config.yml as YAML
[2020-10-05 13:50:43,728 DEBUG Engine.Configuration] Reading /etc/bzt.d/50-pbench-enhanced.json as YAML
[2020-10-05 13:50:43,730 DEBUG Engine.Configuration] Reading /etc/bzt.d/90-artifacts-dir.json as YAML
[2020-10-05 13:50:43,731 DEBUG Engine.Configuration] Reading /etc/bzt.d/99-zinstallID.json as YAML
[2020-10-05 13:50:43,732 DEBUG Engine] User configs list: ['/root/.bzt-rc', 'test.yml']
[2020-10-05 13:50:43,733 DEBUG Engine.Configuration] Configs: ['/root/.bzt-rc', 'test.yml']
[2020-10-05 13:50:43,734 DEBUG Engine.Configuration] Reading /root/.bzt-rc as YAML
[2020-10-05 13:50:43,748 DEBUG Engine.Configuration] Reading test.yml as YAML
[2020-10-05 13:50:43,756 DEBUG Engine.Configuration] Configs: ['/root/.bzt-rc', 'test.yml']
[2020-10-05 13:50:43,757 DEBUG Engine.Configuration] Reading /root/.bzt-rc as YAML
[2020-10-05 13:50:43,769 DEBUG Engine.Configuration] Reading test.yml as YAML
[2020-10-05 13:50:43,777 DEBUG Engine] Requesting updates info: https://gettaurus.org/updates/?version=1.15.0&installID=Docker
[2020-10-05 13:50:43,778 INFO Engine] Artifacts dir: /tmp/artifacts
[2020-10-05 13:50:43,779 DEBUG HTTPClient] Making HTTP request GET https://gettaurus.org/updates/?version=1.15.0&installID=Docker
[2020-10-05 13:50:43,785 DEBUG urllib3.connectionpool] Starting new HTTPS connection (1): gettaurus.org:443
[2020-10-05 13:50:43,786 DEBUG Engine] New artifact filename: /tmp/artifacts/effective
[2020-10-05 13:50:43,804 DEBUG Engine.Configuration] Dumping YAML config into /tmp/artifacts/effective.yml
[2020-10-05 13:50:43,846 DEBUG Engine.Configuration] Dumping JSON config into /tmp/artifacts/effective.json
[2020-10-05 13:50:43,851 DEBUG Engine] New artifact filename: /tmp/artifacts/merged-1.yml
[2020-10-05 13:50:43,854 DEBUG Engine.Configuration] Dumping YAML config into /tmp/artifacts/merged-1.yml
[2020-10-05 13:50:43,862 DEBUG Engine] New artifact filename: /tmp/artifacts/merged-1.json
[2020-10-05 13:50:43,865 DEBUG Engine.Configuration] Dumping JSON config into /tmp/artifacts/merged-1.json
[2020-10-05 13:50:43,868 DEBUG Engine] Add existing artifact (move=False): test.yml
[2020-10-05 13:50:43,870 DEBUG Engine] Copying test.yml to /tmp/artifacts/test.yml
[2020-10-05 13:50:43,883 DEBUG Engine] Set PYTHONPATH to '/root/.bzt/python-packages/3.6.9' + '/tmp/artifacts/python-packages/3.6.9' + 
[2020-10-05 13:50:43,884 DEBUG Engine] Content of user packages dir: %s
[2020-10-05 13:50:43,885 DEBUG Engine] OS env: OBJC_DISABLE_INITIALIZE_FORK_SAFETY=YES
[2020-10-05 13:50:43,886 DEBUG Engine] OS env: TAURUS_ARTIFACTS_DIR=/tmp/artifacts
[2020-10-05 13:50:43,887 DEBUG root] Closing log handler: /tmp/artifacts/bzt.log
[2020-10-05 13:50:43,892 DEBUG root] Switched writing logs to /tmp/artifacts/bzt.log
[2020-10-05 13:50:43,893 DEBUG root] Linting config
[2020-10-05 13:50:43,896 INFO Engine] Preparing...
[2020-10-05 13:50:43,901 DEBUG Engine] Module config: consolidator {'class': 'bzt.modules.aggregator.ConsolidatingAggregator'}
[2020-10-05 13:50:43,902 DEBUG root] Importing module: bzt.modules.aggregator
[2020-10-05 13:50:44,121 DEBUG root] Loading class: 'ConsolidatingAggregator' from <module 'bzt.modules.aggregator' from '/usr/local/lib/python3.6/dist-packages/bzt/modules/aggregator.py'>
[2020-10-05 13:50:44,122 DEBUG Engine.consolidator] Buffer scaling setup: percentile 95.0 from [0.0, 50.0, 90.0, 95.0, 99.0, 99.9, 100.0] selected
[2020-10-05 13:50:44,123 DEBUG Engine] Module config: monitoring {'class': 'bzt.modules.monitoring.Monitoring'}
[2020-10-05 13:50:44,124 DEBUG root] Importing module: bzt.modules.monitoring
[2020-10-05 13:50:44,127 DEBUG root] Loading class: 'Monitoring' from <module 'bzt.modules.monitoring' from '/usr/local/lib/python3.6/dist-packages/bzt/modules/monitoring.py'>
[2020-10-05 13:50:44,128 DEBUG Engine] Module config: local {'class': 'bzt.modules.provisioning.Local'}
[2020-10-05 13:50:44,129 DEBUG root] Importing module: bzt.modules.provisioning
[2020-10-05 13:50:44,129 DEBUG root] Loading class: 'Local' from <module 'bzt.modules.provisioning' from '/usr/local/lib/python3.6/dist-packages/bzt/modules/provisioning.py'>
[2020-10-05 13:50:44,131 DEBUG Engine] Module config: jmeter {'class': 'bzt.modules.jmeter.JMeterExecutor', 'protocol-handlers': {'http': 'bzt.jmx.http.HTTPProtocolHandler'}, 'plugins': ['jpgc-casutg', 'jpgc-dummy', 'jpgc-ffw', 'jpgc-fifo', 'jpgc-functions', 'jpgc-json', 'jpgc-perfmon', 'jpgc-prmctl', 'jpgc-tst'], 'properties': {'jmeter.save.saveservice.autoflush': 'true', 'jmeter.save.saveservice.connect_time': 'true', 'jmeterengine.force.system.exit': 'true', 'summariser.name': ''}}
[2020-10-05 13:50:44,132 DEBUG root] Importing module: bzt.modules.jmeter
[2020-10-05 13:50:44,149 DEBUG root] Loading class: 'JMeterExecutor' from <module 'bzt.modules.jmeter' from '/usr/local/lib/python3.6/dist-packages/bzt/modules/jmeter.py'>
[2020-10-05 13:50:44,150 DEBUG Engine.local] Preparing executor: jmeter/140390594756792
[2020-10-05 13:50:44,153 DEBUG Engine] New artifact filename: /tmp/artifacts/jmeter-1.log
[2020-10-05 13:50:44,154 DEBUG Engine.jmeter] Checking if port 4445 is free
[2020-10-05 13:50:44,155 DEBUG Engine.jmeter] Port 4445 is free
[2020-10-05 13:50:44,156 DEBUG Engine.jmeter] Using port 4445 for management
[2020-10-05 13:50:44,159 DEBUG Engine] New artifact filename: /tmp/artifacts/requests-1.jmx
[2020-10-05 13:50:44,161 DEBUG root] Importing module: bzt.jmx.http
[2020-10-05 13:50:44,162 DEBUG root] Loading class: 'HTTPProtocolHandler' from <module 'bzt.jmx.http' from '/usr/local/lib/python3.6/dist-packages/bzt/jmx/http.py'>
[2020-10-05 13:50:44,168 DEBUG JMeterScenarioBuilder] Saving JMX to: /tmp/artifacts/requests-1.jmx
[2020-10-05 13:50:44,181 DEBUG Engine.jmeter] Additional system properties {'sun.net.inetaddr.ttl': 0}
[2020-10-05 13:50:44,185 DEBUG Engine] New artifact filename: /tmp/artifacts/system-1.properties
[2020-10-05 13:50:44,191 DEBUG Engine.jmeter] Additional properties: {'jmeter.save.saveservice.autoflush': 'true', 'jmeter.save.saveservice.connect_time': 'true', 'jmeterengine.force.system.exit': 'true', 'summariser.name': '', 'jmeterengine.nongui.port': 4445, 'jmeterengine.nongui.maxport': 4445, 'jmeter.save.saveservice.timestamp_format': 'ms', 'sampleresult.default.encoding': 'UTF-8', 'user.classpath': '/tmp/artifacts:/tmp/artifacts'}
[2020-10-05 13:50:44,195 DEBUG Engine] New artifact filename: /tmp/artifacts/jmeter-bzt-1.properties
[2020-10-05 13:50:44,202 DEBUG Engine.jmeter.JavaVM] Trying JavaVM: ['java', '-version']
[2020-10-05 13:50:44,204 DEBUG root] Executing shell: ['java', '-version'] at .
[2020-10-05 13:50:44,504 DEBUG Engine.jmeter.JavaVM] JavaVM output: openjdk version "1.8.0_265"
OpenJDK Runtime Environment (build 1.8.0_265-8u265-b01-0ubuntu2~18.04-b01)
OpenJDK 64-Bit Server VM (build 25.265-b01, mixed mode)

[2020-10-05 13:50:44,507 DEBUG Engine.jmeter.TclLibrary] We don't need to check tcl library on this platform
[2020-10-05 13:50:44,508 DEBUG Engine.jmeter.JMeter] Trying JMeter..
[2020-10-05 13:50:44,511 DEBUG root] Executing shell: ['/root/.bzt/jmeter-taurus/5.2.1/bin/jmeter.sh', '-j', '/tmp/jmeter0wcawru7log', '--version'] at .
[2020-10-05 13:50:45,074 DEBUG urllib3.connectionpool] https://gettaurus.org:443 "GET /updates/?version=1.15.0&installID=Docker HTTP/1.1" 200 40
[2020-10-05 13:50:45,077 DEBUG Engine] Taurus updates info: {'latest': '1.15.0', 'needsUpgrade': False}
[2020-10-05 13:50:45,078 DEBUG Engine] Installation is up-to-date
[2020-10-05 13:50:47,976 DEBUG Engine.jmeter.JMeter] JMeter check:     _    ____   _    ____ _   _ _____       _ __  __ _____ _____ _____ ____
   / \  |  _ \ / \  / ___| | | | ____|     | |  \/  | ____|_   _| ____|  _ \
  / _ \ | |_) / _ \| |   | |_| |  _|    _  | | |\/| |  _|   | | |  _| | |_) |
 / ___ \|  __/ ___ \ |___|  _  | |___  | |_| | |  | | |___  | | | |___|  _ <
/_/   \_\_| /_/   \_\____|_| |_|_____|  \___/|_|  |_|_____| |_| |_____|_| \_\ 5.2.1

Copyright (c) 1999-2019 The Apache Software Foundation

 / 
[2020-10-05 13:50:47,992 DEBUG Engine] New artifact filename: /tmp/artifacts/kpi-1.jtl
[2020-10-05 13:50:47,997 DEBUG Engine] New artifact filename: /tmp/artifacts/error-1.jtl
[2020-10-05 13:50:47,999 DEBUG Engine.jmeter.LoadSettingsProcessor] Load: LoadSpec(concurrency=10, throughput=None, ramp_up=60.0, hold=150.0, iterations=0, duration=210.0, steps=None)
[2020-10-05 13:50:48,002 DEBUG Engine.jmeter.LoadSettingsProcessor.ThreadGroupHandler] Converting ThreadGroup (simple) to ConcurrencyThreadGroup and apply load parameters
[2020-10-05 13:50:48,005 DEBUG Engine] New artifact filename: /tmp/artifacts/modified_requests-1.jmx
[2020-10-05 13:50:48,006 DEBUG JMX] Saving JMX to: /tmp/artifacts/modified_requests-1.jmx
[2020-10-05 13:50:48,016 DEBUG root] Executing shell: ['/root/.bzt/jmeter-taurus/5.2.1/bin/PluginsManagerCMD.sh', 'install-for-jmx', '/tmp/artifacts/modified_requests-1.jmx'] at .
[2020-10-05 13:50:55,402 DEBUG Engine.jmeter.JMeter] Try to detect plugins for /tmp/artifacts/modified_requests-1.jmx
2020-10-05 13:50:50,285 INFO o.j.r.PluginManagerCMD: Command is: install-for-jmx
2020-10-05 13:50:50,436 INFO o.j.r.JARSourceHTTP: Requesting https://jmeter-plugins.org/repo/?installID=linux-f7ed7a0a6e7f62578fe6f6979419dba1-nongui
2020-10-05 13:50:53,772 INFO o.j.r.PluginManager: Plugins Status: [jpgc-functions=2.1, jpgc-casutg=2.9, jpgc-dummy=0.4, jpgc-ffw=2.0, jpgc-fifo=0.2, jpgc-json=2.7, jpgc-prmctl=0.4, jpgc-perfmon=2.1, jpgc-plugins-manager=1.3, jpgc-tst=2.5, jmeter-core=5.2.1, jmeter-ftp=5.2.1, jmeter-http=5.2.1, jmeter-jdbc=5.2.1, jmeter-jms=5.2.1, jmeter-junit=5.2.1, jmeter-java=5.2.1, jmeter-ldap=5.2.1, jmeter-mail=5.2.1, jmeter-mongodb=5.2.1, jmeter-native=5.2.1, jmeter-tcp=5.2.1, jmeter-components=5.2.1]
2020-10-05 13:50:53,779 INFO o.j.r.PluginManagerCMD: Params line is: /tmp/artifacts/modified_requests-1.jmx
2020-10-05 13:50:54,721 INFO o.a.j.s.SaveService: Testplan (JMX) version: 2.2. Testlog (JTL) version: 2.2
2020-10-05 13:50:54,762 INFO o.a.j.s.SaveService: Using SaveService properties file encoding UTF-8
2020-10-05 13:50:54,778 INFO o.a.j.s.SaveService: Using SaveService properties version 5.0
2020-10-05 13:50:54,910 INFO o.a.j.p.h.c.CacheManager: Will only cache the following methods: [GET]
2020-10-05 13:50:54,925 INFO o.a.j.p.h.c.CookieManager: Settings: Delete null: true Check: true Allow variable: true Save: false Prefix: COOKIE_
2020-10-05 13:50:55,141 INFO o.a.j.p.h.s.HTTPSamplerBase: Parser for text/html is org.apache.jmeter.protocol.http.parser.LagartoBasedHtmlParser
2020-10-05 13:50:55,142 INFO o.a.j.p.h.s.HTTPSamplerBase: Parser for application/xhtml+xml is org.apache.jmeter.protocol.http.parser.LagartoBasedHtmlParser
2020-10-05 13:50:55,143 INFO o.a.j.p.h.s.HTTPSamplerBase: Parser for application/xml is org.apache.jmeter.protocol.http.parser.LagartoBasedHtmlParser
2020-10-05 13:50:55,146 INFO o.a.j.p.h.s.HTTPSamplerBase: Parser for text/xml is org.apache.jmeter.protocol.http.parser.LagartoBasedHtmlParser
2020-10-05 13:50:55,147 INFO o.a.j.p.h.s.HTTPSamplerBase: Parser for text/vnd.wap.wml is org.apache.jmeter.protocol.http.parser.RegexpHTMLParser
2020-10-05 13:50:55,149 INFO o.a.j.p.h.s.HTTPSamplerBase: Parser for text/css is org.apache.jmeter.protocol.http.parser.CssParser
2020-10-05 13:50:55,335 INFO o.j.r.PluginManager: Finishing without changes


[2020-10-05 13:50:55,408 DEBUG Engine] New artifact filename: /tmp/artifacts/jmeter-1.out
[2020-10-05 13:50:55,415 DEBUG Engine] New artifact filename: /tmp/artifacts/jmeter-1.err
[2020-10-05 13:50:55,420 DEBUG Engine] Module config: final-stats {'class': 'bzt.modules.reporting.FinalStatus'}
[2020-10-05 13:50:55,421 DEBUG root] Importing module: bzt.modules.reporting
[2020-10-05 13:50:55,454 DEBUG easyprocess] version=0.3
[2020-10-05 13:50:55,457 DEBUG pyvirtualdisplay] version=1.3.2
[2020-10-05 13:50:55,461 DEBUG root] Loading class: 'FinalStatus' from <module 'bzt.modules.reporting' from '/usr/local/lib/python3.6/dist-packages/bzt/modules/reporting.py'>
[2020-10-05 13:50:55,462 DEBUG Engine] Module config: console {'class': 'bzt.modules.console.ConsoleStatusReporter'}
[2020-10-05 13:50:55,463 DEBUG root] Importing module: bzt.modules.console
[2020-10-05 13:50:55,464 DEBUG root] Loading class: 'ConsoleStatusReporter' from <module 'bzt.modules.console' from '/usr/local/lib/python3.6/dist-packages/bzt/modules/console.py'>
[2020-10-05 13:50:55,465 DEBUG Engine] Module config: passfail {'class': 'bzt.modules.passfail.PassFailStatus'}
[2020-10-05 13:50:55,466 DEBUG root] Importing module: bzt.modules.passfail
[2020-10-05 13:50:55,467 DEBUG root] Loading class: 'PassFailStatus' from <module 'bzt.modules.passfail' from '/usr/local/lib/python3.6/dist-packages/bzt/modules/passfail.py'>
[2020-10-05 13:50:55,477 DEBUG root] Importing module: bzt.modules.passfail
[2020-10-05 13:50:55,478 DEBUG root] Loading class: 'DataCriterion' from <module 'bzt.modules.passfail' from '/usr/local/lib/python3.6/dist-packages/bzt/modules/passfail.py'>
[2020-10-05 13:50:55,479 DEBUG root] Importing module: bzt.modules.passfail
[2020-10-05 13:50:55,480 DEBUG root] Loading class: 'DataCriterion' from <module 'bzt.modules.passfail' from '/usr/local/lib/python3.6/dist-packages/bzt/modules/passfail.py'>
[2020-10-05 13:50:55,487 DEBUG Engine.Configuration] Dumping YAML config into /tmp/artifacts/effective.yml
[2020-10-05 13:50:55,525 DEBUG Engine.Configuration] Dumping JSON config into /tmp/artifacts/effective.json
[2020-10-05 13:50:55,529 INFO Engine] Starting...
[2020-10-05 13:50:55,532 DEBUG Engine] Startup <bzt.modules.monitoring.Monitoring object at 0x7faf48cd5a20>
[2020-10-05 13:50:55,534 DEBUG Engine] Startup <bzt.modules.aggregator.ConsolidatingAggregator object at 0x7faf48cd55c0>
[2020-10-05 13:50:55,537 DEBUG Engine] Startup <bzt.modules.reporting.FinalStatus object at 0x7faf3b85eba8>
[2020-10-05 13:50:55,539 DEBUG Engine] Startup <bzt.modules.console.ConsoleStatusReporter object at 0x7faf48cd1780>
[2020-10-05 13:50:55,541 INFO Engine.console] Waiting for results...
[2020-10-05 13:50:55,550 DEBUG Engine] Startup <bzt.modules.passfail.PassFailStatus object at 0x7faf3b81a908>
[2020-10-05 13:50:55,555 DEBUG Engine] Startup <bzt.modules.reporting.FinalStatus object at 0x7faf3b7c2a20>
[2020-10-05 13:50:55,565 DEBUG Engine] Startup <bzt.modules.provisioning.Local object at 0x7faf48d252e8>
[2020-10-05 13:50:55,569 DEBUG Engine.local] Delay setup for jmeter/simple: 0(start-at) + 0(delay) = 0
[2020-10-05 13:50:55,584 DEBUG Engine.Configuration] Dumping YAML config into /tmp/artifacts/effective.yml
[2020-10-05 13:50:55,640 DEBUG Engine.Configuration] Dumping JSON config into /tmp/artifacts/effective.json
[2020-10-05 13:50:55,643 DEBUG root] Leveling down log file verbosity to INFO, use -v option to have DEBUG messages enabled
[2020-10-05 13:50:55,645 DEBUG root] Leveled up log file verbosity
[2020-10-05 13:50:55,647 DEBUG root] Executing shell: ['/root/.bzt/jmeter-taurus/5.2.1/bin/jmeter.sh', '-t', '/tmp/artifacts/modified_requests-1.jmx', '-j', '/tmp/artifacts/jmeter-1.log', '-q', '/tmp/artifacts/jmeter-bzt-1.properties', '-n', '-S', '/tmp/artifacts/system-1.properties'] at /bzt-configs
[2020-10-05 13:50:55,656 DEBUG Engine.local] Starting execution: jmeter/simple, rest of available slots: 9223372036854775806
[2020-10-05 13:50:55,658 DEBUG root] Leveling down log file verbosity to INFO, use -v option to have DEBUG messages enabled
[2020-10-05 13:50:55,888 INFO Engine.console] Waiting for finish...
[2020-10-05 13:55:54,454 INFO Engine.jmeter.JTLReader] Changed data analysis delay to 503s
[2020-10-05 13:58:07,711 WARNING Engine] Please wait for graceful shutdown...
[2020-10-05 13:58:07,723 DEBUG root] Leveled up log file verbosity
[2020-10-05 13:58:07,729 INFO Engine] Shutting down...
[2020-10-05 13:58:07,737 DEBUG Engine] Current stop reason: 
[2020-10-05 13:58:07,739 DEBUG Engine.local] Shutdown jmeter/simple
[2020-10-05 13:58:08,747 INFO Engine.jmeter] Sending Shutdown command to JMeter on port 4445...
[2020-10-05 13:58:10,771 DEBUG Engine.jmeter] JMeter stopped on Shutdown command
[2020-10-05 13:58:10,775 DEBUG Engine.console] Restoring logging streams, [<StreamHandler (INFO)>]/{<StreamHandler (INFO)>: <_io.TextIOWrapper name='<stdout>' mode='w' encoding='UTF-8'>}
[2020-10-05 13:58:10,794 DEBUG Engine.Configuration] Dumping YAML config into /tmp/artifacts/effective.yml
[2020-10-05 13:58:10,867 DEBUG Engine.Configuration] Dumping JSON config into /tmp/artifacts/effective.json
[2020-10-05 13:58:10,871 WARNING root] Keyboard interrupt
[2020-10-05 13:58:10,879 DEBUG root] KeyboardInterrupt: 
  File "/usr/local/lib/python3.6/dist-packages/bzt/cli.py", line 260, in perform
    self.engine.run()
  File "/usr/local/lib/python3.6/dist-packages/bzt/engine/engine.py", line 269, in run
    reraise(exc_info, exc_value)
  File "/usr/local/lib/python3.6/dist-packages/bzt/utils.py", line 102, in reraise
    raise exc
  File "/usr/local/lib/python3.6/dist-packages/bzt/engine/engine.py", line 248, in run
    self._wait()
  File "/usr/local/lib/python3.6/dist-packages/bzt/engine/engine.py", line 297, in _wait
    time.sleep(delay)
[2020-10-05 13:58:10,881 INFO Engine] Post-processing...
[2020-10-05 13:58:10,883 DEBUG Engine.local] Post-process jmeter/simple
[2020-10-05 13:58:10,884 DEBUG Engine] Add existing artifact (move=True): /tmp/artifacts/modified_requests-1.jmx
[2020-10-05 13:58:10,885 DEBUG Engine] No need to copy /tmp/artifacts/modified_requests-1.jmx
[2020-10-05 13:58:10,928 DEBUG Engine.jmeter.JTLErrorsReader] Read bytes from error file: 17
[2020-10-05 13:58:10,947 DEBUG Engine.jmeter.JTLReader.IncrementalCSVReader] Read: 2 lines / 239 bytes (at speed 1048576)
[2020-10-05 13:58:10,950 DEBUG Engine.jmeter.JTLReader] Buffer len: 9; Known errors count: 7
[2020-10-05 13:58:10,953 DEBUG Engine.jmeter.JTLReader] Aggregating: 1601905872, 9 in buffer
[2020-10-05 13:58:10,955 DEBUG aggregator] Growing HDR from 252000.0 to 298000.0
[2020-10-05 13:58:10,968 DEBUG aggregator] Growing HDR from 252000.0 to 298000.0
[2020-10-05 13:58:10,984 DEBUG Engine.jmeter.JTLErrorsReader] Got error info for 1601905872, labels: dict_keys(['https://www.sf-test1.com/de-de', ''])
[2020-10-05 13:58:10,985 DEBUG aggregator] Growing HDR from 252000.0 to 298000.0
[2020-10-05 13:58:10,997 DEBUG aggregator] Growing HDR from 252000.0 to 298000.0
[2020-10-05 13:58:11,014 DEBUG Engine.jmeter.JTLReader] Aggregating: 1601905877, 8 in buffer
[2020-10-05 13:58:11,022 DEBUG Engine.jmeter.JTLReader] Aggregating: 1601905883, 7 in buffer
[2020-10-05 13:58:11,027 DEBUG Engine.jmeter.JTLErrorsReader] Got error info for 1601905883, labels: dict_keys(['https://www.sf-test1.com/de-de', ''])
[2020-10-05 13:58:11,031 DEBUG Engine.jmeter.JTLReader] Aggregating: 1601905889, 6 in buffer
[2020-10-05 13:58:11,040 DEBUG Engine.jmeter.JTLReader] Aggregating: 1601905895, 5 in buffer
[2020-10-05 13:58:11,041 DEBUG aggregator] Growing HDR from 298000.0 to 383000.0
[2020-10-05 13:58:11,043 DEBUG aggregator] Growing HDR from 298000.0 to 383000.0
[2020-10-05 13:58:11,048 DEBUG Engine.jmeter.JTLErrorsReader] Got error info for 1601905895, labels: dict_keys(['https://www.sf-test1.com/de-de', ''])
[2020-10-05 13:58:11,049 DEBUG aggregator] Growing HDR from 298000.0 to 383000.0
[2020-10-05 13:58:11,052 DEBUG aggregator] Growing HDR from 298000.0 to 383000.0
[2020-10-05 13:58:11,055 DEBUG Engine.jmeter.JTLReader] Aggregating: 1601905901, 4 in buffer
[2020-10-05 13:58:11,063 DEBUG Engine.jmeter.JTLErrorsReader] Got error info for 1601905901, labels: dict_keys(['https://www.sf-test1.com/de-de', ''])
[2020-10-05 13:58:11,069 DEBUG Engine.jmeter.JTLReader] Aggregating: 1601905907, 3 in buffer
[2020-10-05 13:58:11,095 DEBUG Engine.jmeter.JTLErrorsReader] Got error info for 1601905907, labels: dict_keys(['https://www.sf-test1.com/de-de', ''])
[2020-10-05 13:58:11,100 DEBUG Engine.jmeter.JTLReader] Aggregating: 1601905913, 2 in buffer
[2020-10-05 13:58:11,107 DEBUG Engine.jmeter.JTLErrorsReader] Got error info for 1601905913, labels: dict_keys(['https://www.sf-test1.com/de-de', ''])
[2020-10-05 13:58:11,206 DEBUG Engine.jmeter.JTLReader] Aggregating: 1601905919, 1 in buffer
[2020-10-05 13:58:11,219 DEBUG Engine.jmeter.JTLErrorsReader] Got error info for 1601905919, labels: dict_keys(['https://www.sf-test1.com/de-de', ''])
[2020-10-05 13:58:11,246 DEBUG Engine.jmeter.JTLReader] Buffer len: 0; Known errors count: 7
[2020-10-05 13:58:11,247 DEBUG Engine.consolidator] Consolidator buffer[10]: dict_keys([1601905871, 1601905872, 1601905877, 1601905883, 1601905889, 1601905895, 1601905901, 1601905907, 1601905913, 1601905919])
[2020-10-05 13:58:11,248 DEBUG Engine.consolidator] Merging into 1601905871
[2020-10-05 13:58:11,249 DEBUG Engine.consolidator] Bypassing consolidation because of single result
[2020-10-05 13:58:11,496 DEBUG Engine.passfail] No label IndexPage in dict_keys(['https://www.sf-test1.com/de-de', ''])
[2020-10-05 13:58:11,497 DEBUG Engine.passfail] No label CheckoutPage in dict_keys(['https://www.sf-test1.com/de-de', ''])
[2020-10-05 13:58:11,498 DEBUG Engine.consolidator] Processed datapoint: 1601905871/ConsolidatingAggregator@140390817420736
[2020-10-05 13:58:11,500 DEBUG Engine.consolidator] Merging into 1601905872
[2020-10-05 13:58:11,501 DEBUG Engine.consolidator] Bypassing consolidation because of single result
[2020-10-05 13:58:11,503 DEBUG aggregator] Growing HDR from 252000.0 to 298000.0
[2020-10-05 13:58:11,514 DEBUG aggregator] Growing HDR from 252000.0 to 298000.0
[2020-10-05 13:58:11,765 DEBUG Engine.passfail] No label IndexPage in dict_keys(['https://www.sf-test1.com/de-de', ''])
[2020-10-05 13:58:11,767 DEBUG Engine.passfail] No label CheckoutPage in dict_keys(['https://www.sf-test1.com/de-de', ''])
[2020-10-05 13:58:11,768 DEBUG Engine.consolidator] Processed datapoint: 1601905872/ConsolidatingAggregator@140390817420736
[2020-10-05 13:58:11,769 DEBUG Engine.consolidator] Merging into 1601905877
[2020-10-05 13:58:11,770 DEBUG Engine.consolidator] Bypassing consolidation because of single result
[2020-10-05 13:58:11,957 DEBUG Engine.passfail] No label IndexPage in dict_keys(['https://www.sf-test1.com/de-de', ''])
[2020-10-05 13:58:11,958 DEBUG Engine.passfail] No label CheckoutPage in dict_keys(['https://www.sf-test1.com/de-de', ''])
[2020-10-05 13:58:11,959 DEBUG Engine.consolidator] Processed datapoint: 1601905877/ConsolidatingAggregator@140390817420736
[2020-10-05 13:58:11,960 DEBUG Engine.consolidator] Merging into 1601905883
[2020-10-05 13:58:11,961 DEBUG Engine.consolidator] Bypassing consolidation because of single result
[2020-10-05 13:58:12,199 DEBUG Engine.passfail] No label IndexPage in dict_keys(['https://www.sf-test1.com/de-de', ''])
[2020-10-05 13:58:12,200 DEBUG Engine.passfail] No label CheckoutPage in dict_keys(['https://www.sf-test1.com/de-de', ''])
[2020-10-05 13:58:12,201 DEBUG Engine.consolidator] Processed datapoint: 1601905883/ConsolidatingAggregator@140390817420736
[2020-10-05 13:58:12,202 DEBUG Engine.consolidator] Merging into 1601905889
[2020-10-05 13:58:12,204 DEBUG Engine.consolidator] Bypassing consolidation because of single result
[2020-10-05 13:58:12,353 DEBUG Engine.passfail] No label IndexPage in dict_keys(['https://www.sf-test1.com/de-de', ''])
[2020-10-05 13:58:12,353 DEBUG Engine.passfail] No label CheckoutPage in dict_keys(['https://www.sf-test1.com/de-de', ''])
[2020-10-05 13:58:12,354 DEBUG Engine.consolidator] Processed datapoint: 1601905889/ConsolidatingAggregator@140390817420736
[2020-10-05 13:58:12,355 DEBUG Engine.consolidator] Merging into 1601905895
[2020-10-05 13:58:12,356 DEBUG Engine.consolidator] Bypassing consolidation because of single result
[2020-10-05 13:58:12,357 DEBUG aggregator] Growing HDR from 298000.0 to 383000.0
[2020-10-05 13:58:12,358 DEBUG aggregator] Growing HDR from 298000.0 to 383000.0
[2020-10-05 13:58:12,594 DEBUG Engine.passfail] No label IndexPage in dict_keys(['https://www.sf-test1.com/de-de', ''])
[2020-10-05 13:58:12,595 DEBUG Engine.passfail] No label CheckoutPage in dict_keys(['https://www.sf-test1.com/de-de', ''])
[2020-10-05 13:58:12,596 DEBUG Engine.consolidator] Processed datapoint: 1601905895/ConsolidatingAggregator@140390817420736
[2020-10-05 13:58:12,597 DEBUG Engine.consolidator] Merging into 1601905901
[2020-10-05 13:58:12,598 DEBUG Engine.consolidator] Bypassing consolidation because of single result
[2020-10-05 13:58:12,833 DEBUG Engine.passfail] No label IndexPage in dict_keys(['https://www.sf-test1.com/de-de', ''])
[2020-10-05 13:58:12,834 DEBUG Engine.passfail] No label CheckoutPage in dict_keys(['https://www.sf-test1.com/de-de', ''])
[2020-10-05 13:58:12,835 DEBUG Engine.consolidator] Processed datapoint: 1601905901/ConsolidatingAggregator@140390817420736
[2020-10-05 13:58:12,836 DEBUG Engine.consolidator] Merging into 1601905907
[2020-10-05 13:58:12,837 DEBUG Engine.consolidator] Bypassing consolidation because of single result
[2020-10-05 13:58:13,065 DEBUG Engine.passfail] No label IndexPage in dict_keys(['https://www.sf-test1.com/de-de', ''])
[2020-10-05 13:58:13,067 DEBUG Engine.passfail] No label CheckoutPage in dict_keys(['https://www.sf-test1.com/de-de', ''])
[2020-10-05 13:58:13,068 DEBUG Engine.consolidator] Processed datapoint: 1601905907/ConsolidatingAggregator@140390817420736
[2020-10-05 13:58:13,069 DEBUG Engine.consolidator] Merging into 1601905913
[2020-10-05 13:58:13,070 DEBUG Engine.consolidator] Bypassing consolidation because of single result
[2020-10-05 13:58:13,300 DEBUG Engine.passfail] No label IndexPage in dict_keys(['https://www.sf-test1.com/de-de', ''])
[2020-10-05 13:58:13,301 DEBUG Engine.passfail] No label CheckoutPage in dict_keys(['https://www.sf-test1.com/de-de', ''])
[2020-10-05 13:58:13,302 DEBUG Engine.consolidator] Processed datapoint: 1601905913/ConsolidatingAggregator@140390817420736
[2020-10-05 13:58:13,303 DEBUG Engine.consolidator] Merging into 1601905919
[2020-10-05 13:58:13,305 DEBUG Engine.consolidator] Bypassing consolidation because of single result
[2020-10-05 13:58:13,533 DEBUG Engine.passfail] No label IndexPage in dict_keys(['https://www.sf-test1.com/de-de', ''])
[2020-10-05 13:58:13,534 DEBUG Engine.passfail] No label CheckoutPage in dict_keys(['https://www.sf-test1.com/de-de', ''])
[2020-10-05 13:58:13,535 DEBUG Engine.consolidator] Processed datapoint: 1601905919/ConsolidatingAggregator@140390817420736
[2020-10-05 13:58:13,536 INFO Engine.final-stats] Test duration: 0:07:15
[2020-10-05 13:58:13,538 INFO Engine.final-stats] Samples count: 10, 80.00% failures
[2020-10-05 13:58:13,540 INFO Engine.final-stats] Average times: total 245.566, latency 8.856, connect 8.581
[2020-10-05 13:58:13,544 INFO Engine.final-stats] Percentiles:
(0lqqqqqqqqqqqqqqqwqqqqqqqqqqqqqqqk(B
(0x(B Percentile, % (0x(B Resp. Time, s (0x(B
(0tqqqqqqqqqqqqqqqnqqqqqqqqqqqqqqqu(B
(0x(B           0.0 (0x(B         2.382 (0x(B
(0x(B          50.0 (0x(B       283.648 (0x(B
(0x(B          90.0 (0x(B       338.432 (0x(B
(0x(B          95.0 (0x(B       381.952 (0x(B
(0x(B          99.0 (0x(B       381.952 (0x(B
(0x(B          99.9 (0x(B       381.952 (0x(B
(0x(B         100.0 (0x(B       381.952 (0x(B
(0mqqqqqqqqqqqqqqqvqqqqqqqqqqqqqqqj(B
[2020-10-05 13:58:13,552 INFO Engine.final-stats] Request label stats:
(0lqqqqqqqqqqqqqqqqqqqqqqqqqqqqqqqqwqqqqqqqqwqqqqqqqqwqqqqqqqqqwqqqqqqqqqqqqqqqqqqqqqqqqqqqqqqqqqqqqqqqqqqqqqqqqqqqqqqqqqqqqqqqqqqqqqqqqqqqqqqqqqqqqqqqqqqqqqqk(B
(0x(B label                          (0x(B status (0x(B   succ (0x(B  avg_rt (0x(B error                                                                                        (0x(B
(0tqqqqqqqqqqqqqqqqqqqqqqqqqqqqqqqqnqqqqqqqqnqqqqqqqqnqqqqqqqqqnqqqqqqqqqqqqqqqqqqqqqqqqqqqqqqqqqqqqqqqqqqqqqqqqqqqqqqqqqqqqqqqqqqqqqqqqqqqqqqqqqqqqqqqqqqqqqqu(B
(0x(B https://www.sf-test1.com/de-de (0x(B  FAIL  (0x(B 20.00% (0x(B 245.566 (0x(B Non HTTP response message: Remote host closed connection during handshake                    (0x(B
(0x(B                                (0x(B        (0x(B        (0x(B         (0x(B Non HTTP response message: SSL peer shut down incorrectly                                    (0x(B
(0x(B                                (0x(B        (0x(B        (0x(B         (0x(B Non HTTP response message: Premature end of chunk coded message body: closing chunk expected (0x(B
(0mqqqqqqqqqqqqqqqqqqqqqqqqqqqqqqqqvqqqqqqqqvqqqqqqqqvqqqqqqqqqvqqqqqqqqqqqqqqqqqqqqqqqqqqqqqqqqqqqqqqqqqqqqqqqqqqqqqqqqqqqqqqqqqqqqqqqqqqqqqqqqqqqqqqqqqqqqqqj(B
[2020-10-05 13:58:13,560 DEBUG Engine.console] No logger_handler or orig_stream was detected
[2020-10-05 13:58:13,562 INFO Engine.final-stats] Test duration: 0:07:15
[2020-10-05 13:58:13,565 INFO Engine.final-stats] Samples count: 10, 80.00% failures
[2020-10-05 13:58:13,569 INFO Engine.final-stats] Average times: total 245.566, latency 8.856, connect 8.581
[2020-10-05 13:58:13,581 INFO Engine.final-stats] Percentiles:
(0lqqqqqqqqqqqqqqqwqqqqqqqqqqqqqqqk(B
(0x(B Percentile, % (0x(B Resp. Time, s (0x(B
(0tqqqqqqqqqqqqqqqnqqqqqqqqqqqqqqqu(B
(0x(B           0.0 (0x(B         2.382 (0x(B
(0x(B          50.0 (0x(B       283.648 (0x(B
(0x(B          90.0 (0x(B       338.432 (0x(B
(0x(B          95.0 (0x(B       381.952 (0x(B
(0x(B          99.0 (0x(B       381.952 (0x(B
(0x(B          99.9 (0x(B       381.952 (0x(B
(0x(B         100.0 (0x(B       381.952 (0x(B
(0mqqqqqqqqqqqqqqqvqqqqqqqqqqqqqqqj(B
[2020-10-05 13:58:13,589 INFO Engine.final-stats] Dumping final status as XML: p.output.xml
[2020-10-05 13:58:13,739 INFO Engine.final-stats] Dumping final status as CSV: p.output.csv
[2020-10-05 13:58:13,762 DEBUG Engine.Configuration] Dumping YAML config into /tmp/artifacts/effective.yml
[2020-10-05 13:58:13,811 DEBUG Engine.Configuration] Dumping JSON config into /tmp/artifacts/effective.json
[2020-10-05 13:58:13,815 INFO root] Artifacts dir: /tmp/artifacts
[2020-10-05 13:58:13,817 WARNING root] Done performing with code: 1
[2020-10-05 13:58:13,819 DEBUG root] Closing log handler: /tmp/artifacts/bzt.log
[2020-10-05 13:58:47,968 INFO root] Taurus CLI Tool v1.15.0
[2020-10-05 13:58:47,973 DEBUG root] Command-line options: {'log': '/tmp/artifacts/bzt.log', 'option': None, 'quiet': None, 'verbose': None, 'no_system_configs': None, 'aliases': []}
[2020-10-05 13:58:47,975 DEBUG root] Python: CPython 3.6.9
[2020-10-05 13:58:47,977 DEBUG root] OS: uname_result(system='Linux', node='63ca29882ba1', release='4.19.76-linuxkit', version='#1 SMP Tue May 26 11:42:35 UTC 2020', machine='x86_64', processor='x86_64')
[2020-10-05 13:58:47,979 INFO root] Starting with configs: ['/perf/perf_scripts/smartfrog.yaml']
[2020-10-05 13:58:47,981 DEBUG root] Using personal config: /root/.bzt-rc
[2020-10-05 13:58:47,984 INFO Engine] Configuring...
[2020-10-05 13:58:47,986 DEBUG Engine] Reading system configs from: /etc/bzt.d
[2020-10-05 13:58:48,070 DEBUG Engine] Base configs list: ['/usr/local/lib/python3.6/dist-packages/bzt/resources/10-base-config.yml', '/etc/bzt.d/50-pbench-enhanced.json', '/etc/bzt.d/90-artifacts-dir.json', '/etc/bzt.d/99-zinstallID.json']
[2020-10-05 13:58:48,070 DEBUG Engine.Configuration] Configs: ['/usr/local/lib/python3.6/dist-packages/bzt/resources/10-base-config.yml', '/etc/bzt.d/50-pbench-enhanced.json', '/etc/bzt.d/90-artifacts-dir.json', '/etc/bzt.d/99-zinstallID.json']
[2020-10-05 13:58:48,072 DEBUG Engine.Configuration] Reading /usr/local/lib/python3.6/dist-packages/bzt/resources/10-base-config.yml as YAML
[2020-10-05 13:58:48,111 DEBUG Engine.Configuration] Reading /etc/bzt.d/50-pbench-enhanced.json as YAML
[2020-10-05 13:58:48,113 DEBUG Engine.Configuration] Reading /etc/bzt.d/90-artifacts-dir.json as YAML
[2020-10-05 13:58:48,115 DEBUG Engine.Configuration] Reading /etc/bzt.d/99-zinstallID.json as YAML
[2020-10-05 13:58:48,116 DEBUG Engine] User configs list: ['/root/.bzt-rc', '/perf/perf_scripts/smartfrog.yaml']
[2020-10-05 13:58:48,116 DEBUG Engine.Configuration] Configs: ['/root/.bzt-rc', '/perf/perf_scripts/smartfrog.yaml']
[2020-10-05 13:58:48,118 DEBUG Engine.Configuration] Reading /root/.bzt-rc as YAML
[2020-10-05 13:58:48,127 ERROR root] Config Error: Error when reading config file '/perf/perf_scripts/smartfrog.yaml': [Errno 2] No such file or directory: '/perf/perf_scripts/smartfrog.yaml'
[2020-10-05 13:58:48,131 DEBUG root] TaurusConfigError: Error when reading config file '/perf/perf_scripts/smartfrog.yaml': [Errno 2] No such file or directory: '/perf/perf_scripts/smartfrog.yaml'
  File "/usr/local/lib/python3.6/dist-packages/bzt/cli.py", line 255, in perform
    self.__configure(configs)
  File "/usr/local/lib/python3.6/dist-packages/bzt/cli.py", line 168, in __configure
    merged_config = self.engine.configure([bzt_rc] + configs, not self.options.no_system_configs)
  File "/usr/local/lib/python3.6/dist-packages/bzt/engine/engine.py", line 123, in configure
    merged_config = self._load_user_configs(user_configs)
  File "/usr/local/lib/python3.6/dist-packages/bzt/engine/engine.py", line 600, in _load_user_configs
    self.config.load(user_configs)
  File "/usr/local/lib/python3.6/dist-packages/bzt/engine/dicts.py", line 170, in load
    raise TaurusConfigError("Error when reading config file '%s': %s" % (config_file, exc))
[2020-10-05 13:58:48,132 INFO Engine] Post-processing...
[2020-10-05 13:58:48,133 INFO root] Artifacts dir: None
[2020-10-05 13:58:48,136 INFO root] Log file: /tmp/artifacts/bzt.log
[2020-10-05 13:58:48,138 WARNING root] Done performing with code: 1
[2020-10-05 13:58:48,152 DEBUG root] Closing log handler: /tmp/artifacts/bzt.log
[2020-10-05 13:59:59,723 INFO root] Taurus CLI Tool v1.15.0
[2020-10-05 13:59:59,727 DEBUG root] Command-line options: {'log': '/tmp/artifacts/bzt.log', 'option': None, 'quiet': None, 'verbose': None, 'no_system_configs': None, 'aliases': []}
[2020-10-05 13:59:59,728 DEBUG root] Python: CPython 3.6.9
[2020-10-05 13:59:59,730 DEBUG root] OS: uname_result(system='Linux', node='05998a1f5c4e', release='4.19.76-linuxkit', version='#1 SMP Tue May 26 11:42:35 UTC 2020', machine='x86_64', processor='x86_64')
[2020-10-05 13:59:59,731 INFO root] Starting with configs: ['test.yml']
[2020-10-05 13:59:59,733 DEBUG root] Using personal config: /root/.bzt-rc
[2020-10-05 13:59:59,735 INFO Engine] Configuring...
[2020-10-05 13:59:59,738 DEBUG Engine] Reading system configs from: /etc/bzt.d
[2020-10-05 13:59:59,819 DEBUG Engine] Base configs list: ['/usr/local/lib/python3.6/dist-packages/bzt/resources/10-base-config.yml', '/etc/bzt.d/50-pbench-enhanced.json', '/etc/bzt.d/90-artifacts-dir.json', '/etc/bzt.d/99-zinstallID.json']
[2020-10-05 13:59:59,820 DEBUG Engine.Configuration] Configs: ['/usr/local/lib/python3.6/dist-packages/bzt/resources/10-base-config.yml', '/etc/bzt.d/50-pbench-enhanced.json', '/etc/bzt.d/90-artifacts-dir.json', '/etc/bzt.d/99-zinstallID.json']
[2020-10-05 13:59:59,821 DEBUG Engine.Configuration] Reading /usr/local/lib/python3.6/dist-packages/bzt/resources/10-base-config.yml as YAML
[2020-10-05 13:59:59,858 DEBUG Engine.Configuration] Reading /etc/bzt.d/50-pbench-enhanced.json as YAML
[2020-10-05 13:59:59,860 DEBUG Engine.Configuration] Reading /etc/bzt.d/90-artifacts-dir.json as YAML
[2020-10-05 13:59:59,862 DEBUG Engine.Configuration] Reading /etc/bzt.d/99-zinstallID.json as YAML
[2020-10-05 13:59:59,863 DEBUG Engine] User configs list: ['/root/.bzt-rc', 'test.yml']
[2020-10-05 13:59:59,864 DEBUG Engine.Configuration] Configs: ['/root/.bzt-rc', 'test.yml']
[2020-10-05 13:59:59,866 DEBUG Engine.Configuration] Reading /root/.bzt-rc as YAML
[2020-10-05 13:59:59,882 DEBUG Engine.Configuration] Reading test.yml as YAML
[2020-10-05 13:59:59,891 DEBUG Engine.Configuration] Configs: ['/root/.bzt-rc', 'test.yml']
[2020-10-05 13:59:59,892 DEBUG Engine.Configuration] Reading /root/.bzt-rc as YAML
[2020-10-05 13:59:59,907 DEBUG Engine.Configuration] Reading test.yml as YAML
[2020-10-05 13:59:59,920 DEBUG Engine] Requesting updates info: https://gettaurus.org/updates/?version=1.15.0&installID=Docker
[2020-10-05 13:59:59,921 INFO Engine] Artifacts dir: /tmp/artifacts
[2020-10-05 13:59:59,921 DEBUG HTTPClient] Making HTTP request GET https://gettaurus.org/updates/?version=1.15.0&installID=Docker
[2020-10-05 13:59:59,927 DEBUG urllib3.connectionpool] Starting new HTTPS connection (1): gettaurus.org:443
[2020-10-05 13:59:59,930 DEBUG Engine] New artifact filename: /tmp/artifacts/effective
[2020-10-05 13:59:59,944 DEBUG Engine.Configuration] Dumping YAML config into /tmp/artifacts/effective.yml
[2020-10-05 13:59:59,983 DEBUG Engine.Configuration] Dumping JSON config into /tmp/artifacts/effective.json
[2020-10-05 13:59:59,992 DEBUG Engine] New artifact filename: /tmp/artifacts/merged-2.yml
[2020-10-05 13:59:59,996 DEBUG Engine.Configuration] Dumping YAML config into /tmp/artifacts/merged-2.yml
[2020-10-05 14:00:00,007 DEBUG Engine] New artifact filename: /tmp/artifacts/merged-2.json
[2020-10-05 14:00:00,012 DEBUG Engine.Configuration] Dumping JSON config into /tmp/artifacts/merged-2.json
[2020-10-05 14:00:00,015 DEBUG Engine] Add existing artifact (move=False): test.yml
[2020-10-05 14:00:00,018 DEBUG Engine] Copying test.yml to /tmp/artifacts/test.yml
[2020-10-05 14:00:00,057 DEBUG Engine] Set PYTHONPATH to '/root/.bzt/python-packages/3.6.9' + '/tmp/artifacts/python-packages/3.6.9' + 
[2020-10-05 14:00:00,058 DEBUG Engine] Content of user packages dir: %s
[2020-10-05 14:00:00,061 DEBUG Engine] OS env: OBJC_DISABLE_INITIALIZE_FORK_SAFETY=YES
[2020-10-05 14:00:00,062 DEBUG Engine] OS env: TAURUS_ARTIFACTS_DIR=/tmp/artifacts
[2020-10-05 14:00:00,064 DEBUG root] Closing log handler: /tmp/artifacts/bzt.log
[2020-10-05 14:00:00,079 DEBUG root] Switched writing logs to /tmp/artifacts/bzt.log
[2020-10-05 14:00:00,081 DEBUG root] Linting config
[2020-10-05 14:00:00,086 INFO Engine] Preparing...
[2020-10-05 14:00:00,087 DEBUG Engine] Module config: consolidator {'class': 'bzt.modules.aggregator.ConsolidatingAggregator'}
[2020-10-05 14:00:00,088 DEBUG root] Importing module: bzt.modules.aggregator
[2020-10-05 14:00:00,298 DEBUG root] Loading class: 'ConsolidatingAggregator' from <module 'bzt.modules.aggregator' from '/usr/local/lib/python3.6/dist-packages/bzt/modules/aggregator.py'>
[2020-10-05 14:00:00,299 DEBUG Engine.consolidator] Buffer scaling setup: percentile 95.0 from [0.0, 50.0, 90.0, 95.0, 99.0, 99.9, 100.0] selected
[2020-10-05 14:00:00,300 DEBUG Engine] Module config: monitoring {'class': 'bzt.modules.monitoring.Monitoring'}
[2020-10-05 14:00:00,301 DEBUG root] Importing module: bzt.modules.monitoring
[2020-10-05 14:00:00,304 DEBUG root] Loading class: 'Monitoring' from <module 'bzt.modules.monitoring' from '/usr/local/lib/python3.6/dist-packages/bzt/modules/monitoring.py'>
[2020-10-05 14:00:00,305 DEBUG Engine] Module config: local {'class': 'bzt.modules.provisioning.Local'}
[2020-10-05 14:00:00,306 DEBUG root] Importing module: bzt.modules.provisioning
[2020-10-05 14:00:00,307 DEBUG root] Loading class: 'Local' from <module 'bzt.modules.provisioning' from '/usr/local/lib/python3.6/dist-packages/bzt/modules/provisioning.py'>
[2020-10-05 14:00:00,309 DEBUG Engine] Module config: jmeter {'class': 'bzt.modules.jmeter.JMeterExecutor', 'protocol-handlers': {'http': 'bzt.jmx.http.HTTPProtocolHandler'}, 'plugins': ['jpgc-casutg', 'jpgc-dummy', 'jpgc-ffw', 'jpgc-fifo', 'jpgc-functions', 'jpgc-json', 'jpgc-perfmon', 'jpgc-prmctl', 'jpgc-tst'], 'properties': {'jmeter.save.saveservice.autoflush': 'true', 'jmeter.save.saveservice.connect_time': 'true', 'jmeterengine.force.system.exit': 'true', 'summariser.name': ''}}
[2020-10-05 14:00:00,310 DEBUG root] Importing module: bzt.modules.jmeter
[2020-10-05 14:00:00,326 DEBUG root] Loading class: 'JMeterExecutor' from <module 'bzt.modules.jmeter' from '/usr/local/lib/python3.6/dist-packages/bzt/modules/jmeter.py'>
[2020-10-05 14:00:00,327 DEBUG Engine.local] Preparing executor: jmeter/140068179513528
[2020-10-05 14:00:00,333 DEBUG Engine] New artifact filename: /tmp/artifacts/jmeter-2.log
[2020-10-05 14:00:00,334 DEBUG Engine.jmeter] Checking if port 4445 is free
[2020-10-05 14:00:00,336 DEBUG Engine.jmeter] Port 4445 is free
[2020-10-05 14:00:00,337 DEBUG Engine.jmeter] Using port 4445 for management
[2020-10-05 14:00:00,343 DEBUG Engine] New artifact filename: /tmp/artifacts/requests-2.jmx
[2020-10-05 14:00:00,344 DEBUG root] Importing module: bzt.jmx.http
[2020-10-05 14:00:00,346 DEBUG root] Loading class: 'HTTPProtocolHandler' from <module 'bzt.jmx.http' from '/usr/local/lib/python3.6/dist-packages/bzt/jmx/http.py'>
[2020-10-05 14:00:00,352 DEBUG JMeterScenarioBuilder] Saving JMX to: /tmp/artifacts/requests-2.jmx
[2020-10-05 14:00:00,364 DEBUG Engine.jmeter] Additional system properties {'sun.net.inetaddr.ttl': 0}
[2020-10-05 14:00:00,372 DEBUG Engine] New artifact filename: /tmp/artifacts/system-2.properties
[2020-10-05 14:00:00,380 DEBUG Engine.jmeter] Additional properties: {'jmeter.save.saveservice.autoflush': 'true', 'jmeter.save.saveservice.connect_time': 'true', 'jmeterengine.force.system.exit': 'true', 'summariser.name': '', 'jmeterengine.nongui.port': 4445, 'jmeterengine.nongui.maxport': 4445, 'jmeter.save.saveservice.timestamp_format': 'ms', 'sampleresult.default.encoding': 'UTF-8', 'user.classpath': '/tmp/artifacts:/tmp/artifacts'}
[2020-10-05 14:00:00,385 DEBUG Engine] New artifact filename: /tmp/artifacts/jmeter-bzt-2.properties
[2020-10-05 14:00:00,393 DEBUG Engine.jmeter.JavaVM] Trying JavaVM: ['java', '-version']
[2020-10-05 14:00:00,394 DEBUG root] Executing shell: ['java', '-version'] at .
[2020-10-05 14:00:00,652 DEBUG Engine.jmeter.JavaVM] JavaVM output: openjdk version "1.8.0_265"
OpenJDK Runtime Environment (build 1.8.0_265-8u265-b01-0ubuntu2~18.04-b01)
OpenJDK 64-Bit Server VM (build 25.265-b01, mixed mode)

[2020-10-05 14:00:00,653 DEBUG Engine.jmeter.TclLibrary] We don't need to check tcl library on this platform
[2020-10-05 14:00:00,654 DEBUG Engine.jmeter.JMeter] Trying JMeter..
[2020-10-05 14:00:00,656 DEBUG root] Executing shell: ['/root/.bzt/jmeter-taurus/5.2.1/bin/jmeter.sh', '-j', '/tmp/jmeter85icq6zflog', '--version'] at .
[2020-10-05 14:00:00,917 DEBUG urllib3.connectionpool] https://gettaurus.org:443 "GET /updates/?version=1.15.0&installID=Docker HTTP/1.1" 200 40
[2020-10-05 14:00:00,920 DEBUG Engine] Taurus updates info: {'latest': '1.15.0', 'needsUpgrade': False}
[2020-10-05 14:00:00,921 DEBUG Engine] Installation is up-to-date
[2020-10-05 14:00:04,098 DEBUG Engine.jmeter.JMeter] JMeter check:     _    ____   _    ____ _   _ _____       _ __  __ _____ _____ _____ ____
   / \  |  _ \ / \  / ___| | | | ____|     | |  \/  | ____|_   _| ____|  _ \
  / _ \ | |_) / _ \| |   | |_| |  _|    _  | | |\/| |  _|   | | |  _| | |_) |
 / ___ \|  __/ ___ \ |___|  _  | |___  | |_| | |  | | |___  | | | |___|  _ <
/_/   \_\_| /_/   \_\____|_| |_|_____|  \___/|_|  |_|_____| |_| |_____|_| \_\ 5.2.1

Copyright (c) 1999-2019 The Apache Software Foundation

 / 
[2020-10-05 14:00:04,119 DEBUG Engine] New artifact filename: /tmp/artifacts/kpi-2.jtl
[2020-10-05 14:00:04,126 DEBUG Engine] New artifact filename: /tmp/artifacts/error-2.jtl
[2020-10-05 14:00:04,130 DEBUG Engine.jmeter.LoadSettingsProcessor] Load: LoadSpec(concurrency=10, throughput=None, ramp_up=60.0, hold=150.0, iterations=0, duration=210.0, steps=None)
[2020-10-05 14:00:04,133 DEBUG Engine.jmeter.LoadSettingsProcessor.ThreadGroupHandler] Converting ThreadGroup (simple) to ConcurrencyThreadGroup and apply load parameters
[2020-10-05 14:00:04,136 DEBUG Engine] New artifact filename: /tmp/artifacts/modified_requests-2.jmx
[2020-10-05 14:00:04,137 DEBUG JMX] Saving JMX to: /tmp/artifacts/modified_requests-2.jmx
[2020-10-05 14:00:04,150 DEBUG root] Executing shell: ['/root/.bzt/jmeter-taurus/5.2.1/bin/PluginsManagerCMD.sh', 'install-for-jmx', '/tmp/artifacts/modified_requests-2.jmx'] at .
[2020-10-05 14:00:11,446 DEBUG Engine.jmeter.JMeter] Try to detect plugins for /tmp/artifacts/modified_requests-2.jmx
2020-10-05 14:00:06,531 INFO o.j.r.PluginManagerCMD: Command is: install-for-jmx
2020-10-05 14:00:06,702 INFO o.j.r.JARSourceHTTP: Requesting https://jmeter-plugins.org/repo/?installID=linux-87e3bedbdf04675a81281981a4a388e6-nongui
2020-10-05 14:00:09,607 INFO o.j.r.PluginManager: Plugins Status: [jpgc-functions=2.1, jpgc-casutg=2.9, jpgc-dummy=0.4, jpgc-ffw=2.0, jpgc-fifo=0.2, jpgc-json=2.7, jpgc-prmctl=0.4, jpgc-perfmon=2.1, jpgc-plugins-manager=1.3, jpgc-tst=2.5, jmeter-core=5.2.1, jmeter-ftp=5.2.1, jmeter-http=5.2.1, jmeter-jdbc=5.2.1, jmeter-jms=5.2.1, jmeter-junit=5.2.1, jmeter-java=5.2.1, jmeter-ldap=5.2.1, jmeter-mail=5.2.1, jmeter-mongodb=5.2.1, jmeter-native=5.2.1, jmeter-tcp=5.2.1, jmeter-components=5.2.1]
2020-10-05 14:00:09,614 INFO o.j.r.PluginManagerCMD: Params line is: /tmp/artifacts/modified_requests-2.jmx
2020-10-05 14:00:10,574 INFO o.a.j.s.SaveService: Testplan (JMX) version: 2.2. Testlog (JTL) version: 2.2
2020-10-05 14:00:10,613 INFO o.a.j.s.SaveService: Using SaveService properties file encoding UTF-8
2020-10-05 14:00:10,627 INFO o.a.j.s.SaveService: Using SaveService properties version 5.0
2020-10-05 14:00:10,758 INFO o.a.j.p.h.c.CacheManager: Will only cache the following methods: [GET]
2020-10-05 14:00:10,770 INFO o.a.j.p.h.c.CookieManager: Settings: Delete null: true Check: true Allow variable: true Save: false Prefix: COOKIE_
2020-10-05 14:00:10,973 INFO o.a.j.p.h.s.HTTPSamplerBase: Parser for text/html is org.apache.jmeter.protocol.http.parser.LagartoBasedHtmlParser
2020-10-05 14:00:10,974 INFO o.a.j.p.h.s.HTTPSamplerBase: Parser for application/xhtml+xml is org.apache.jmeter.protocol.http.parser.LagartoBasedHtmlParser
2020-10-05 14:00:10,975 INFO o.a.j.p.h.s.HTTPSamplerBase: Parser for application/xml is org.apache.jmeter.protocol.http.parser.LagartoBasedHtmlParser
2020-10-05 14:00:10,978 INFO o.a.j.p.h.s.HTTPSamplerBase: Parser for text/xml is org.apache.jmeter.protocol.http.parser.LagartoBasedHtmlParser
2020-10-05 14:00:10,980 INFO o.a.j.p.h.s.HTTPSamplerBase: Parser for text/vnd.wap.wml is org.apache.jmeter.protocol.http.parser.RegexpHTMLParser
2020-10-05 14:00:10,981 INFO o.a.j.p.h.s.HTTPSamplerBase: Parser for text/css is org.apache.jmeter.protocol.http.parser.CssParser
2020-10-05 14:00:11,153 INFO o.j.r.PluginManager: Finishing without changes


[2020-10-05 14:00:11,452 DEBUG Engine] New artifact filename: /tmp/artifacts/jmeter-2.out
[2020-10-05 14:00:11,458 DEBUG Engine] New artifact filename: /tmp/artifacts/jmeter-2.err
[2020-10-05 14:00:11,462 DEBUG Engine] Module config: final-stats {'class': 'bzt.modules.reporting.FinalStatus'}
[2020-10-05 14:00:11,463 DEBUG root] Importing module: bzt.modules.reporting
[2020-10-05 14:00:11,494 DEBUG easyprocess] version=0.3
[2020-10-05 14:00:11,496 DEBUG pyvirtualdisplay] version=1.3.2
[2020-10-05 14:00:11,499 DEBUG root] Loading class: 'FinalStatus' from <module 'bzt.modules.reporting' from '/usr/local/lib/python3.6/dist-packages/bzt/modules/reporting.py'>
[2020-10-05 14:00:11,500 DEBUG Engine] Module config: console {'class': 'bzt.modules.console.ConsoleStatusReporter'}
[2020-10-05 14:00:11,501 DEBUG root] Importing module: bzt.modules.console
[2020-10-05 14:00:11,501 DEBUG root] Loading class: 'ConsoleStatusReporter' from <module 'bzt.modules.console' from '/usr/local/lib/python3.6/dist-packages/bzt/modules/console.py'>
[2020-10-05 14:00:11,502 DEBUG Engine] Module config: passfail {'class': 'bzt.modules.passfail.PassFailStatus'}
[2020-10-05 14:00:11,503 DEBUG root] Importing module: bzt.modules.passfail
[2020-10-05 14:00:11,504 DEBUG root] Loading class: 'PassFailStatus' from <module 'bzt.modules.passfail' from '/usr/local/lib/python3.6/dist-packages/bzt/modules/passfail.py'>
[2020-10-05 14:00:11,514 DEBUG root] Importing module: bzt.modules.passfail
[2020-10-05 14:00:11,515 DEBUG root] Loading class: 'DataCriterion' from <module 'bzt.modules.passfail' from '/usr/local/lib/python3.6/dist-packages/bzt/modules/passfail.py'>
[2020-10-05 14:00:11,516 DEBUG root] Importing module: bzt.modules.passfail
[2020-10-05 14:00:11,517 DEBUG root] Loading class: 'DataCriterion' from <module 'bzt.modules.passfail' from '/usr/local/lib/python3.6/dist-packages/bzt/modules/passfail.py'>
[2020-10-05 14:00:11,525 DEBUG Engine.Configuration] Dumping YAML config into /tmp/artifacts/effective.yml
[2020-10-05 14:00:11,560 DEBUG Engine.Configuration] Dumping JSON config into /tmp/artifacts/effective.json
[2020-10-05 14:00:11,563 INFO Engine] Starting...
[2020-10-05 14:00:11,565 DEBUG Engine] Startup <bzt.modules.monitoring.Monitoring object at 0x7f64375b1390>
[2020-10-05 14:00:11,566 DEBUG Engine] Startup <bzt.modules.aggregator.ConsolidatingAggregator object at 0x7f64375b1d30>
[2020-10-05 14:00:11,568 DEBUG Engine] Startup <bzt.modules.reporting.FinalStatus object at 0x7f642a13dba8>
[2020-10-05 14:00:11,570 DEBUG Engine] Startup <bzt.modules.console.ConsoleStatusReporter object at 0x7f64375ad780>
[2020-10-05 14:00:11,572 INFO Engine.console] Waiting for results...
[2020-10-05 14:00:11,575 DEBUG Engine] Startup <bzt.modules.passfail.PassFailStatus object at 0x7f642a0f9898>
[2020-10-05 14:00:11,582 DEBUG Engine] Startup <bzt.modules.reporting.FinalStatus object at 0x7f642a09f9e8>
[2020-10-05 14:00:11,584 DEBUG Engine] Startup <bzt.modules.provisioning.Local object at 0x7f64376012e8>
[2020-10-05 14:00:11,586 DEBUG Engine.local] Delay setup for jmeter/simple: 0(start-at) + 0(delay) = 0
[2020-10-05 14:00:11,595 DEBUG Engine.Configuration] Dumping YAML config into /tmp/artifacts/effective.yml
[2020-10-05 14:00:11,638 DEBUG Engine.Configuration] Dumping JSON config into /tmp/artifacts/effective.json
[2020-10-05 14:00:11,642 DEBUG root] Leveling down log file verbosity to INFO, use -v option to have DEBUG messages enabled
[2020-10-05 14:00:11,644 DEBUG root] Leveled up log file verbosity
[2020-10-05 14:00:11,646 DEBUG root] Executing shell: ['/root/.bzt/jmeter-taurus/5.2.1/bin/jmeter.sh', '-t', '/tmp/artifacts/modified_requests-2.jmx', '-j', '/tmp/artifacts/jmeter-2.log', '-q', '/tmp/artifacts/jmeter-bzt-2.properties', '-n', '-S', '/tmp/artifacts/system-2.properties'] at /bzt-configs
[2020-10-05 14:00:11,655 DEBUG Engine.local] Starting execution: jmeter/simple, rest of available slots: 9223372036854775806
[2020-10-05 14:00:11,656 DEBUG root] Leveling down log file verbosity to INFO, use -v option to have DEBUG messages enabled
[2020-10-05 14:00:11,887 INFO Engine.console] Waiting for finish...
[2020-10-05 14:01:42,243 WARNING Engine] Please wait for graceful shutdown...
[2020-10-05 14:01:42,254 DEBUG root] Leveled up log file verbosity
[2020-10-05 14:01:42,256 INFO Engine] Shutting down...
[2020-10-05 14:01:42,266 DEBUG Engine] Current stop reason: 
[2020-10-05 14:01:42,269 DEBUG Engine.local] Shutdown jmeter/simple
[2020-10-05 14:01:42,732 DEBUG Engine.local] Exception in shutdown of JMeterExecutor:  Traceback (most recent call last):
  File "/usr/local/lib/python3.6/dist-packages/bzt/modules/provisioning.py", line 140, in shutdown
    executor.shutdown()
  File "/usr/local/lib/python3.6/dist-packages/bzt/modules/jmeter.py", line 361, in shutdown
    if self._process_stopped(1):
  File "/usr/local/lib/python3.6/dist-packages/bzt/modules/jmeter.py", line 403, in _process_stopped
    time.sleep(self.engine.check_interval)
KeyboardInterrupt

[2020-10-05 14:01:42,734 DEBUG Engine] :
Traceback (most recent call last):
  File "/usr/local/lib/python3.6/dist-packages/bzt/engine/engine.py", line 315, in _shutdown
    module.shutdown()
  File "/usr/local/lib/python3.6/dist-packages/bzt/modules/provisioning.py", line 149, in shutdown
    reraise(exc_info, exc_value)
  File "/usr/local/lib/python3.6/dist-packages/bzt/utils.py", line 102, in reraise
    raise exc
  File "/usr/local/lib/python3.6/dist-packages/bzt/modules/provisioning.py", line 140, in shutdown
    executor.shutdown()
  File "/usr/local/lib/python3.6/dist-packages/bzt/modules/jmeter.py", line 361, in shutdown
    if self._process_stopped(1):
  File "/usr/local/lib/python3.6/dist-packages/bzt/modules/jmeter.py", line 403, in _process_stopped
    time.sleep(self.engine.check_interval)
KeyboardInterrupt

[2020-10-05 14:01:42,739 DEBUG Engine.console] Restoring logging streams, [<StreamHandler (INFO)>]/{<StreamHandler (INFO)>: <_io.TextIOWrapper name='<stdout>' mode='w' encoding='UTF-8'>}
[2020-10-05 14:01:42,779 DEBUG Engine.Configuration] Dumping YAML config into /tmp/artifacts/effective.yml
[2020-10-05 14:01:42,835 DEBUG Engine.Configuration] Dumping JSON config into /tmp/artifacts/effective.json
[2020-10-05 14:01:42,846 DEBUG Engine] :
Traceback (most recent call last):
  File "/usr/local/lib/python3.6/dist-packages/bzt/engine/engine.py", line 259, in run
    self._shutdown()
  File "/usr/local/lib/python3.6/dist-packages/bzt/engine/engine.py", line 326, in _shutdown
    reraise(exc_info, exc_value)
  File "/usr/local/lib/python3.6/dist-packages/bzt/utils.py", line 102, in reraise
    raise exc
  File "/usr/local/lib/python3.6/dist-packages/bzt/engine/engine.py", line 315, in _shutdown
    module.shutdown()
  File "/usr/local/lib/python3.6/dist-packages/bzt/modules/provisioning.py", line 149, in shutdown
    reraise(exc_info, exc_value)
  File "/usr/local/lib/python3.6/dist-packages/bzt/utils.py", line 102, in reraise
    raise exc
  File "/usr/local/lib/python3.6/dist-packages/bzt/modules/provisioning.py", line 140, in shutdown
    executor.shutdown()
  File "/usr/local/lib/python3.6/dist-packages/bzt/modules/jmeter.py", line 361, in shutdown
    if self._process_stopped(1):
  File "/usr/local/lib/python3.6/dist-packages/bzt/modules/jmeter.py", line 403, in _process_stopped
    time.sleep(self.engine.check_interval)
KeyboardInterrupt

[2020-10-05 14:01:42,846 WARNING root] Keyboard interrupt
[2020-10-05 14:01:42,851 DEBUG root] KeyboardInterrupt: 
  File "/usr/local/lib/python3.6/dist-packages/bzt/cli.py", line 260, in perform
    self.engine.run()
  File "/usr/local/lib/python3.6/dist-packages/bzt/engine/engine.py", line 269, in run
    reraise(exc_info, exc_value)
  File "/usr/local/lib/python3.6/dist-packages/bzt/utils.py", line 102, in reraise
    raise exc
  File "/usr/local/lib/python3.6/dist-packages/bzt/engine/engine.py", line 248, in run
    self._wait()
  File "/usr/local/lib/python3.6/dist-packages/bzt/engine/engine.py", line 297, in _wait
    time.sleep(delay)
[2020-10-05 14:01:42,851 INFO Engine] Post-processing...
[2020-10-05 14:01:42,855 DEBUG Engine.local] Post-process jmeter/simple
[2020-10-05 14:01:42,856 DEBUG Engine] Add existing artifact (move=True): /tmp/artifacts/modified_requests-2.jmx
[2020-10-05 14:01:42,858 DEBUG Engine] No need to copy /tmp/artifacts/modified_requests-2.jmx
[2020-10-05 14:01:42,896 DEBUG Engine.local] Exception in post_process of JMeterExecutor: Empty results, most likely simple (JMeterExecutor) failed. Actual reason for this can be found in logs under /tmp/artifacts Traceback (most recent call last):
  File "/usr/local/lib/python3.6/dist-packages/bzt/modules/provisioning.py", line 167, in post_process
    raise ToolError(message, diagnostics)
bzt.ToolError: Empty results, most likely simple (JMeterExecutor) failed. Actual reason for this can be found in logs under /tmp/artifacts

[2020-10-05 14:01:42,898 DEBUG Engine] post_process: Empty results, most likely simple (JMeterExecutor) failed. Actual reason for this can be found in logs under /tmp/artifacts
Traceback (most recent call last):
  File "/usr/local/lib/python3.6/dist-packages/bzt/engine/engine.py", line 340, in post_process
    module.post_process()
  File "/usr/local/lib/python3.6/dist-packages/bzt/modules/provisioning.py", line 176, in post_process
    reraise(exc_info, exc_value)
  File "/usr/local/lib/python3.6/dist-packages/bzt/utils.py", line 102, in reraise
    raise exc
  File "/usr/local/lib/python3.6/dist-packages/bzt/modules/provisioning.py", line 167, in post_process
    raise ToolError(message, diagnostics)
bzt.ToolError: Empty results, most likely simple (JMeterExecutor) failed. Actual reason for this can be found in logs under /tmp/artifacts

[2020-10-05 14:01:42,901 DEBUG Engine.jmeter.JTLErrorsReader.FileReader] File is empty: /tmp/artifacts/error-2.jtl
[2020-10-05 14:01:42,903 DEBUG Engine.jmeter.JTLErrorsReader.FileReader] File is empty: /tmp/artifacts/error-2.jtl
[2020-10-05 14:01:42,904 DEBUG Engine.jmeter.JTLReader] Buffer len: 0; Known errors count: 0
[2020-10-05 14:01:42,905 DEBUG Engine.consolidator] Consolidator buffer[0]: dict_keys([])
[2020-10-05 14:01:42,905 INFO Engine.final-stats] Test duration: 0:01:31
[2020-10-05 14:01:42,908 DEBUG Engine.console] No logger_handler or orig_stream was detected
[2020-10-05 14:01:42,909 INFO Engine.final-stats] Test duration: 0:01:31
[2020-10-05 14:01:42,922 DEBUG Engine.Configuration] Dumping YAML config into /tmp/artifacts/effective.yml
[2020-10-05 14:01:42,984 DEBUG Engine.Configuration] Dumping JSON config into /tmp/artifacts/effective.json
[2020-10-05 14:01:42,987 DEBUG root] Child Process Error: Empty results, most likely simple (JMeterExecutor) failed. Actual reason for this can be found in logs under /tmp/artifacts
[2020-10-05 14:01:42,988 DEBUG root] JMeter STDOUT:
Created the tree successfully using /tmp/artifacts/modified_requests-2.jmx
Starting standalone test @ Mon Oct 05 14:00:16 UTC 2020 (1601906416483)
Waiting for possible Shutdown/StopTestNow/HeapDump/ThreadDump message on port 4445
[2020-10-05 14:01:42,989 DEBUG root] JMeter log:
2020-10-05 14:00:15,357 INFO o.a.j.u.JMeterUtils: Setting Locale to en_US
2020-10-05 14:00:15,411 INFO o.a.j.JMeter: Loading user properties from: /root/.bzt/jmeter-taurus/5.2.1/bin/user.properties
2020-10-05 14:00:15,412 INFO o.a.j.JMeter: Loading system properties from: /root/.bzt/jmeter-taurus/5.2.1/bin/system.properties
2020-10-05 14:00:15,414 INFO o.a.j.JMeter: Loading additional properties from: /tmp/artifacts/jmeter-bzt-2.properties
2020-10-05 14:00:15,422 INFO o.a.j.JMeter: Setting System properties from file: /tmp/artifacts/system-2.properties
2020-10-05 14:00:15,437 INFO o.a.j.JMeter: Copyright (c) 1998-2019 The Apache Software Foundation
2020-10-05 14:00:15,438 INFO o.a.j.JMeter: Version 5.2.1
2020-10-05 14:00:15,439 INFO o.a.j.JMeter: java.version=1.8.0_265
2020-10-05 14:00:15,440 INFO o.a.j.JMeter: java.vm.name=OpenJDK 64-Bit Server VM
2020-10-05 14:00:15,442 INFO o.a.j.JMeter: os.name=Linux
2020-10-05 14:00:15,444 INFO o.a.j.JMeter: os.arch=amd64
2020-10-05 14:00:15,445 INFO o.a.j.JMeter: os.version=4.19.76-linuxkit
2020-10-05 14:00:15,446 INFO o.a.j.JMeter: file.encoding=UTF-8
2020-10-05 14:00:15,448 INFO o.a.j.JMeter: java.awt.headless=true
2020-10-05 14:00:15,449 INFO o.a.j.JMeter: Max memory     =464519168
2020-10-05 14:00:15,450 INFO o.a.j.JMeter: Available Processors =2
2020-10-05 14:00:15,460 INFO o.a.j.JMeter: Default Locale=English (United States)
2020-10-05 14:00:15,462 INFO o.a.j.JMeter: JMeter  Locale=English (United States)
2020-10-05 14:00:15,463 INFO o.a.j.JMeter: JMeterHome=/root/.bzt/jmeter-taurus/5.2.1
2020-10-05 14:00:15,464 INFO o.a.j.JMeter: user.dir  =/bzt-configs
2020-10-05 14:00:15,466 INFO o.a.j.JMeter: PWD       =/bzt-configs
2020-10-05 14:00:15,467 INFO o.a.j.JMeter: IP: 172.17.0.2 Name: 05998a1f5c4e FullName: 05998a1f5c4e
2020-10-05 14:00:15,468 INFO o.a.j.JMeter: user.classpath=/tmp/artifacts:/tmp/artifacts
2020-10-05 14:00:15,470 INFO o.a.j.JMeter: Adding to classpath and loader: /tmp/artifacts
2020-10-05 14:00:15,480 INFO o.a.j.JMeter: Adding to classpath and loader: /tmp/artifacts
2020-10-05 14:00:15,506 INFO o.a.j.s.FileServer: Default base='/bzt-configs'
2020-10-05 14:00:15,526 INFO o.a.j.s.FileServer: Set new base='/tmp/artifacts'
2020-10-05 14:00:16,030 INFO o.a.j.s.SaveService: Testplan (JMX) version: 2.2. Testlog (JTL) version: 2.2
2020-10-05 14:00:16,058 INFO o.a.j.s.SaveService: Using SaveService properties file encoding UTF-8
2020-10-05 14:00:16,075 INFO o.a.j.s.SaveService: Using SaveService properties version 5.0
2020-10-05 14:00:16,103 INFO o.a.j.s.SaveService: Loading file: /tmp/artifacts/modified_requests-2.jmx
2020-10-05 14:00:16,269 INFO o.a.j.p.h.c.CacheManager: Will only cache the following methods: [GET]
2020-10-05 14:00:16,276 INFO o.a.j.p.h.c.CookieManager: Settings: Delete null: true Check: true Allow variable: true Save: false Prefix: COOKIE_
2020-10-05 14:00:16,325 INFO o.a.j.p.h.s.HTTPSamplerBase: Parser for text/html is org.apache.jmeter.protocol.http.parser.LagartoBasedHtmlParser
2020-10-05 14:00:16,326 INFO o.a.j.p.h.s.HTTPSamplerBase: Parser for application/xhtml+xml is org.apache.jmeter.protocol.http.parser.LagartoBasedHtmlParser
2020-10-05 14:00:16,327 INFO o.a.j.p.h.s.HTTPSamplerBase: Parser for application/xml is org.apache.jmeter.protocol.http.parser.LagartoBasedHtmlParser
2020-10-05 14:00:16,328 INFO o.a.j.p.h.s.HTTPSamplerBase: Parser for text/xml is org.apache.jmeter.protocol.http.parser.LagartoBasedHtmlParser
2020-10-05 14:00:16,329 INFO o.a.j.p.h.s.HTTPSamplerBase: Parser for text/vnd.wap.wml is org.apache.jmeter.protocol.http.parser.RegexpHTMLParser
2020-10-05 14:00:16,329 INFO o.a.j.p.h.s.HTTPSamplerBase: Parser for text/css is org.apache.jmeter.protocol.http.parser.CssParser
2020-10-05 14:00:16,489 INFO o.a.j.e.StandardJMeterEngine: Running the test!
2020-10-05 14:00:16,500 INFO o.a.j.s.SampleEvent: List of sample_variables: []
2020-10-05 14:00:16,501 INFO o.a.j.s.SampleEvent: List of sample_variables: []
2020-10-05 14:00:16,535 INFO o.a.j.e.u.CompoundVariable: Note: Function class names must contain the string: '.functions.'
2020-10-05 14:00:16,536 INFO o.a.j.e.u.CompoundVariable: Note: Function class names must not contain the string: '.gui.'
2020-10-05 14:00:17,946 INFO o.a.j.JMeter: Running test (1601906417946)
2020-10-05 14:00:18,032 INFO o.a.j.e.StandardJMeterEngine: Starting ThreadGroup: 1 : simple
2020-10-05 14:00:18,033 INFO o.a.j.e.StandardJMeterEngine: Starting 10 threads for group simple.
2020-10-05 14:00:18,034 INFO o.a.j.e.StandardJMeterEngine: Thread will continue on error
2020-10-05 14:00:18,048 INFO o.a.j.e.StandardJMeterEngine: All thread groups have been started
2020-10-05 14:00:18,048 INFO c.b.j.t.c.ConcurrencyThreadStarter: Start supplying threads
2020-10-05 14:00:21,081 INFO o.a.j.s.SampleResult: Note: Sample TimeStamps are START times
2020-10-05 14:00:21,083 INFO o.a.j.s.SampleResult: sampleresult.default.encoding is set to UTF-8
2020-10-05 14:00:21,083 INFO o.a.j.s.SampleResult: sampleresult.useNanoTime=true
2020-10-05 14:00:21,085 INFO o.a.j.s.SampleResult: sampleresult.nanoThreadSleep=5000
2020-10-05 14:00:21,104 INFO o.a.j.t.JMeterThread: Thread started: simple-ThreadStarter 1-1
2020-10-05 14:00:21,950 INFO o.a.j.p.h.s.HTTPHCAbstractImpl: Local host = 05998a1f5c4e
2020-10-05 14:00:21,978 INFO o.a.j.p.h.s.HTTPHC4Impl: HTTP request retry count = 0
2020-10-05 14:00:22,308 INFO o.a.j.p.h.s.h.LazyLayeredConnectionSocketFactory: Setting up HTTPS TrustAll Socket Factory
2020-10-05 14:00:22,340 INFO o.a.j.u.JsseSSLManager: Using default SSL protocol: TLS
2020-10-05 14:00:22,341 INFO o.a.j.u.JsseSSLManager: SSL session context: per-thread
2020-10-05 14:00:22,791 INFO o.a.j.u.SSLManager: JmeterKeyStore Location:  type JKS
2020-10-05 14:00:22,806 INFO o.a.j.u.SSLManager: KeyStore created OK
2020-10-05 14:00:22,807 WARN o.a.j.u.SSLManager: Keystore file not found, loading empty keystore
2020-10-05 14:00:23,629 INFO o.a.j.p.h.p.BaseParser: Created org.apache.jmeter.protocol.http.parser.LagartoBasedHtmlParser
2020-10-05 14:00:23,965 INFO o.a.j.p.h.s.ResourcesDownloader: Creating ResourcesDownloader with keepalive_inseconds : 60
2020-10-05 14:00:24,201 INFO o.a.j.p.h.p.BaseParser: Created org.apache.jmeter.protocol.http.parser.CssParser
2020-10-05 14:00:27,102 INFO o.a.j.t.JMeterThread: Thread started: simple-ThreadStarter 1-2
2020-10-05 14:00:33,085 INFO o.a.j.t.JMeterThread: Thread started: simple-ThreadStarter 1-3
2020-10-05 14:00:39,094 INFO o.a.j.t.JMeterThread: Thread started: simple-ThreadStarter 1-4
2020-10-05 14:00:45,115 INFO o.a.j.t.JMeterThread: Thread started: simple-ThreadStarter 1-5
2020-10-05 14:00:51,125 INFO o.a.j.t.JMeterThread: Thread started: simple-ThreadStarter 1-6
2020-10-05 14:00:57,132 INFO o.a.j.t.JMeterThread: Thread started: simple-ThreadStarter 1-7
2020-10-05 14:01:03,125 INFO o.a.j.t.JMeterThread: Thread started: simple-ThreadStarter 1-8
2020-10-05 14:01:09,133 INFO o.a.j.t.JMeterThread: Thread started: simple-ThreadStarter 1-9
2020-10-05 14:01:15,160 INFO o.a.j.t.JMeterThread: Thread started: simple-ThreadStarter 1-10
[2020-10-05 14:01:42,990 DEBUG root] ToolError: Empty results, most likely simple (JMeterExecutor) failed. Actual reason for this can be found in logs under /tmp/artifacts
  File "/usr/local/lib/python3.6/dist-packages/bzt/cli.py", line 267, in perform
    self.engine.post_process()
  File "/usr/local/lib/python3.6/dist-packages/bzt/engine/engine.py", line 354, in post_process
    reraise(exc_info, exc_value)
  File "/usr/local/lib/python3.6/dist-packages/bzt/utils.py", line 102, in reraise
    raise exc
  File "/usr/local/lib/python3.6/dist-packages/bzt/engine/engine.py", line 340, in post_process
    module.post_process()
  File "/usr/local/lib/python3.6/dist-packages/bzt/modules/provisioning.py", line 176, in post_process
    reraise(exc_info, exc_value)
  File "/usr/local/lib/python3.6/dist-packages/bzt/utils.py", line 102, in reraise
    raise exc
  File "/usr/local/lib/python3.6/dist-packages/bzt/modules/provisioning.py", line 167, in post_process
    raise ToolError(message, diagnostics)
[2020-10-05 14:01:42,991 INFO root] Artifacts dir: /tmp/artifacts
[2020-10-05 14:01:42,995 WARNING root] Done performing with code: 1
[2020-10-05 14:01:42,998 DEBUG root] Closing log handler: /tmp/artifacts/bzt.log
[2020-10-05 14:01:53,782 INFO root] Taurus CLI Tool v1.15.0
[2020-10-05 14:01:53,784 DEBUG root] Command-line options: {'log': '/tmp/artifacts/bzt.log', 'option': None, 'quiet': None, 'verbose': None, 'no_system_configs': None, 'aliases': []}
[2020-10-05 14:01:53,786 DEBUG root] Python: CPython 3.6.9
[2020-10-05 14:01:53,789 DEBUG root] OS: uname_result(system='Linux', node='09f4e6851254', release='4.19.76-linuxkit', version='#1 SMP Tue May 26 11:42:35 UTC 2020', machine='x86_64', processor='x86_64')
[2020-10-05 14:01:53,791 INFO root] Starting with configs: ['test.yml']
[2020-10-05 14:01:53,794 DEBUG root] Using personal config: /root/.bzt-rc
[2020-10-05 14:01:53,796 INFO Engine] Configuring...
[2020-10-05 14:01:53,798 DEBUG Engine] Reading system configs from: /etc/bzt.d
[2020-10-05 14:01:53,875 DEBUG Engine] Base configs list: ['/usr/local/lib/python3.6/dist-packages/bzt/resources/10-base-config.yml', '/etc/bzt.d/50-pbench-enhanced.json', '/etc/bzt.d/90-artifacts-dir.json', '/etc/bzt.d/99-zinstallID.json']
[2020-10-05 14:01:53,876 DEBUG Engine.Configuration] Configs: ['/usr/local/lib/python3.6/dist-packages/bzt/resources/10-base-config.yml', '/etc/bzt.d/50-pbench-enhanced.json', '/etc/bzt.d/90-artifacts-dir.json', '/etc/bzt.d/99-zinstallID.json']
[2020-10-05 14:01:53,877 DEBUG Engine.Configuration] Reading /usr/local/lib/python3.6/dist-packages/bzt/resources/10-base-config.yml as YAML
[2020-10-05 14:01:53,916 DEBUG Engine.Configuration] Reading /etc/bzt.d/50-pbench-enhanced.json as YAML
[2020-10-05 14:01:53,919 DEBUG Engine.Configuration] Reading /etc/bzt.d/90-artifacts-dir.json as YAML
[2020-10-05 14:01:53,921 DEBUG Engine.Configuration] Reading /etc/bzt.d/99-zinstallID.json as YAML
[2020-10-05 14:01:53,922 DEBUG Engine] User configs list: ['/root/.bzt-rc', 'test.yml']
[2020-10-05 14:01:53,923 DEBUG Engine.Configuration] Configs: ['/root/.bzt-rc', 'test.yml']
[2020-10-05 14:01:53,925 DEBUG Engine.Configuration] Reading /root/.bzt-rc as YAML
[2020-10-05 14:01:53,939 DEBUG Engine.Configuration] Reading test.yml as YAML
[2020-10-05 14:01:53,948 DEBUG Engine.Configuration] Configs: ['/root/.bzt-rc', 'test.yml']
[2020-10-05 14:01:53,949 DEBUG Engine.Configuration] Reading /root/.bzt-rc as YAML
[2020-10-05 14:01:53,963 DEBUG Engine.Configuration] Reading test.yml as YAML
[2020-10-05 14:01:53,973 DEBUG Engine] Requesting updates info: https://gettaurus.org/updates/?version=1.15.0&installID=Docker
[2020-10-05 14:01:53,974 INFO Engine] Artifacts dir: /tmp/artifacts
[2020-10-05 14:01:53,975 DEBUG HTTPClient] Making HTTP request GET https://gettaurus.org/updates/?version=1.15.0&installID=Docker
[2020-10-05 14:01:53,983 DEBUG urllib3.connectionpool] Starting new HTTPS connection (1): gettaurus.org:443
[2020-10-05 14:01:53,984 DEBUG Engine] New artifact filename: /tmp/artifacts/effective
[2020-10-05 14:01:53,998 DEBUG Engine.Configuration] Dumping YAML config into /tmp/artifacts/effective.yml
[2020-10-05 14:01:54,044 DEBUG Engine.Configuration] Dumping JSON config into /tmp/artifacts/effective.json
[2020-10-05 14:01:54,056 DEBUG Engine] New artifact filename: /tmp/artifacts/merged-3.yml
[2020-10-05 14:01:54,061 DEBUG Engine.Configuration] Dumping YAML config into /tmp/artifacts/merged-3.yml
[2020-10-05 14:01:54,076 DEBUG Engine] New artifact filename: /tmp/artifacts/merged-3.json
[2020-10-05 14:01:54,081 DEBUG Engine.Configuration] Dumping JSON config into /tmp/artifacts/merged-3.json
[2020-10-05 14:01:54,085 DEBUG Engine] Add existing artifact (move=False): test.yml
[2020-10-05 14:01:54,088 DEBUG Engine] Copying test.yml to /tmp/artifacts/test.yml
[2020-10-05 14:01:54,121 DEBUG Engine] Set PYTHONPATH to '/root/.bzt/python-packages/3.6.9' + '/tmp/artifacts/python-packages/3.6.9' + 
[2020-10-05 14:01:54,123 DEBUG Engine] Content of user packages dir: %s
[2020-10-05 14:01:54,126 DEBUG Engine] OS env: OBJC_DISABLE_INITIALIZE_FORK_SAFETY=YES
[2020-10-05 14:01:54,127 DEBUG Engine] OS env: TAURUS_ARTIFACTS_DIR=/tmp/artifacts
[2020-10-05 14:01:54,128 DEBUG root] Closing log handler: /tmp/artifacts/bzt.log
[2020-10-05 14:01:54,146 DEBUG root] Switched writing logs to /tmp/artifacts/bzt.log
[2020-10-05 14:01:54,147 DEBUG root] Linting config
[2020-10-05 14:01:54,151 INFO Engine] Preparing...
[2020-10-05 14:01:54,157 DEBUG Engine] Module config: consolidator {'class': 'bzt.modules.aggregator.ConsolidatingAggregator'}
[2020-10-05 14:01:54,163 DEBUG root] Importing module: bzt.modules.aggregator
[2020-10-05 14:01:54,396 DEBUG root] Loading class: 'ConsolidatingAggregator' from <module 'bzt.modules.aggregator' from '/usr/local/lib/python3.6/dist-packages/bzt/modules/aggregator.py'>
[2020-10-05 14:01:54,397 DEBUG Engine.consolidator] Buffer scaling setup: percentile 95.0 from [0.0, 50.0, 90.0, 95.0, 99.0, 99.9, 100.0] selected
[2020-10-05 14:01:54,399 DEBUG Engine] Module config: monitoring {'class': 'bzt.modules.monitoring.Monitoring'}
[2020-10-05 14:01:54,399 DEBUG root] Importing module: bzt.modules.monitoring
[2020-10-05 14:01:54,404 DEBUG root] Loading class: 'Monitoring' from <module 'bzt.modules.monitoring' from '/usr/local/lib/python3.6/dist-packages/bzt/modules/monitoring.py'>
[2020-10-05 14:01:54,405 DEBUG Engine] Module config: local {'class': 'bzt.modules.provisioning.Local'}
[2020-10-05 14:01:54,406 DEBUG root] Importing module: bzt.modules.provisioning
[2020-10-05 14:01:54,407 DEBUG root] Loading class: 'Local' from <module 'bzt.modules.provisioning' from '/usr/local/lib/python3.6/dist-packages/bzt/modules/provisioning.py'>
[2020-10-05 14:01:54,409 DEBUG Engine] Module config: jmeter {'class': 'bzt.modules.jmeter.JMeterExecutor', 'protocol-handlers': {'http': 'bzt.jmx.http.HTTPProtocolHandler'}, 'plugins': ['jpgc-casutg', 'jpgc-dummy', 'jpgc-ffw', 'jpgc-fifo', 'jpgc-functions', 'jpgc-json', 'jpgc-perfmon', 'jpgc-prmctl', 'jpgc-tst'], 'properties': {'jmeter.save.saveservice.autoflush': 'true', 'jmeter.save.saveservice.connect_time': 'true', 'jmeterengine.force.system.exit': 'true', 'summariser.name': ''}}
[2020-10-05 14:01:54,410 DEBUG root] Importing module: bzt.modules.jmeter
[2020-10-05 14:01:54,431 DEBUG root] Loading class: 'JMeterExecutor' from <module 'bzt.modules.jmeter' from '/usr/local/lib/python3.6/dist-packages/bzt/modules/jmeter.py'>
[2020-10-05 14:01:54,433 DEBUG Engine.local] Preparing executor: jmeter/140700316053688
[2020-10-05 14:01:54,443 DEBUG Engine] New artifact filename: /tmp/artifacts/jmeter-3.log
[2020-10-05 14:01:54,444 DEBUG Engine.jmeter] Checking if port 4445 is free
[2020-10-05 14:01:54,446 DEBUG Engine.jmeter] Port 4445 is free
[2020-10-05 14:01:54,448 DEBUG Engine.jmeter] Using port 4445 for management
[2020-10-05 14:01:54,458 DEBUG Engine] New artifact filename: /tmp/artifacts/requests-3.jmx
[2020-10-05 14:01:54,460 DEBUG root] Importing module: bzt.jmx.http
[2020-10-05 14:01:54,464 DEBUG root] Loading class: 'HTTPProtocolHandler' from <module 'bzt.jmx.http' from '/usr/local/lib/python3.6/dist-packages/bzt/jmx/http.py'>
[2020-10-05 14:01:54,471 DEBUG JMeterScenarioBuilder] Saving JMX to: /tmp/artifacts/requests-3.jmx
[2020-10-05 14:01:54,481 DEBUG Engine.jmeter] Additional system properties {'sun.net.inetaddr.ttl': 0}
[2020-10-05 14:01:54,494 DEBUG Engine] New artifact filename: /tmp/artifacts/system-3.properties
[2020-10-05 14:01:54,502 DEBUG Engine.jmeter] Additional properties: {'jmeter.save.saveservice.autoflush': 'true', 'jmeter.save.saveservice.connect_time': 'true', 'jmeterengine.force.system.exit': 'true', 'summariser.name': '', 'jmeterengine.nongui.port': 4445, 'jmeterengine.nongui.maxport': 4445, 'jmeter.save.saveservice.timestamp_format': 'ms', 'sampleresult.default.encoding': 'UTF-8', 'user.classpath': '/tmp/artifacts:/tmp/artifacts'}
[2020-10-05 14:01:54,512 DEBUG Engine] New artifact filename: /tmp/artifacts/jmeter-bzt-3.properties
[2020-10-05 14:01:54,521 DEBUG Engine.jmeter.JavaVM] Trying JavaVM: ['java', '-version']
[2020-10-05 14:01:54,523 DEBUG root] Executing shell: ['java', '-version'] at .
[2020-10-05 14:01:54,762 DEBUG Engine.jmeter.JavaVM] JavaVM output: openjdk version "1.8.0_265"
OpenJDK Runtime Environment (build 1.8.0_265-8u265-b01-0ubuntu2~18.04-b01)
OpenJDK 64-Bit Server VM (build 25.265-b01, mixed mode)

[2020-10-05 14:01:54,763 DEBUG Engine.jmeter.TclLibrary] We don't need to check tcl library on this platform
[2020-10-05 14:01:54,764 DEBUG Engine.jmeter.JMeter] Trying JMeter..
[2020-10-05 14:01:54,766 DEBUG root] Executing shell: ['/root/.bzt/jmeter-taurus/5.2.1/bin/jmeter.sh', '-j', '/tmp/jmetercepah385log', '--version'] at .
[2020-10-05 14:01:54,991 DEBUG urllib3.connectionpool] https://gettaurus.org:443 "GET /updates/?version=1.15.0&installID=Docker HTTP/1.1" 200 40
[2020-10-05 14:01:54,994 DEBUG Engine] Taurus updates info: {'latest': '1.15.0', 'needsUpgrade': False}
[2020-10-05 14:01:54,995 DEBUG Engine] Installation is up-to-date
[2020-10-05 14:01:57,987 DEBUG Engine.jmeter.JMeter] JMeter check:     _    ____   _    ____ _   _ _____       _ __  __ _____ _____ _____ ____
   / \  |  _ \ / \  / ___| | | | ____|     | |  \/  | ____|_   _| ____|  _ \
  / _ \ | |_) / _ \| |   | |_| |  _|    _  | | |\/| |  _|   | | |  _| | |_) |
 / ___ \|  __/ ___ \ |___|  _  | |___  | |_| | |  | | |___  | | | |___|  _ <
/_/   \_\_| /_/   \_\____|_| |_|_____|  \___/|_|  |_|_____| |_| |_____|_| \_\ 5.2.1

Copyright (c) 1999-2019 The Apache Software Foundation

 / 
[2020-10-05 14:01:58,005 DEBUG Engine] New artifact filename: /tmp/artifacts/kpi-3.jtl
[2020-10-05 14:01:58,015 DEBUG Engine] New artifact filename: /tmp/artifacts/error-3.jtl
[2020-10-05 14:01:58,017 DEBUG Engine.jmeter.LoadSettingsProcessor] Load: LoadSpec(concurrency=10, throughput=None, ramp_up=60.0, hold=150.0, iterations=0, duration=210.0, steps=None)
[2020-10-05 14:01:58,020 DEBUG Engine.jmeter.LoadSettingsProcessor.ThreadGroupHandler] Converting ThreadGroup (simple) to ConcurrencyThreadGroup and apply load parameters
[2020-10-05 14:01:58,022 DEBUG Engine] New artifact filename: /tmp/artifacts/modified_requests-3.jmx
[2020-10-05 14:01:58,023 DEBUG JMX] Saving JMX to: /tmp/artifacts/modified_requests-3.jmx
[2020-10-05 14:01:58,035 DEBUG root] Executing shell: ['/root/.bzt/jmeter-taurus/5.2.1/bin/PluginsManagerCMD.sh', 'install-for-jmx', '/tmp/artifacts/modified_requests-3.jmx'] at .
[2020-10-05 14:02:04,845 DEBUG Engine.jmeter.JMeter] Try to detect plugins for /tmp/artifacts/modified_requests-3.jmx
2020-10-05 14:02:00,452 INFO o.j.r.PluginManagerCMD: Command is: install-for-jmx
2020-10-05 14:02:00,581 INFO o.j.r.JARSourceHTTP: Requesting https://jmeter-plugins.org/repo/?installID=linux-5a5308623753a374bf3b7ae02390c369-nongui
2020-10-05 14:02:03,247 INFO o.j.r.PluginManager: Plugins Status: [jpgc-functions=2.1, jpgc-casutg=2.9, jpgc-dummy=0.4, jpgc-ffw=2.0, jpgc-fifo=0.2, jpgc-json=2.7, jpgc-prmctl=0.4, jpgc-perfmon=2.1, jpgc-plugins-manager=1.3, jpgc-tst=2.5, jmeter-core=5.2.1, jmeter-ftp=5.2.1, jmeter-http=5.2.1, jmeter-jdbc=5.2.1, jmeter-jms=5.2.1, jmeter-junit=5.2.1, jmeter-java=5.2.1, jmeter-ldap=5.2.1, jmeter-mail=5.2.1, jmeter-mongodb=5.2.1, jmeter-native=5.2.1, jmeter-tcp=5.2.1, jmeter-components=5.2.1]
2020-10-05 14:02:03,256 INFO o.j.r.PluginManagerCMD: Params line is: /tmp/artifacts/modified_requests-3.jmx
2020-10-05 14:02:04,184 INFO o.a.j.s.SaveService: Testplan (JMX) version: 2.2. Testlog (JTL) version: 2.2
2020-10-05 14:02:04,225 INFO o.a.j.s.SaveService: Using SaveService properties file encoding UTF-8
2020-10-05 14:02:04,239 INFO o.a.j.s.SaveService: Using SaveService properties version 5.0
2020-10-05 14:02:04,367 INFO o.a.j.p.h.c.CacheManager: Will only cache the following methods: [GET]
2020-10-05 14:02:04,379 INFO o.a.j.p.h.c.CookieManager: Settings: Delete null: true Check: true Allow variable: true Save: false Prefix: COOKIE_
2020-10-05 14:02:04,587 INFO o.a.j.p.h.s.HTTPSamplerBase: Parser for text/html is org.apache.jmeter.protocol.http.parser.LagartoBasedHtmlParser
2020-10-05 14:02:04,588 INFO o.a.j.p.h.s.HTTPSamplerBase: Parser for application/xhtml+xml is org.apache.jmeter.protocol.http.parser.LagartoBasedHtmlParser
2020-10-05 14:02:04,589 INFO o.a.j.p.h.s.HTTPSamplerBase: Parser for application/xml is org.apache.jmeter.protocol.http.parser.LagartoBasedHtmlParser
2020-10-05 14:02:04,593 INFO o.a.j.p.h.s.HTTPSamplerBase: Parser for text/xml is org.apache.jmeter.protocol.http.parser.LagartoBasedHtmlParser
2020-10-05 14:02:04,594 INFO o.a.j.p.h.s.HTTPSamplerBase: Parser for text/vnd.wap.wml is org.apache.jmeter.protocol.http.parser.RegexpHTMLParser
2020-10-05 14:02:04,596 INFO o.a.j.p.h.s.HTTPSamplerBase: Parser for text/css is org.apache.jmeter.protocol.http.parser.CssParser
2020-10-05 14:02:04,776 INFO o.j.r.PluginManager: Finishing without changes


[2020-10-05 14:02:04,857 DEBUG Engine] New artifact filename: /tmp/artifacts/jmeter-3.out
[2020-10-05 14:02:04,871 DEBUG Engine] New artifact filename: /tmp/artifacts/jmeter-3.err
[2020-10-05 14:02:04,877 DEBUG Engine] Module config: final-stats {'class': 'bzt.modules.reporting.FinalStatus'}
[2020-10-05 14:02:04,878 DEBUG root] Importing module: bzt.modules.reporting
[2020-10-05 14:02:04,910 DEBUG easyprocess] version=0.3
[2020-10-05 14:02:04,913 DEBUG pyvirtualdisplay] version=1.3.2
[2020-10-05 14:02:04,916 DEBUG root] Loading class: 'FinalStatus' from <module 'bzt.modules.reporting' from '/usr/local/lib/python3.6/dist-packages/bzt/modules/reporting.py'>
[2020-10-05 14:02:04,918 DEBUG Engine] Module config: console {'class': 'bzt.modules.console.ConsoleStatusReporter'}
[2020-10-05 14:02:04,919 DEBUG root] Importing module: bzt.modules.console
[2020-10-05 14:02:04,920 DEBUG root] Loading class: 'ConsoleStatusReporter' from <module 'bzt.modules.console' from '/usr/local/lib/python3.6/dist-packages/bzt/modules/console.py'>
[2020-10-05 14:02:04,921 DEBUG Engine] Module config: passfail {'class': 'bzt.modules.passfail.PassFailStatus'}
[2020-10-05 14:02:04,922 DEBUG root] Importing module: bzt.modules.passfail
[2020-10-05 14:02:04,924 DEBUG root] Loading class: 'PassFailStatus' from <module 'bzt.modules.passfail' from '/usr/local/lib/python3.6/dist-packages/bzt/modules/passfail.py'>
[2020-10-05 14:02:04,935 DEBUG root] Importing module: bzt.modules.passfail
[2020-10-05 14:02:04,936 DEBUG root] Loading class: 'DataCriterion' from <module 'bzt.modules.passfail' from '/usr/local/lib/python3.6/dist-packages/bzt/modules/passfail.py'>
[2020-10-05 14:02:04,937 DEBUG root] Importing module: bzt.modules.passfail
[2020-10-05 14:02:04,938 DEBUG root] Loading class: 'DataCriterion' from <module 'bzt.modules.passfail' from '/usr/local/lib/python3.6/dist-packages/bzt/modules/passfail.py'>
[2020-10-05 14:02:04,947 DEBUG Engine.Configuration] Dumping YAML config into /tmp/artifacts/effective.yml
[2020-10-05 14:02:04,993 DEBUG Engine.Configuration] Dumping JSON config into /tmp/artifacts/effective.json
[2020-10-05 14:02:04,998 INFO Engine] Starting...
[2020-10-05 14:02:05,005 DEBUG Engine] Startup <bzt.modules.monitoring.Monitoring object at 0x7ff765a03a58>
[2020-10-05 14:02:05,007 DEBUG Engine] Startup <bzt.modules.aggregator.ConsolidatingAggregator object at 0x7ff765a03d30>
[2020-10-05 14:02:05,012 DEBUG Engine] Startup <bzt.modules.reporting.FinalStatus object at 0x7ff76b2758d0>
[2020-10-05 14:02:05,014 DEBUG Engine] Startup <bzt.modules.console.ConsoleStatusReporter object at 0x7ff75859d9e8>
[2020-10-05 14:02:05,018 INFO Engine.console] Waiting for results...
[2020-10-05 14:02:05,021 DEBUG Engine] Startup <bzt.modules.passfail.PassFailStatus object at 0x7ff758559860>
[2020-10-05 14:02:05,025 DEBUG Engine] Startup <bzt.modules.reporting.FinalStatus object at 0x7ff7585009b0>
[2020-10-05 14:02:05,027 DEBUG Engine] Startup <bzt.modules.provisioning.Local object at 0x7ff765a532e8>
[2020-10-05 14:02:05,028 DEBUG Engine.local] Delay setup for jmeter/simple: 0(start-at) + 0(delay) = 0
[2020-10-05 14:02:05,046 DEBUG Engine.Configuration] Dumping YAML config into /tmp/artifacts/effective.yml
[2020-10-05 14:02:05,091 DEBUG Engine.Configuration] Dumping JSON config into /tmp/artifacts/effective.json
[2020-10-05 14:02:05,096 DEBUG root] Leveling down log file verbosity to INFO, use -v option to have DEBUG messages enabled
[2020-10-05 14:02:05,097 DEBUG root] Leveled up log file verbosity
[2020-10-05 14:02:05,100 DEBUG root] Executing shell: ['/root/.bzt/jmeter-taurus/5.2.1/bin/jmeter.sh', '-t', '/tmp/artifacts/modified_requests-3.jmx', '-j', '/tmp/artifacts/jmeter-3.log', '-q', '/tmp/artifacts/jmeter-bzt-3.properties', '-n', '-S', '/tmp/artifacts/system-3.properties'] at /bzt-configs
[2020-10-05 14:02:05,108 DEBUG Engine.local] Starting execution: jmeter/simple, rest of available slots: 9223372036854775806
[2020-10-05 14:02:05,110 DEBUG root] Leveling down log file verbosity to INFO, use -v option to have DEBUG messages enabled
[2020-10-05 14:02:05,346 INFO Engine.console] Waiting for finish...
[2020-10-05 14:05:58,651 INFO Engine.jmeter.JTLReader] Changed data analysis delay to 277s
[2020-10-05 14:08:53,845 WARNING Engine] Please wait for graceful shutdown...
[2020-10-05 14:08:53,859 DEBUG root] Leveled up log file verbosity
[2020-10-05 14:08:53,860 INFO Engine] Shutting down...
[2020-10-05 14:08:53,869 DEBUG Engine] Current stop reason: 
[2020-10-05 14:08:53,871 DEBUG Engine.local] Shutdown jmeter/simple
[2020-10-05 14:08:54,876 INFO Engine.jmeter] Sending Shutdown command to JMeter on port 4445...
[2020-10-05 14:08:56,897 DEBUG Engine.jmeter] JMeter stopped on Shutdown command
[2020-10-05 14:08:56,900 DEBUG Engine.console] Restoring logging streams, [<StreamHandler (INFO)>]/{<StreamHandler (INFO)>: <_io.TextIOWrapper name='<stdout>' mode='w' encoding='UTF-8'>}
[2020-10-05 14:08:56,922 DEBUG Engine.Configuration] Dumping YAML config into /tmp/artifacts/effective.yml
[2020-10-05 14:08:57,003 DEBUG Engine.Configuration] Dumping JSON config into /tmp/artifacts/effective.json
[2020-10-05 14:08:57,011 WARNING root] Keyboard interrupt
[2020-10-05 14:08:57,020 DEBUG root] KeyboardInterrupt: 
  File "/usr/local/lib/python3.6/dist-packages/bzt/cli.py", line 260, in perform
    self.engine.run()
  File "/usr/local/lib/python3.6/dist-packages/bzt/engine/engine.py", line 269, in run
    reraise(exc_info, exc_value)
  File "/usr/local/lib/python3.6/dist-packages/bzt/utils.py", line 102, in reraise
    raise exc
  File "/usr/local/lib/python3.6/dist-packages/bzt/engine/engine.py", line 248, in run
    self._wait()
  File "/usr/local/lib/python3.6/dist-packages/bzt/engine/engine.py", line 297, in _wait
    time.sleep(delay)
[2020-10-05 14:08:57,022 INFO Engine] Post-processing...
[2020-10-05 14:08:57,026 DEBUG Engine.local] Post-process jmeter/simple
[2020-10-05 14:08:57,030 DEBUG Engine] Add existing artifact (move=True): /tmp/artifacts/modified_requests-3.jmx
[2020-10-05 14:08:57,031 DEBUG Engine] No need to copy /tmp/artifacts/modified_requests-3.jmx
[2020-10-05 14:08:57,047 DEBUG Engine.jmeter.JTLErrorsReader] Read bytes from error file: 17
[2020-10-05 14:08:57,057 DEBUG Engine.jmeter.JTLReader.IncrementalCSVReader] Read: 4 lines / 481 bytes (at speed 1048576)
[2020-10-05 14:08:57,061 DEBUG Engine.jmeter.JTLReader] Putting sample 1601906546 into 1601906589
[2020-10-05 14:08:57,062 DEBUG Engine.jmeter.JTLReader] Putting sample 1601906558 into 1601906589
[2020-10-05 14:08:57,065 DEBUG Engine.jmeter.JTLReader] Putting sample 1601906576 into 1601906589
[2020-10-05 14:08:57,066 DEBUG Engine.jmeter.JTLReader] Putting sample 1601906564 into 1601906589
[2020-10-05 14:08:57,067 DEBUG Engine.jmeter.JTLReader] Buffer len: 2; Known errors count: 4
[2020-10-05 14:08:57,069 DEBUG Engine.jmeter.JTLReader] Aggregating: 1601906589, 2 in buffer
[2020-10-05 14:08:57,074 DEBUG aggregator] Growing HDR from 139000.0 to 257000.0
[2020-10-05 14:08:57,077 DEBUG aggregator] Growing HDR from 257000.0 to 294000.0
[2020-10-05 14:08:57,098 DEBUG aggregator] Growing HDR from 294000.0 to 331000.0
[2020-10-05 14:08:57,102 DEBUG aggregator] Growing HDR from 139000.0 to 331000.0
[2020-10-05 14:08:57,138 DEBUG Engine.jmeter.JTLErrorsReader] Got error info for 1601906589, labels: dict_keys(['https://www.sf-test1.com/de-de', ''])
[2020-10-05 14:08:57,146 DEBUG aggregator] Growing HDR from 139000.0 to 331000.0
[2020-10-05 14:08:57,166 DEBUG aggregator] Growing HDR from 139000.0 to 331000.0
[2020-10-05 14:08:57,191 DEBUG Engine.jmeter.JTLReader] Aggregating: 1601906728, 1 in buffer
[2020-10-05 14:08:57,193 DEBUG aggregator] Growing HDR from 5000.0 to 31000.0
[2020-10-05 14:08:57,233 DEBUG Engine.jmeter.JTLReader] Buffer len: 0; Known errors count: 4
[2020-10-05 14:08:57,234 DEBUG Engine.consolidator] Consolidator buffer[3]: dict_keys([1601906588, 1601906589, 1601906728])
[2020-10-05 14:08:57,235 DEBUG Engine.consolidator] Merging into 1601906588
[2020-10-05 14:08:57,237 DEBUG Engine.consolidator] Bypassing consolidation because of single result
[2020-10-05 14:08:57,529 DEBUG Engine.passfail] No label IndexPage in dict_keys(['https://www.sf-test1.com/de-de', ''])
[2020-10-05 14:08:57,530 DEBUG Engine.passfail] No label CheckoutPage in dict_keys(['https://www.sf-test1.com/de-de', ''])
[2020-10-05 14:08:57,531 DEBUG Engine.consolidator] Processed datapoint: 1601906588/ConsolidatingAggregator@140700538649904
[2020-10-05 14:08:57,532 DEBUG Engine.consolidator] Merging into 1601906589
[2020-10-05 14:08:57,534 DEBUG Engine.consolidator] Bypassing consolidation because of single result
[2020-10-05 14:08:57,540 DEBUG aggregator] Growing HDR from 139000.0 to 331000.0
[2020-10-05 14:08:57,555 DEBUG aggregator] Growing HDR from 139000.0 to 331000.0
[2020-10-05 14:08:57,794 DEBUG Engine.passfail] No label IndexPage in dict_keys(['https://www.sf-test1.com/de-de', ''])
[2020-10-05 14:08:57,796 DEBUG Engine.passfail] No label CheckoutPage in dict_keys(['https://www.sf-test1.com/de-de', ''])
[2020-10-05 14:08:57,797 DEBUG Engine.consolidator] Processed datapoint: 1601906589/ConsolidatingAggregator@140700538649904
[2020-10-05 14:08:57,798 DEBUG Engine.consolidator] Merging into 1601906728
[2020-10-05 14:08:57,798 DEBUG Engine.consolidator] Bypassing consolidation because of single result
[2020-10-05 14:08:57,990 DEBUG Engine.passfail] No label IndexPage in dict_keys(['https://www.sf-test1.com/de-de/shop/register', ''])
[2020-10-05 14:08:57,991 DEBUG Engine.passfail] No label CheckoutPage in dict_keys(['https://www.sf-test1.com/de-de/shop/register', ''])
[2020-10-05 14:08:57,992 DEBUG Engine.consolidator] Processed datapoint: 1601906728/ConsolidatingAggregator@140700538649904
[2020-10-05 14:08:57,993 INFO Engine.final-stats] Test duration: 0:06:51
[2020-10-05 14:08:57,997 INFO Engine.final-stats] Samples count: 11, 36.36% failures
[2020-10-05 14:08:58,004 INFO Engine.final-stats] Average times: total 175.482, latency 9.635, connect 9.094
[2020-10-05 14:08:58,012 INFO Engine.final-stats] Percentiles:
(0lqqqqqqqqqqqqqqqwqqqqqqqqqqqqqqqk(B
(0x(B Percentile, % (0x(B Resp. Time, s (0x(B
(0tqqqqqqqqqqqqqqqnqqqqqqqqqqqqqqqu(B
(0x(B           0.0 (0x(B          1.35 (0x(B
(0x(B          50.0 (0x(B       183.936 (0x(B
(0x(B          90.0 (0x(B       311.552 (0x(B
(0x(B          95.0 (0x(B       329.984 (0x(B
(0x(B          99.0 (0x(B       329.984 (0x(B
(0x(B          99.9 (0x(B       329.984 (0x(B
(0x(B         100.0 (0x(B       329.984 (0x(B
(0mqqqqqqqqqqqqqqqvqqqqqqqqqqqqqqqj(B
[2020-10-05 14:08:58,022 INFO Engine.final-stats] Request label stats:
(0lqqqqqqqqqqqqqqqqqqqqqqqqqqqqqqqqqqqqqqqqqqqqqqwqqqqqqqqwqqqqqqqqqwqqqqqqqqqwqqqqqqqqqqqqqqqqqqqqqqqqqqqqqqqqqqqqqqqqqqqqqqqqqqqqqqqqqqqqqqqqqqqqqqqqqqqqqqqqqqqqqqqqqqqqqqk(B
(0x(B label                                        (0x(B status (0x(B    succ (0x(B  avg_rt (0x(B error                                                                                        (0x(B
(0tqqqqqqqqqqqqqqqqqqqqqqqqqqqqqqqqqqqqqqqqqqqqqqnqqqqqqqqnqqqqqqqqqnqqqqqqqqqnqqqqqqqqqqqqqqqqqqqqqqqqqqqqqqqqqqqqqqqqqqqqqqqqqqqqqqqqqqqqqqqqqqqqqqqqqqqqqqqqqqqqqqqqqqqqqqu(B
(0x(B https://www.sf-test1.com/de-de               (0x(B  FAIL  (0x(B  60.00% (0x(B 190.003 (0x(B Non HTTP response message: Premature end of chunk coded message body: closing chunk expected (0x(B
(0x(B https://www.sf-test1.com/de-de/shop/register (0x(B   OK   (0x(B 100.00% (0x(B  30.269 (0x(B                                                                                              (0x(B
(0mqqqqqqqqqqqqqqqqqqqqqqqqqqqqqqqqqqqqqqqqqqqqqqvqqqqqqqqvqqqqqqqqqvqqqqqqqqqvqqqqqqqqqqqqqqqqqqqqqqqqqqqqqqqqqqqqqqqqqqqqqqqqqqqqqqqqqqqqqqqqqqqqqqqqqqqqqqqqqqqqqqqqqqqqqqj(B
[2020-10-05 14:08:58,029 DEBUG Engine.console] No logger_handler or orig_stream was detected
[2020-10-05 14:08:58,031 INFO Engine.final-stats] Test duration: 0:06:51
[2020-10-05 14:08:58,034 INFO Engine.final-stats] Samples count: 11, 36.36% failures
[2020-10-05 14:08:58,037 INFO Engine.final-stats] Average times: total 175.482, latency 9.635, connect 9.094
[2020-10-05 14:08:58,042 INFO Engine.final-stats] Percentiles:
(0lqqqqqqqqqqqqqqqwqqqqqqqqqqqqqqqk(B
(0x(B Percentile, % (0x(B Resp. Time, s (0x(B
(0tqqqqqqqqqqqqqqqnqqqqqqqqqqqqqqqu(B
(0x(B           0.0 (0x(B          1.35 (0x(B
(0x(B          50.0 (0x(B       183.936 (0x(B
(0x(B          90.0 (0x(B       311.552 (0x(B
(0x(B          95.0 (0x(B       329.984 (0x(B
(0x(B          99.0 (0x(B       329.984 (0x(B
(0x(B          99.9 (0x(B       329.984 (0x(B
(0x(B         100.0 (0x(B       329.984 (0x(B
(0mqqqqqqqqqqqqqqqvqqqqqqqqqqqqqqqj(B
[2020-10-05 14:08:58,047 INFO Engine.final-stats] Dumping final status as XML: p.output.xml
[2020-10-05 14:08:58,321 INFO Engine.final-stats] Dumping final status as CSV: p.output.csv
[2020-10-05 14:08:58,346 DEBUG Engine.Configuration] Dumping YAML config into /tmp/artifacts/effective.yml
[2020-10-05 14:08:58,438 DEBUG Engine.Configuration] Dumping JSON config into /tmp/artifacts/effective.json
[2020-10-05 14:08:58,469 INFO root] Artifacts dir: /tmp/artifacts
[2020-10-05 14:08:58,479 WARNING root] Done performing with code: 1
[2020-10-05 14:08:58,482 DEBUG root] Closing log handler: /tmp/artifacts/bzt.log
[2020-10-05 14:12:23,557 INFO root] Taurus CLI Tool v1.15.0
[2020-10-05 14:12:23,561 DEBUG root] Command-line options: {'log': '/tmp/artifacts/bzt.log', 'option': None, 'quiet': None, 'verbose': None, 'no_system_configs': None, 'aliases': []}
[2020-10-05 14:12:23,568 DEBUG root] Python: CPython 3.6.9
[2020-10-05 14:12:23,570 DEBUG root] OS: uname_result(system='Linux', node='809e410fdc12', release='4.19.76-linuxkit', version='#1 SMP Tue May 26 11:42:35 UTC 2020', machine='x86_64', processor='x86_64')
[2020-10-05 14:12:23,574 INFO root] Starting with configs: ['test.yml']
[2020-10-05 14:12:23,576 DEBUG root] Using personal config: /root/.bzt-rc
[2020-10-05 14:12:23,579 INFO Engine] Configuring...
[2020-10-05 14:12:23,581 DEBUG Engine] Reading system configs from: /etc/bzt.d
[2020-10-05 14:12:23,664 DEBUG Engine] Base configs list: ['/usr/local/lib/python3.6/dist-packages/bzt/resources/10-base-config.yml', '/etc/bzt.d/50-pbench-enhanced.json', '/etc/bzt.d/90-artifacts-dir.json', '/etc/bzt.d/99-zinstallID.json']
[2020-10-05 14:12:23,665 DEBUG Engine.Configuration] Configs: ['/usr/local/lib/python3.6/dist-packages/bzt/resources/10-base-config.yml', '/etc/bzt.d/50-pbench-enhanced.json', '/etc/bzt.d/90-artifacts-dir.json', '/etc/bzt.d/99-zinstallID.json']
[2020-10-05 14:12:23,666 DEBUG Engine.Configuration] Reading /usr/local/lib/python3.6/dist-packages/bzt/resources/10-base-config.yml as YAML
[2020-10-05 14:12:23,703 DEBUG Engine.Configuration] Reading /etc/bzt.d/50-pbench-enhanced.json as YAML
[2020-10-05 14:12:23,705 DEBUG Engine.Configuration] Reading /etc/bzt.d/90-artifacts-dir.json as YAML
[2020-10-05 14:12:23,706 DEBUG Engine.Configuration] Reading /etc/bzt.d/99-zinstallID.json as YAML
[2020-10-05 14:12:23,707 DEBUG Engine] User configs list: ['/root/.bzt-rc', 'test.yml']
[2020-10-05 14:12:23,707 DEBUG Engine.Configuration] Configs: ['/root/.bzt-rc', 'test.yml']
[2020-10-05 14:12:23,709 DEBUG Engine.Configuration] Reading /root/.bzt-rc as YAML
[2020-10-05 14:12:23,720 DEBUG Engine.Configuration] Reading test.yml as YAML
[2020-10-05 14:12:23,732 DEBUG Engine.Configuration] Configs: ['/root/.bzt-rc', 'test.yml']
[2020-10-05 14:12:23,735 DEBUG Engine.Configuration] Reading /root/.bzt-rc as YAML
[2020-10-05 14:12:23,747 DEBUG Engine.Configuration] Reading test.yml as YAML
[2020-10-05 14:12:23,756 DEBUG Engine] Requesting updates info: https://gettaurus.org/updates/?version=1.15.0&installID=Docker
[2020-10-05 14:12:23,757 INFO Engine] Artifacts dir: /tmp/artifacts
[2020-10-05 14:12:23,758 DEBUG HTTPClient] Making HTTP request GET https://gettaurus.org/updates/?version=1.15.0&installID=Docker
[2020-10-05 14:12:23,761 DEBUG Engine] New artifact filename: /tmp/artifacts/effective
[2020-10-05 14:12:23,773 DEBUG Engine.Configuration] Dumping YAML config into /tmp/artifacts/effective.yml
[2020-10-05 14:12:23,781 DEBUG urllib3.connectionpool] Starting new HTTPS connection (1): gettaurus.org:443
[2020-10-05 14:12:23,812 DEBUG Engine.Configuration] Dumping JSON config into /tmp/artifacts/effective.json
[2020-10-05 14:12:23,820 DEBUG Engine] New artifact filename: /tmp/artifacts/merged-4.yml
[2020-10-05 14:12:23,823 DEBUG Engine.Configuration] Dumping YAML config into /tmp/artifacts/merged-4.yml
[2020-10-05 14:12:23,835 DEBUG Engine] New artifact filename: /tmp/artifacts/merged-4.json
[2020-10-05 14:12:23,838 DEBUG Engine.Configuration] Dumping JSON config into /tmp/artifacts/merged-4.json
[2020-10-05 14:12:23,840 DEBUG Engine] Add existing artifact (move=False): test.yml
[2020-10-05 14:12:23,842 DEBUG Engine] Copying test.yml to /tmp/artifacts/test.yml
[2020-10-05 14:12:23,859 DEBUG Engine] Set PYTHONPATH to '/root/.bzt/python-packages/3.6.9' + '/tmp/artifacts/python-packages/3.6.9' + 
[2020-10-05 14:12:23,860 DEBUG Engine] Content of user packages dir: %s
[2020-10-05 14:12:23,861 DEBUG Engine] OS env: OBJC_DISABLE_INITIALIZE_FORK_SAFETY=YES
[2020-10-05 14:12:23,862 DEBUG Engine] OS env: TAURUS_ARTIFACTS_DIR=/tmp/artifacts
[2020-10-05 14:12:23,863 DEBUG root] Closing log handler: /tmp/artifacts/bzt.log
[2020-10-05 14:12:23,867 DEBUG root] Switched writing logs to /tmp/artifacts/bzt.log
[2020-10-05 14:12:23,868 DEBUG root] Linting config
[2020-10-05 14:12:23,871 INFO Engine] Preparing...
[2020-10-05 14:12:23,874 DEBUG Engine] Module config: consolidator {'class': 'bzt.modules.aggregator.ConsolidatingAggregator'}
[2020-10-05 14:12:23,875 DEBUG root] Importing module: bzt.modules.aggregator
[2020-10-05 14:12:24,076 DEBUG root] Loading class: 'ConsolidatingAggregator' from <module 'bzt.modules.aggregator' from '/usr/local/lib/python3.6/dist-packages/bzt/modules/aggregator.py'>
[2020-10-05 14:12:24,077 DEBUG Engine.consolidator] Buffer scaling setup: percentile 95.0 from [0.0, 50.0, 90.0, 95.0, 99.0, 99.9, 100.0] selected
[2020-10-05 14:12:24,078 DEBUG Engine] Module config: monitoring {'class': 'bzt.modules.monitoring.Monitoring'}
[2020-10-05 14:12:24,079 DEBUG root] Importing module: bzt.modules.monitoring
[2020-10-05 14:12:24,082 DEBUG root] Loading class: 'Monitoring' from <module 'bzt.modules.monitoring' from '/usr/local/lib/python3.6/dist-packages/bzt/modules/monitoring.py'>
[2020-10-05 14:12:24,083 DEBUG Engine] Module config: local {'class': 'bzt.modules.provisioning.Local'}
[2020-10-05 14:12:24,084 DEBUG root] Importing module: bzt.modules.provisioning
[2020-10-05 14:12:24,084 DEBUG root] Loading class: 'Local' from <module 'bzt.modules.provisioning' from '/usr/local/lib/python3.6/dist-packages/bzt/modules/provisioning.py'>
[2020-10-05 14:12:24,085 DEBUG Engine] Module config: jmeter {'class': 'bzt.modules.jmeter.JMeterExecutor', 'protocol-handlers': {'http': 'bzt.jmx.http.HTTPProtocolHandler'}, 'plugins': ['jpgc-casutg', 'jpgc-dummy', 'jpgc-ffw', 'jpgc-fifo', 'jpgc-functions', 'jpgc-json', 'jpgc-perfmon', 'jpgc-prmctl', 'jpgc-tst'], 'properties': {'jmeter.save.saveservice.autoflush': 'true', 'jmeter.save.saveservice.connect_time': 'true', 'jmeterengine.force.system.exit': 'true', 'summariser.name': ''}}
[2020-10-05 14:12:24,086 DEBUG root] Importing module: bzt.modules.jmeter
[2020-10-05 14:12:24,115 DEBUG root] Loading class: 'JMeterExecutor' from <module 'bzt.modules.jmeter' from '/usr/local/lib/python3.6/dist-packages/bzt/modules/jmeter.py'>
[2020-10-05 14:12:24,116 DEBUG Engine.local] Preparing executor: jmeter/140056425463992
[2020-10-05 14:12:24,123 DEBUG Engine] New artifact filename: /tmp/artifacts/jmeter-4.log
[2020-10-05 14:12:24,124 DEBUG Engine.jmeter] Checking if port 4445 is free
[2020-10-05 14:12:24,126 DEBUG Engine.jmeter] Port 4445 is free
[2020-10-05 14:12:24,126 DEBUG Engine.jmeter] Using port 4445 for management
[2020-10-05 14:12:24,132 DEBUG Engine] New artifact filename: /tmp/artifacts/requests-4.jmx
[2020-10-05 14:12:24,134 DEBUG root] Importing module: bzt.jmx.http
[2020-10-05 14:12:24,135 DEBUG root] Loading class: 'HTTPProtocolHandler' from <module 'bzt.jmx.http' from '/usr/local/lib/python3.6/dist-packages/bzt/jmx/http.py'>
[2020-10-05 14:12:24,140 DEBUG JMeterScenarioBuilder] Saving JMX to: /tmp/artifacts/requests-4.jmx
[2020-10-05 14:12:24,147 DEBUG Engine.jmeter] Additional system properties {'sun.net.inetaddr.ttl': 0}
[2020-10-05 14:12:24,158 DEBUG Engine] New artifact filename: /tmp/artifacts/system-4.properties
[2020-10-05 14:12:24,164 DEBUG Engine.jmeter] Additional properties: {'jmeter.save.saveservice.autoflush': 'true', 'jmeter.save.saveservice.connect_time': 'true', 'jmeterengine.force.system.exit': 'true', 'summariser.name': '', 'jmeterengine.nongui.port': 4445, 'jmeterengine.nongui.maxport': 4445, 'jmeter.save.saveservice.timestamp_format': 'ms', 'sampleresult.default.encoding': 'UTF-8', 'user.classpath': '/tmp/artifacts:/tmp/artifacts'}
[2020-10-05 14:12:24,173 DEBUG Engine] New artifact filename: /tmp/artifacts/jmeter-bzt-4.properties
[2020-10-05 14:12:24,179 DEBUG Engine.jmeter.JavaVM] Trying JavaVM: ['java', '-version']
[2020-10-05 14:12:24,180 DEBUG root] Executing shell: ['java', '-version'] at .
[2020-10-05 14:12:24,434 DEBUG Engine.jmeter.JavaVM] JavaVM output: openjdk version "1.8.0_265"
OpenJDK Runtime Environment (build 1.8.0_265-8u265-b01-0ubuntu2~18.04-b01)
OpenJDK 64-Bit Server VM (build 25.265-b01, mixed mode)

[2020-10-05 14:12:24,435 DEBUG Engine.jmeter.TclLibrary] We don't need to check tcl library on this platform
[2020-10-05 14:12:24,436 DEBUG Engine.jmeter.JMeter] Trying JMeter..
[2020-10-05 14:12:24,438 DEBUG root] Executing shell: ['/root/.bzt/jmeter-taurus/5.2.1/bin/jmeter.sh', '-j', '/tmp/jmeter8lbvsts_log', '--version'] at .
[2020-10-05 14:12:25,157 DEBUG urllib3.connectionpool] https://gettaurus.org:443 "GET /updates/?version=1.15.0&installID=Docker HTTP/1.1" 200 40
[2020-10-05 14:12:25,160 DEBUG Engine] Taurus updates info: {'latest': '1.15.0', 'needsUpgrade': False}
[2020-10-05 14:12:25,161 DEBUG Engine] Installation is up-to-date
[2020-10-05 14:12:27,740 DEBUG Engine.jmeter.JMeter] JMeter check:     _    ____   _    ____ _   _ _____       _ __  __ _____ _____ _____ ____
   / \  |  _ \ / \  / ___| | | | ____|     | |  \/  | ____|_   _| ____|  _ \
  / _ \ | |_) / _ \| |   | |_| |  _|    _  | | |\/| |  _|   | | |  _| | |_) |
 / ___ \|  __/ ___ \ |___|  _  | |___  | |_| | |  | | |___  | | | |___|  _ <
/_/   \_\_| /_/   \_\____|_| |_|_____|  \___/|_|  |_|_____| |_| |_____|_| \_\ 5.2.1

Copyright (c) 1999-2019 The Apache Software Foundation

 / 
[2020-10-05 14:12:27,760 DEBUG Engine] New artifact filename: /tmp/artifacts/kpi-4.jtl
[2020-10-05 14:12:27,771 DEBUG Engine] New artifact filename: /tmp/artifacts/error-4.jtl
[2020-10-05 14:12:27,773 DEBUG Engine.jmeter.LoadSettingsProcessor] Load: LoadSpec(concurrency=10, throughput=None, ramp_up=60.0, hold=150.0, iterations=0, duration=210.0, steps=None)
[2020-10-05 14:12:27,777 DEBUG Engine.jmeter.LoadSettingsProcessor.ThreadGroupHandler] Converting ThreadGroup (simple) to ConcurrencyThreadGroup and apply load parameters
[2020-10-05 14:12:27,779 DEBUG Engine] New artifact filename: /tmp/artifacts/modified_requests-4.jmx
[2020-10-05 14:12:27,779 DEBUG JMX] Saving JMX to: /tmp/artifacts/modified_requests-4.jmx
[2020-10-05 14:12:27,789 DEBUG root] Executing shell: ['/root/.bzt/jmeter-taurus/5.2.1/bin/PluginsManagerCMD.sh', 'install-for-jmx', '/tmp/artifacts/modified_requests-4.jmx'] at .
[2020-10-05 14:12:34,673 DEBUG Engine.jmeter.JMeter] Try to detect plugins for /tmp/artifacts/modified_requests-4.jmx
2020-10-05 14:12:30,098 INFO o.j.r.PluginManagerCMD: Command is: install-for-jmx
2020-10-05 14:12:30,229 INFO o.j.r.JARSourceHTTP: Requesting https://jmeter-plugins.org/repo/?installID=linux-e4128d92a1183aadf5f535ac5e397671-nongui
2020-10-05 14:12:33,094 INFO o.j.r.PluginManager: Plugins Status: [jpgc-functions=2.1, jpgc-casutg=2.9, jpgc-dummy=0.4, jpgc-ffw=2.0, jpgc-fifo=0.2, jpgc-json=2.7, jpgc-prmctl=0.4, jpgc-perfmon=2.1, jpgc-plugins-manager=1.3, jpgc-tst=2.5, jmeter-core=5.2.1, jmeter-ftp=5.2.1, jmeter-http=5.2.1, jmeter-jdbc=5.2.1, jmeter-jms=5.2.1, jmeter-junit=5.2.1, jmeter-java=5.2.1, jmeter-ldap=5.2.1, jmeter-mail=5.2.1, jmeter-mongodb=5.2.1, jmeter-native=5.2.1, jmeter-tcp=5.2.1, jmeter-components=5.2.1]
2020-10-05 14:12:33,100 INFO o.j.r.PluginManagerCMD: Params line is: /tmp/artifacts/modified_requests-4.jmx
2020-10-05 14:12:33,981 INFO o.a.j.s.SaveService: Testplan (JMX) version: 2.2. Testlog (JTL) version: 2.2
2020-10-05 14:12:34,019 INFO o.a.j.s.SaveService: Using SaveService properties file encoding UTF-8
2020-10-05 14:12:34,033 INFO o.a.j.s.SaveService: Using SaveService properties version 5.0
2020-10-05 14:12:34,159 INFO o.a.j.p.h.c.CacheManager: Will only cache the following methods: [GET]
2020-10-05 14:12:34,171 INFO o.a.j.p.h.c.CookieManager: Settings: Delete null: true Check: true Allow variable: true Save: false Prefix: COOKIE_
2020-10-05 14:12:34,417 INFO o.a.j.p.h.s.HTTPSamplerBase: Parser for text/html is org.apache.jmeter.protocol.http.parser.LagartoBasedHtmlParser
2020-10-05 14:12:34,421 INFO o.a.j.p.h.s.HTTPSamplerBase: Parser for application/xhtml+xml is org.apache.jmeter.protocol.http.parser.LagartoBasedHtmlParser
2020-10-05 14:12:34,422 INFO o.a.j.p.h.s.HTTPSamplerBase: Parser for application/xml is org.apache.jmeter.protocol.http.parser.LagartoBasedHtmlParser
2020-10-05 14:12:34,425 INFO o.a.j.p.h.s.HTTPSamplerBase: Parser for text/xml is org.apache.jmeter.protocol.http.parser.LagartoBasedHtmlParser
2020-10-05 14:12:34,426 INFO o.a.j.p.h.s.HTTPSamplerBase: Parser for text/vnd.wap.wml is org.apache.jmeter.protocol.http.parser.RegexpHTMLParser
2020-10-05 14:12:34,427 INFO o.a.j.p.h.s.HTTPSamplerBase: Parser for text/css is org.apache.jmeter.protocol.http.parser.CssParser
2020-10-05 14:12:34,597 INFO o.j.r.PluginManager: Finishing without changes


[2020-10-05 14:12:34,682 DEBUG Engine] New artifact filename: /tmp/artifacts/jmeter-4.out
[2020-10-05 14:12:34,696 DEBUG Engine] New artifact filename: /tmp/artifacts/jmeter-4.err
[2020-10-05 14:12:34,701 DEBUG Engine] Module config: final-stats {'class': 'bzt.modules.reporting.FinalStatus'}
[2020-10-05 14:12:34,702 DEBUG root] Importing module: bzt.modules.reporting
[2020-10-05 14:12:34,736 DEBUG easyprocess] version=0.3
[2020-10-05 14:12:34,739 DEBUG pyvirtualdisplay] version=1.3.2
[2020-10-05 14:12:34,744 DEBUG root] Loading class: 'FinalStatus' from <module 'bzt.modules.reporting' from '/usr/local/lib/python3.6/dist-packages/bzt/modules/reporting.py'>
[2020-10-05 14:12:34,744 DEBUG Engine] Module config: console {'class': 'bzt.modules.console.ConsoleStatusReporter'}
[2020-10-05 14:12:34,745 DEBUG root] Importing module: bzt.modules.console
[2020-10-05 14:12:34,746 DEBUG root] Loading class: 'ConsoleStatusReporter' from <module 'bzt.modules.console' from '/usr/local/lib/python3.6/dist-packages/bzt/modules/console.py'>
[2020-10-05 14:12:34,747 DEBUG Engine] Module config: passfail {'class': 'bzt.modules.passfail.PassFailStatus'}
[2020-10-05 14:12:34,747 DEBUG root] Importing module: bzt.modules.passfail
[2020-10-05 14:12:34,748 DEBUG root] Loading class: 'PassFailStatus' from <module 'bzt.modules.passfail' from '/usr/local/lib/python3.6/dist-packages/bzt/modules/passfail.py'>
[2020-10-05 14:12:34,758 DEBUG root] Importing module: bzt.modules.passfail
[2020-10-05 14:12:34,758 DEBUG root] Loading class: 'DataCriterion' from <module 'bzt.modules.passfail' from '/usr/local/lib/python3.6/dist-packages/bzt/modules/passfail.py'>
[2020-10-05 14:12:34,759 DEBUG root] Importing module: bzt.modules.passfail
[2020-10-05 14:12:34,760 DEBUG root] Loading class: 'DataCriterion' from <module 'bzt.modules.passfail' from '/usr/local/lib/python3.6/dist-packages/bzt/modules/passfail.py'>
[2020-10-05 14:12:34,767 DEBUG Engine.Configuration] Dumping YAML config into /tmp/artifacts/effective.yml
[2020-10-05 14:12:34,803 DEBUG Engine.Configuration] Dumping JSON config into /tmp/artifacts/effective.json
[2020-10-05 14:12:34,805 INFO Engine] Starting...
[2020-10-05 14:12:34,807 DEBUG Engine] Startup <bzt.modules.monitoring.Monitoring object at 0x7f617ac1b3c8>
[2020-10-05 14:12:34,808 DEBUG Engine] Startup <bzt.modules.aggregator.ConsolidatingAggregator object at 0x7f617ac1bb38>
[2020-10-05 14:12:34,810 DEBUG Engine] Startup <bzt.modules.reporting.FinalStatus object at 0x7f616d7b4ba8>
[2020-10-05 14:12:34,811 DEBUG Engine] Startup <bzt.modules.console.ConsoleStatusReporter object at 0x7f617ac17550>
[2020-10-05 14:12:34,812 INFO Engine.console] Waiting for results...
[2020-10-05 14:12:34,814 DEBUG Engine] Startup <bzt.modules.passfail.PassFailStatus object at 0x7f616d773908>
[2020-10-05 14:12:34,815 DEBUG Engine] Startup <bzt.modules.reporting.FinalStatus object at 0x7f616d71aa20>
[2020-10-05 14:12:34,816 DEBUG Engine] Startup <bzt.modules.provisioning.Local object at 0x7f617ac6b2e8>
[2020-10-05 14:12:34,817 DEBUG Engine.local] Delay setup for jmeter/simple: 0(start-at) + 0(delay) = 0
[2020-10-05 14:12:34,827 DEBUG Engine.Configuration] Dumping YAML config into /tmp/artifacts/effective.yml
[2020-10-05 14:12:34,870 DEBUG Engine.Configuration] Dumping JSON config into /tmp/artifacts/effective.json
[2020-10-05 14:12:34,873 DEBUG root] Leveling down log file verbosity to INFO, use -v option to have DEBUG messages enabled
[2020-10-05 14:12:34,874 DEBUG root] Leveled up log file verbosity
[2020-10-05 14:12:34,875 DEBUG root] Executing shell: ['/root/.bzt/jmeter-taurus/5.2.1/bin/jmeter.sh', '-t', '/tmp/artifacts/modified_requests-4.jmx', '-j', '/tmp/artifacts/jmeter-4.log', '-q', '/tmp/artifacts/jmeter-bzt-4.properties', '-n', '-S', '/tmp/artifacts/system-4.properties'] at /bzt-configs
[2020-10-05 14:12:34,885 DEBUG Engine.local] Starting execution: jmeter/simple, rest of available slots: 9223372036854775806
[2020-10-05 14:12:34,886 DEBUG root] Leveling down log file verbosity to INFO, use -v option to have DEBUG messages enabled
[2020-10-05 14:12:35,116 INFO Engine.console] Waiting for finish...
[2020-10-05 14:12:42,367 WARNING Engine] Please wait for graceful shutdown...
[2020-10-05 14:12:42,380 DEBUG root] Leveled up log file verbosity
[2020-10-05 14:12:42,382 INFO Engine] Shutting down...
[2020-10-05 14:12:42,400 DEBUG Engine] Current stop reason: 
[2020-10-05 14:12:42,401 DEBUG Engine.local] Shutdown jmeter/simple
[2020-10-05 14:12:43,407 INFO Engine.jmeter] Sending Shutdown command to JMeter on port 4445...
[2020-10-05 14:12:44,425 DEBUG Engine.jmeter] JMeter stopped on Shutdown command
[2020-10-05 14:12:44,427 DEBUG Engine.console] Restoring logging streams, [<StreamHandler (INFO)>]/{<StreamHandler (INFO)>: <_io.TextIOWrapper name='<stdout>' mode='w' encoding='UTF-8'>}
[2020-10-05 14:12:44,445 DEBUG Engine.Configuration] Dumping YAML config into /tmp/artifacts/effective.yml
[2020-10-05 14:12:44,516 DEBUG Engine.Configuration] Dumping JSON config into /tmp/artifacts/effective.json
[2020-10-05 14:12:44,521 WARNING root] Keyboard interrupt
[2020-10-05 14:12:44,529 DEBUG root] KeyboardInterrupt: 
  File "/usr/local/lib/python3.6/dist-packages/bzt/cli.py", line 260, in perform
    self.engine.run()
  File "/usr/local/lib/python3.6/dist-packages/bzt/engine/engine.py", line 269, in run
    reraise(exc_info, exc_value)
  File "/usr/local/lib/python3.6/dist-packages/bzt/utils.py", line 102, in reraise
    raise exc
  File "/usr/local/lib/python3.6/dist-packages/bzt/engine/engine.py", line 248, in run
    self._wait()
  File "/usr/local/lib/python3.6/dist-packages/bzt/engine/engine.py", line 297, in _wait
    time.sleep(delay)
[2020-10-05 14:12:44,532 INFO Engine] Post-processing...
[2020-10-05 14:12:44,541 DEBUG Engine.local] Post-process jmeter/simple
[2020-10-05 14:12:44,544 DEBUG Engine] Add existing artifact (move=True): /tmp/artifacts/modified_requests-4.jmx
[2020-10-05 14:12:44,547 DEBUG Engine] No need to copy /tmp/artifacts/modified_requests-4.jmx
[2020-10-05 14:12:44,586 DEBUG Engine.local] Exception in post_process of JMeterExecutor: Empty results, most likely simple (JMeterExecutor) failed. Actual reason for this can be found in logs under /tmp/artifacts Traceback (most recent call last):
  File "/usr/local/lib/python3.6/dist-packages/bzt/modules/provisioning.py", line 167, in post_process
    raise ToolError(message, diagnostics)
bzt.ToolError: Empty results, most likely simple (JMeterExecutor) failed. Actual reason for this can be found in logs under /tmp/artifacts

[2020-10-05 14:12:44,587 DEBUG Engine] post_process: Empty results, most likely simple (JMeterExecutor) failed. Actual reason for this can be found in logs under /tmp/artifacts
Traceback (most recent call last):
  File "/usr/local/lib/python3.6/dist-packages/bzt/engine/engine.py", line 340, in post_process
    module.post_process()
  File "/usr/local/lib/python3.6/dist-packages/bzt/modules/provisioning.py", line 176, in post_process
    reraise(exc_info, exc_value)
  File "/usr/local/lib/python3.6/dist-packages/bzt/utils.py", line 102, in reraise
    raise exc
  File "/usr/local/lib/python3.6/dist-packages/bzt/modules/provisioning.py", line 167, in post_process
    raise ToolError(message, diagnostics)
bzt.ToolError: Empty results, most likely simple (JMeterExecutor) failed. Actual reason for this can be found in logs under /tmp/artifacts

[2020-10-05 14:12:44,590 DEBUG Engine.jmeter.JTLErrorsReader.FileReader] Opening file: /tmp/artifacts/error-4.jtl
[2020-10-05 14:12:44,595 DEBUG Engine.jmeter.JTLErrorsReader] Read bytes from error file: 83
[2020-10-05 14:12:44,599 DEBUG Engine.jmeter.JTLReader] Buffer len: 0; Known errors count: 0
[2020-10-05 14:12:44,600 DEBUG Engine.consolidator] Consolidator buffer[0]: dict_keys([])
[2020-10-05 14:12:44,601 INFO Engine.final-stats] Test duration: 0:00:10
[2020-10-05 14:12:44,603 DEBUG Engine.console] No logger_handler or orig_stream was detected
[2020-10-05 14:12:44,604 INFO Engine.final-stats] Test duration: 0:00:10
[2020-10-05 14:12:44,623 DEBUG Engine.Configuration] Dumping YAML config into /tmp/artifacts/effective.yml
[2020-10-05 14:12:44,677 DEBUG Engine.Configuration] Dumping JSON config into /tmp/artifacts/effective.json
[2020-10-05 14:12:44,682 DEBUG root] Child Process Error: Empty results, most likely simple (JMeterExecutor) failed. Actual reason for this can be found in logs under /tmp/artifacts
[2020-10-05 14:12:44,684 DEBUG root] JMeter STDOUT:
Created the tree successfully using /tmp/artifacts/modified_requests-4.jmx
Starting standalone test @ Mon Oct 05 14:12:39 UTC 2020 (1601907159398)
Waiting for possible Shutdown/StopTestNow/HeapDump/ThreadDump message on port 4445
Command: Shutdown received from /127.0.0.1
Tidying up ...    @ Mon Oct 05 14:12:43 UTC 2020 (1601907163464)
... end of run
[2020-10-05 14:12:44,685 DEBUG root] JMeter log:
2020-10-05 14:12:38,123 INFO o.a.j.u.JMeterUtils: Setting Locale to en_US
2020-10-05 14:12:38,177 INFO o.a.j.JMeter: Loading user properties from: /root/.bzt/jmeter-taurus/5.2.1/bin/user.properties
2020-10-05 14:12:38,180 INFO o.a.j.JMeter: Loading system properties from: /root/.bzt/jmeter-taurus/5.2.1/bin/system.properties
2020-10-05 14:12:38,182 INFO o.a.j.JMeter: Loading additional properties from: /tmp/artifacts/jmeter-bzt-4.properties
2020-10-05 14:12:38,189 INFO o.a.j.JMeter: Setting System properties from file: /tmp/artifacts/system-4.properties
2020-10-05 14:12:38,200 INFO o.a.j.JMeter: Copyright (c) 1998-2019 The Apache Software Foundation
2020-10-05 14:12:38,201 INFO o.a.j.JMeter: Version 5.2.1
2020-10-05 14:12:38,202 INFO o.a.j.JMeter: java.version=1.8.0_265
2020-10-05 14:12:38,203 INFO o.a.j.JMeter: java.vm.name=OpenJDK 64-Bit Server VM
2020-10-05 14:12:38,204 INFO o.a.j.JMeter: os.name=Linux
2020-10-05 14:12:38,205 INFO o.a.j.JMeter: os.arch=amd64
2020-10-05 14:12:38,206 INFO o.a.j.JMeter: os.version=4.19.76-linuxkit
2020-10-05 14:12:38,206 INFO o.a.j.JMeter: file.encoding=UTF-8
2020-10-05 14:12:38,207 INFO o.a.j.JMeter: java.awt.headless=true
2020-10-05 14:12:38,209 INFO o.a.j.JMeter: Max memory     =464519168
2020-10-05 14:12:38,210 INFO o.a.j.JMeter: Available Processors =2
2020-10-05 14:12:38,222 INFO o.a.j.JMeter: Default Locale=English (United States)
2020-10-05 14:12:38,224 INFO o.a.j.JMeter: JMeter  Locale=English (United States)
2020-10-05 14:12:38,225 INFO o.a.j.JMeter: JMeterHome=/root/.bzt/jmeter-taurus/5.2.1
2020-10-05 14:12:38,226 INFO o.a.j.JMeter: user.dir  =/bzt-configs
2020-10-05 14:12:38,228 INFO o.a.j.JMeter: PWD       =/bzt-configs
2020-10-05 14:12:38,229 INFO o.a.j.JMeter: IP: 172.17.0.2 Name: 809e410fdc12 FullName: 809e410fdc12
2020-10-05 14:12:38,231 INFO o.a.j.JMeter: user.classpath=/tmp/artifacts:/tmp/artifacts
2020-10-05 14:12:38,233 INFO o.a.j.JMeter: Adding to classpath and loader: /tmp/artifacts
2020-10-05 14:12:38,248 INFO o.a.j.JMeter: Adding to classpath and loader: /tmp/artifacts
2020-10-05 14:12:38,283 INFO o.a.j.s.FileServer: Default base='/bzt-configs'
2020-10-05 14:12:38,306 INFO o.a.j.s.FileServer: Set new base='/tmp/artifacts'
2020-10-05 14:12:38,866 INFO o.a.j.s.SaveService: Testplan (JMX) version: 2.2. Testlog (JTL) version: 2.2
2020-10-05 14:12:38,917 INFO o.a.j.s.SaveService: Using SaveService properties file encoding UTF-8
2020-10-05 14:12:38,943 INFO o.a.j.s.SaveService: Using SaveService properties version 5.0
2020-10-05 14:12:38,982 INFO o.a.j.s.SaveService: Loading file: /tmp/artifacts/modified_requests-4.jmx
2020-10-05 14:12:39,150 INFO o.a.j.p.h.c.CacheManager: Will only cache the following methods: [GET]
2020-10-05 14:12:39,159 INFO o.a.j.p.h.c.CookieManager: Settings: Delete null: true Check: true Allow variable: true Save: false Prefix: COOKIE_
2020-10-05 14:12:39,220 INFO o.a.j.p.h.s.HTTPSamplerBase: Parser for text/html is org.apache.jmeter.protocol.http.parser.LagartoBasedHtmlParser
2020-10-05 14:12:39,221 INFO o.a.j.p.h.s.HTTPSamplerBase: Parser for application/xhtml+xml is org.apache.jmeter.protocol.http.parser.LagartoBasedHtmlParser
2020-10-05 14:12:39,222 INFO o.a.j.p.h.s.HTTPSamplerBase: Parser for application/xml is org.apache.jmeter.protocol.http.parser.LagartoBasedHtmlParser
2020-10-05 14:12:39,223 INFO o.a.j.p.h.s.HTTPSamplerBase: Parser for text/xml is org.apache.jmeter.protocol.http.parser.LagartoBasedHtmlParser
2020-10-05 14:12:39,224 INFO o.a.j.p.h.s.HTTPSamplerBase: Parser for text/vnd.wap.wml is org.apache.jmeter.protocol.http.parser.RegexpHTMLParser
2020-10-05 14:12:39,225 INFO o.a.j.p.h.s.HTTPSamplerBase: Parser for text/css is org.apache.jmeter.protocol.http.parser.CssParser
2020-10-05 14:12:39,404 INFO o.a.j.e.StandardJMeterEngine: Running the test!
2020-10-05 14:12:39,408 INFO o.a.j.s.SampleEvent: List of sample_variables: []
2020-10-05 14:12:39,409 INFO o.a.j.s.SampleEvent: List of sample_variables: []
2020-10-05 14:12:39,447 INFO o.a.j.e.u.CompoundVariable: Note: Function class names must contain the string: '.functions.'
2020-10-05 14:12:39,448 INFO o.a.j.e.u.CompoundVariable: Note: Function class names must not contain the string: '.gui.'
2020-10-05 14:12:41,063 INFO o.a.j.JMeter: Running test (1601907161062)
2020-10-05 14:12:41,215 INFO o.a.j.e.StandardJMeterEngine: Starting ThreadGroup: 1 : simple
2020-10-05 14:12:41,215 INFO o.a.j.e.StandardJMeterEngine: Starting 10 threads for group simple.
2020-10-05 14:12:41,216 INFO o.a.j.e.StandardJMeterEngine: Thread will continue on error
2020-10-05 14:12:41,237 INFO o.a.j.e.StandardJMeterEngine: All thread groups have been started
2020-10-05 14:12:41,238 INFO c.b.j.t.c.ConcurrencyThreadStarter: Start supplying threads
2020-10-05 14:12:43,426 INFO o.a.j.JMeter: Command: Shutdown received from /127.0.0.1
2020-10-05 14:12:43,432 INFO c.b.j.t.c.ConcurrencyThreadStarter: Done supplying threads
2020-10-05 14:12:43,457 INFO o.a.j.e.StandardJMeterEngine: Notifying test listeners of end of test
2020-10-05 14:12:43,468 INFO o.a.j.e.StandardJMeterEngine: Forced JVM shutdown requested at end of test
[2020-10-05 14:12:44,686 DEBUG root] ToolError: Empty results, most likely simple (JMeterExecutor) failed. Actual reason for this can be found in logs under /tmp/artifacts
  File "/usr/local/lib/python3.6/dist-packages/bzt/cli.py", line 267, in perform
    self.engine.post_process()
  File "/usr/local/lib/python3.6/dist-packages/bzt/engine/engine.py", line 354, in post_process
    reraise(exc_info, exc_value)
  File "/usr/local/lib/python3.6/dist-packages/bzt/utils.py", line 102, in reraise
    raise exc
  File "/usr/local/lib/python3.6/dist-packages/bzt/engine/engine.py", line 340, in post_process
    module.post_process()
  File "/usr/local/lib/python3.6/dist-packages/bzt/modules/provisioning.py", line 176, in post_process
    reraise(exc_info, exc_value)
  File "/usr/local/lib/python3.6/dist-packages/bzt/utils.py", line 102, in reraise
    raise exc
  File "/usr/local/lib/python3.6/dist-packages/bzt/modules/provisioning.py", line 167, in post_process
    raise ToolError(message, diagnostics)
[2020-10-05 14:12:44,687 INFO root] Artifacts dir: /tmp/artifacts
[2020-10-05 14:12:44,692 WARNING root] Done performing with code: 1
[2020-10-05 14:12:44,695 DEBUG root] Closing log handler: /tmp/artifacts/bzt.log
[2020-10-05 14:14:59,349 INFO root] Taurus CLI Tool v1.15.0
[2020-10-05 14:14:59,351 DEBUG root] Command-line options: {'log': '/tmp/artifacts/bzt.log', 'option': None, 'quiet': None, 'verbose': None, 'no_system_configs': None, 'aliases': []}
[2020-10-05 14:14:59,353 DEBUG root] Python: CPython 3.6.9
[2020-10-05 14:14:59,353 DEBUG root] OS: uname_result(system='Linux', node='aed9fe4ad1b8', release='4.19.76-linuxkit', version='#1 SMP Tue May 26 11:42:35 UTC 2020', machine='x86_64', processor='x86_64')
[2020-10-05 14:14:59,355 INFO root] Starting with configs: ['test.yml']
[2020-10-05 14:14:59,359 DEBUG root] Using personal config: /root/.bzt-rc
[2020-10-05 14:14:59,361 INFO Engine] Configuring...
[2020-10-05 14:14:59,365 DEBUG Engine] Reading system configs from: /etc/bzt.d
[2020-10-05 14:14:59,451 DEBUG Engine] Base configs list: ['/usr/local/lib/python3.6/dist-packages/bzt/resources/10-base-config.yml', '/etc/bzt.d/50-pbench-enhanced.json', '/etc/bzt.d/90-artifacts-dir.json', '/etc/bzt.d/99-zinstallID.json']
[2020-10-05 14:14:59,452 DEBUG Engine.Configuration] Configs: ['/usr/local/lib/python3.6/dist-packages/bzt/resources/10-base-config.yml', '/etc/bzt.d/50-pbench-enhanced.json', '/etc/bzt.d/90-artifacts-dir.json', '/etc/bzt.d/99-zinstallID.json']
[2020-10-05 14:14:59,453 DEBUG Engine.Configuration] Reading /usr/local/lib/python3.6/dist-packages/bzt/resources/10-base-config.yml as YAML
[2020-10-05 14:14:59,494 DEBUG Engine.Configuration] Reading /etc/bzt.d/50-pbench-enhanced.json as YAML
[2020-10-05 14:14:59,496 DEBUG Engine.Configuration] Reading /etc/bzt.d/90-artifacts-dir.json as YAML
[2020-10-05 14:14:59,498 DEBUG Engine.Configuration] Reading /etc/bzt.d/99-zinstallID.json as YAML
[2020-10-05 14:14:59,499 DEBUG Engine] User configs list: ['/root/.bzt-rc', 'test.yml']
[2020-10-05 14:14:59,500 DEBUG Engine.Configuration] Configs: ['/root/.bzt-rc', 'test.yml']
[2020-10-05 14:14:59,502 DEBUG Engine.Configuration] Reading /root/.bzt-rc as YAML
[2020-10-05 14:14:59,516 DEBUG Engine.Configuration] Reading test.yml as YAML
[2020-10-05 14:14:59,525 DEBUG Engine.Configuration] Configs: ['/root/.bzt-rc', 'test.yml']
[2020-10-05 14:14:59,527 DEBUG Engine.Configuration] Reading /root/.bzt-rc as YAML
[2020-10-05 14:14:59,540 DEBUG Engine.Configuration] Reading test.yml as YAML
[2020-10-05 14:14:59,550 DEBUG Engine] Requesting updates info: https://gettaurus.org/updates/?version=1.15.0&installID=Docker
[2020-10-05 14:14:59,551 INFO Engine] Artifacts dir: /tmp/artifacts
[2020-10-05 14:14:59,552 DEBUG HTTPClient] Making HTTP request GET https://gettaurus.org/updates/?version=1.15.0&installID=Docker
[2020-10-05 14:14:59,559 DEBUG urllib3.connectionpool] Starting new HTTPS connection (1): gettaurus.org:443
[2020-10-05 14:14:59,561 DEBUG Engine] New artifact filename: /tmp/artifacts/effective
[2020-10-05 14:14:59,573 DEBUG Engine.Configuration] Dumping YAML config into /tmp/artifacts/effective.yml
[2020-10-05 14:14:59,618 DEBUG Engine.Configuration] Dumping JSON config into /tmp/artifacts/effective.json
[2020-10-05 14:14:59,632 DEBUG Engine] New artifact filename: /tmp/artifacts/merged-5.yml
[2020-10-05 14:14:59,635 DEBUG Engine.Configuration] Dumping YAML config into /tmp/artifacts/merged-5.yml
[2020-10-05 14:14:59,651 DEBUG Engine] New artifact filename: /tmp/artifacts/merged-5.json
[2020-10-05 14:14:59,655 DEBUG Engine.Configuration] Dumping JSON config into /tmp/artifacts/merged-5.json
[2020-10-05 14:14:59,658 DEBUG Engine] Add existing artifact (move=False): test.yml
[2020-10-05 14:14:59,661 DEBUG Engine] Copying test.yml to /tmp/artifacts/test.yml
[2020-10-05 14:14:59,688 DEBUG Engine] Set PYTHONPATH to '/root/.bzt/python-packages/3.6.9' + '/tmp/artifacts/python-packages/3.6.9' + 
[2020-10-05 14:14:59,689 DEBUG Engine] Content of user packages dir: %s
[2020-10-05 14:14:59,691 DEBUG Engine] OS env: OBJC_DISABLE_INITIALIZE_FORK_SAFETY=YES
[2020-10-05 14:14:59,692 DEBUG Engine] OS env: TAURUS_ARTIFACTS_DIR=/tmp/artifacts
[2020-10-05 14:14:59,692 DEBUG root] Closing log handler: /tmp/artifacts/bzt.log
[2020-10-05 14:14:59,698 DEBUG root] Switched writing logs to /tmp/artifacts/bzt.log
[2020-10-05 14:14:59,699 DEBUG root] Linting config
[2020-10-05 14:14:59,703 INFO Engine] Preparing...
[2020-10-05 14:14:59,705 DEBUG Engine] Module config: consolidator {'class': 'bzt.modules.aggregator.ConsolidatingAggregator'}
[2020-10-05 14:14:59,706 DEBUG root] Importing module: bzt.modules.aggregator
[2020-10-05 14:14:59,920 DEBUG root] Loading class: 'ConsolidatingAggregator' from <module 'bzt.modules.aggregator' from '/usr/local/lib/python3.6/dist-packages/bzt/modules/aggregator.py'>
[2020-10-05 14:14:59,921 DEBUG Engine.consolidator] Buffer scaling setup: percentile 95.0 from [0.0, 50.0, 90.0, 95.0, 99.0, 99.9, 100.0] selected
[2020-10-05 14:14:59,922 DEBUG Engine] Module config: monitoring {'class': 'bzt.modules.monitoring.Monitoring'}
[2020-10-05 14:14:59,923 DEBUG root] Importing module: bzt.modules.monitoring
[2020-10-05 14:14:59,927 DEBUG root] Loading class: 'Monitoring' from <module 'bzt.modules.monitoring' from '/usr/local/lib/python3.6/dist-packages/bzt/modules/monitoring.py'>
[2020-10-05 14:14:59,929 DEBUG Engine] Module config: local {'class': 'bzt.modules.provisioning.Local'}
[2020-10-05 14:14:59,930 DEBUG root] Importing module: bzt.modules.provisioning
[2020-10-05 14:14:59,930 DEBUG root] Loading class: 'Local' from <module 'bzt.modules.provisioning' from '/usr/local/lib/python3.6/dist-packages/bzt/modules/provisioning.py'>
[2020-10-05 14:14:59,931 DEBUG Engine] Module config: jmeter {'class': 'bzt.modules.jmeter.JMeterExecutor', 'protocol-handlers': {'http': 'bzt.jmx.http.HTTPProtocolHandler'}, 'plugins': ['jpgc-casutg', 'jpgc-dummy', 'jpgc-ffw', 'jpgc-fifo', 'jpgc-functions', 'jpgc-json', 'jpgc-perfmon', 'jpgc-prmctl', 'jpgc-tst'], 'properties': {'jmeter.save.saveservice.autoflush': 'true', 'jmeter.save.saveservice.connect_time': 'true', 'jmeterengine.force.system.exit': 'true', 'summariser.name': ''}}
[2020-10-05 14:14:59,932 DEBUG root] Importing module: bzt.modules.jmeter
[2020-10-05 14:14:59,950 DEBUG root] Loading class: 'JMeterExecutor' from <module 'bzt.modules.jmeter' from '/usr/local/lib/python3.6/dist-packages/bzt/modules/jmeter.py'>
[2020-10-05 14:14:59,951 DEBUG Engine.local] Preparing executor: jmeter/139943244361912
[2020-10-05 14:14:59,960 DEBUG Engine] New artifact filename: /tmp/artifacts/jmeter-5.log
[2020-10-05 14:14:59,961 DEBUG Engine.jmeter] Checking if port 4445 is free
[2020-10-05 14:14:59,962 DEBUG Engine.jmeter] Port 4445 is free
[2020-10-05 14:14:59,963 DEBUG Engine.jmeter] Using port 4445 for management
[2020-10-05 14:14:59,973 DEBUG Engine] New artifact filename: /tmp/artifacts/requests-5.jmx
[2020-10-05 14:14:59,974 DEBUG root] Importing module: bzt.jmx.http
[2020-10-05 14:14:59,976 DEBUG root] Loading class: 'HTTPProtocolHandler' from <module 'bzt.jmx.http' from '/usr/local/lib/python3.6/dist-packages/bzt/jmx/http.py'>
[2020-10-05 14:14:59,982 DEBUG JMeterScenarioBuilder] Saving JMX to: /tmp/artifacts/requests-5.jmx
[2020-10-05 14:14:59,989 DEBUG Engine.jmeter] Additional system properties {'sun.net.inetaddr.ttl': 0}
[2020-10-05 14:15:00,010 DEBUG Engine] New artifact filename: /tmp/artifacts/system-5.properties
[2020-10-05 14:15:00,016 DEBUG Engine.jmeter] Additional properties: {'jmeter.save.saveservice.autoflush': 'true', 'jmeter.save.saveservice.connect_time': 'true', 'jmeterengine.force.system.exit': 'true', 'summariser.name': '', 'jmeterengine.nongui.port': 4445, 'jmeterengine.nongui.maxport': 4445, 'jmeter.save.saveservice.timestamp_format': 'ms', 'sampleresult.default.encoding': 'UTF-8', 'user.classpath': '/tmp/artifacts:/tmp/artifacts'}
[2020-10-05 14:15:00,025 DEBUG Engine] New artifact filename: /tmp/artifacts/jmeter-bzt-5.properties
[2020-10-05 14:15:00,031 DEBUG Engine.jmeter.JavaVM] Trying JavaVM: ['java', '-version']
[2020-10-05 14:15:00,032 DEBUG root] Executing shell: ['java', '-version'] at .
[2020-10-05 14:15:00,308 DEBUG Engine.jmeter.JavaVM] JavaVM output: openjdk version "1.8.0_265"
OpenJDK Runtime Environment (build 1.8.0_265-8u265-b01-0ubuntu2~18.04-b01)
OpenJDK 64-Bit Server VM (build 25.265-b01, mixed mode)

[2020-10-05 14:15:00,309 DEBUG Engine.jmeter.TclLibrary] We don't need to check tcl library on this platform
[2020-10-05 14:15:00,309 DEBUG Engine.jmeter.JMeter] Trying JMeter..
[2020-10-05 14:15:00,311 DEBUG root] Executing shell: ['/root/.bzt/jmeter-taurus/5.2.1/bin/jmeter.sh', '-j', '/tmp/jmeteryhr34e_alog', '--version'] at .
[2020-10-05 14:15:00,713 DEBUG urllib3.connectionpool] https://gettaurus.org:443 "GET /updates/?version=1.15.0&installID=Docker HTTP/1.1" 200 40
[2020-10-05 14:15:00,717 DEBUG Engine] Taurus updates info: {'latest': '1.15.0', 'needsUpgrade': False}
[2020-10-05 14:15:00,718 DEBUG Engine] Installation is up-to-date
[2020-10-05 14:15:03,920 DEBUG Engine.jmeter.JMeter] JMeter check:     _    ____   _    ____ _   _ _____       _ __  __ _____ _____ _____ ____
   / \  |  _ \ / \  / ___| | | | ____|     | |  \/  | ____|_   _| ____|  _ \
  / _ \ | |_) / _ \| |   | |_| |  _|    _  | | |\/| |  _|   | | |  _| | |_) |
 / ___ \|  __/ ___ \ |___|  _  | |___  | |_| | |  | | |___  | | | |___|  _ <
/_/   \_\_| /_/   \_\____|_| |_|_____|  \___/|_|  |_|_____| |_| |_____|_| \_\ 5.2.1

Copyright (c) 1999-2019 The Apache Software Foundation

 / 
[2020-10-05 14:15:03,939 DEBUG Engine] New artifact filename: /tmp/artifacts/kpi-5.jtl
[2020-10-05 14:15:03,951 DEBUG Engine] New artifact filename: /tmp/artifacts/error-5.jtl
[2020-10-05 14:15:03,953 DEBUG Engine.jmeter.LoadSettingsProcessor] Load: LoadSpec(concurrency=10, throughput=None, ramp_up=60.0, hold=150.0, iterations=0, duration=210.0, steps=None)
[2020-10-05 14:15:03,956 DEBUG Engine.jmeter.LoadSettingsProcessor.ThreadGroupHandler] Converting ThreadGroup (simple) to ConcurrencyThreadGroup and apply load parameters
[2020-10-05 14:15:03,959 DEBUG Engine] New artifact filename: /tmp/artifacts/modified_requests-5.jmx
[2020-10-05 14:15:03,960 DEBUG JMX] Saving JMX to: /tmp/artifacts/modified_requests-5.jmx
[2020-10-05 14:15:03,971 DEBUG root] Executing shell: ['/root/.bzt/jmeter-taurus/5.2.1/bin/PluginsManagerCMD.sh', 'install-for-jmx', '/tmp/artifacts/modified_requests-5.jmx'] at .
[2020-10-05 14:15:11,000 DEBUG Engine.jmeter.JMeter] Try to detect plugins for /tmp/artifacts/modified_requests-5.jmx
2020-10-05 14:15:06,324 INFO o.j.r.PluginManagerCMD: Command is: install-for-jmx
2020-10-05 14:15:06,470 INFO o.j.r.JARSourceHTTP: Requesting https://jmeter-plugins.org/repo/?installID=linux-6ecb9a52591641e4ed83dbdfef608fd5-nongui
2020-10-05 14:15:09,359 INFO o.j.r.PluginManager: Plugins Status: [jpgc-functions=2.1, jpgc-casutg=2.9, jpgc-dummy=0.4, jpgc-ffw=2.0, jpgc-fifo=0.2, jpgc-json=2.7, jpgc-prmctl=0.4, jpgc-perfmon=2.1, jpgc-plugins-manager=1.3, jpgc-tst=2.5, jmeter-core=5.2.1, jmeter-ftp=5.2.1, jmeter-http=5.2.1, jmeter-jdbc=5.2.1, jmeter-jms=5.2.1, jmeter-junit=5.2.1, jmeter-java=5.2.1, jmeter-ldap=5.2.1, jmeter-mail=5.2.1, jmeter-mongodb=5.2.1, jmeter-native=5.2.1, jmeter-tcp=5.2.1, jmeter-components=5.2.1]
2020-10-05 14:15:09,365 INFO o.j.r.PluginManagerCMD: Params line is: /tmp/artifacts/modified_requests-5.jmx
2020-10-05 14:15:10,350 INFO o.a.j.s.SaveService: Testplan (JMX) version: 2.2. Testlog (JTL) version: 2.2
2020-10-05 14:15:10,387 INFO o.a.j.s.SaveService: Using SaveService properties file encoding UTF-8
2020-10-05 14:15:10,403 INFO o.a.j.s.SaveService: Using SaveService properties version 5.0
2020-10-05 14:15:10,525 INFO o.a.j.p.h.c.CacheManager: Will only cache the following methods: [GET]
2020-10-05 14:15:10,537 INFO o.a.j.p.h.c.CookieManager: Settings: Delete null: true Check: true Allow variable: true Save: false Prefix: COOKIE_
2020-10-05 14:15:10,733 INFO o.a.j.p.h.s.HTTPSamplerBase: Parser for text/html is org.apache.jmeter.protocol.http.parser.LagartoBasedHtmlParser
2020-10-05 14:15:10,737 INFO o.a.j.p.h.s.HTTPSamplerBase: Parser for application/xhtml+xml is org.apache.jmeter.protocol.http.parser.LagartoBasedHtmlParser
2020-10-05 14:15:10,738 INFO o.a.j.p.h.s.HTTPSamplerBase: Parser for application/xml is org.apache.jmeter.protocol.http.parser.LagartoBasedHtmlParser
2020-10-05 14:15:10,741 INFO o.a.j.p.h.s.HTTPSamplerBase: Parser for text/xml is org.apache.jmeter.protocol.http.parser.LagartoBasedHtmlParser
2020-10-05 14:15:10,742 INFO o.a.j.p.h.s.HTTPSamplerBase: Parser for text/vnd.wap.wml is org.apache.jmeter.protocol.http.parser.RegexpHTMLParser
2020-10-05 14:15:10,743 INFO o.a.j.p.h.s.HTTPSamplerBase: Parser for text/css is org.apache.jmeter.protocol.http.parser.CssParser
2020-10-05 14:15:10,913 INFO o.j.r.PluginManager: Finishing without changes


[2020-10-05 14:15:11,012 DEBUG Engine] New artifact filename: /tmp/artifacts/jmeter-5.out
[2020-10-05 14:15:11,026 DEBUG Engine] New artifact filename: /tmp/artifacts/jmeter-5.err
[2020-10-05 14:15:11,031 DEBUG Engine] Module config: final-stats {'class': 'bzt.modules.reporting.FinalStatus'}
[2020-10-05 14:15:11,033 DEBUG root] Importing module: bzt.modules.reporting
[2020-10-05 14:15:11,069 DEBUG easyprocess] version=0.3
[2020-10-05 14:15:11,071 DEBUG pyvirtualdisplay] version=1.3.2
[2020-10-05 14:15:11,075 DEBUG root] Loading class: 'FinalStatus' from <module 'bzt.modules.reporting' from '/usr/local/lib/python3.6/dist-packages/bzt/modules/reporting.py'>
[2020-10-05 14:15:11,076 DEBUG Engine] Module config: console {'class': 'bzt.modules.console.ConsoleStatusReporter'}
[2020-10-05 14:15:11,077 DEBUG root] Importing module: bzt.modules.console
[2020-10-05 14:15:11,078 DEBUG root] Loading class: 'ConsoleStatusReporter' from <module 'bzt.modules.console' from '/usr/local/lib/python3.6/dist-packages/bzt/modules/console.py'>
[2020-10-05 14:15:11,079 DEBUG Engine] Module config: passfail {'class': 'bzt.modules.passfail.PassFailStatus'}
[2020-10-05 14:15:11,080 DEBUG root] Importing module: bzt.modules.passfail
[2020-10-05 14:15:11,081 DEBUG root] Loading class: 'PassFailStatus' from <module 'bzt.modules.passfail' from '/usr/local/lib/python3.6/dist-packages/bzt/modules/passfail.py'>
[2020-10-05 14:15:11,092 DEBUG root] Importing module: bzt.modules.passfail
[2020-10-05 14:15:11,093 DEBUG root] Loading class: 'DataCriterion' from <module 'bzt.modules.passfail' from '/usr/local/lib/python3.6/dist-packages/bzt/modules/passfail.py'>
[2020-10-05 14:15:11,094 DEBUG root] Importing module: bzt.modules.passfail
[2020-10-05 14:15:11,095 DEBUG root] Loading class: 'DataCriterion' from <module 'bzt.modules.passfail' from '/usr/local/lib/python3.6/dist-packages/bzt/modules/passfail.py'>
[2020-10-05 14:15:11,101 DEBUG Engine.Configuration] Dumping YAML config into /tmp/artifacts/effective.yml
[2020-10-05 14:15:11,137 DEBUG Engine.Configuration] Dumping JSON config into /tmp/artifacts/effective.json
[2020-10-05 14:15:11,140 INFO Engine] Starting...
[2020-10-05 14:15:11,141 DEBUG Engine] Startup <bzt.modules.monitoring.Monitoring object at 0x7f4720a1d390>
[2020-10-05 14:15:11,143 DEBUG Engine] Startup <bzt.modules.aggregator.ConsolidatingAggregator object at 0x7f4720a1dd30>
[2020-10-05 14:15:11,144 DEBUG Engine] Startup <bzt.modules.reporting.FinalStatus object at 0x7f47135ccba8>
[2020-10-05 14:15:11,145 DEBUG Engine] Startup <bzt.modules.console.ConsoleStatusReporter object at 0x7f4720a19780>
[2020-10-05 14:15:11,146 INFO Engine.console] Waiting for results...
[2020-10-05 14:15:11,148 DEBUG Engine] Startup <bzt.modules.passfail.PassFailStatus object at 0x7f4713587908>
[2020-10-05 14:15:11,151 DEBUG Engine] Startup <bzt.modules.reporting.FinalStatus object at 0x7f471352ea58>
[2020-10-05 14:15:11,152 DEBUG Engine] Startup <bzt.modules.provisioning.Local object at 0x7f4720a6d2e8>
[2020-10-05 14:15:11,153 DEBUG Engine.local] Delay setup for jmeter/simple: 0(start-at) + 0(delay) = 0
[2020-10-05 14:15:11,169 DEBUG Engine.Configuration] Dumping YAML config into /tmp/artifacts/effective.yml
[2020-10-05 14:15:11,212 DEBUG Engine.Configuration] Dumping JSON config into /tmp/artifacts/effective.json
[2020-10-05 14:15:11,215 DEBUG root] Leveling down log file verbosity to INFO, use -v option to have DEBUG messages enabled
[2020-10-05 14:15:11,216 DEBUG root] Leveled up log file verbosity
[2020-10-05 14:15:11,218 DEBUG root] Executing shell: ['/root/.bzt/jmeter-taurus/5.2.1/bin/jmeter.sh', '-t', '/tmp/artifacts/modified_requests-5.jmx', '-j', '/tmp/artifacts/jmeter-5.log', '-q', '/tmp/artifacts/jmeter-bzt-5.properties', '-n', '-S', '/tmp/artifacts/system-5.properties'] at /bzt-configs
[2020-10-05 14:15:11,230 DEBUG Engine.local] Starting execution: jmeter/simple, rest of available slots: 9223372036854775806
[2020-10-05 14:15:11,231 DEBUG root] Leveling down log file verbosity to INFO, use -v option to have DEBUG messages enabled
[2020-10-05 14:15:11,467 INFO Engine.console] Waiting for finish...
[2020-10-05 14:15:49,754 WARNING Engine] Please wait for graceful shutdown...
[2020-10-05 14:15:49,766 DEBUG root] Leveled up log file verbosity
[2020-10-05 14:15:49,767 INFO Engine] Shutting down...
[2020-10-05 14:15:49,778 DEBUG Engine] Current stop reason: 
[2020-10-05 14:15:49,779 DEBUG Engine.local] Shutdown jmeter/simple
[2020-10-05 14:15:50,782 INFO Engine.jmeter] Sending Shutdown command to JMeter on port 4445...
[2020-10-05 14:15:51,807 DEBUG Engine.jmeter] JMeter stopped on Shutdown command
[2020-10-05 14:15:51,809 DEBUG Engine.console] Restoring logging streams, [<StreamHandler (INFO)>]/{<StreamHandler (INFO)>: <_io.TextIOWrapper name='<stdout>' mode='w' encoding='UTF-8'>}
[2020-10-05 14:15:51,831 DEBUG Engine.Configuration] Dumping YAML config into /tmp/artifacts/effective.yml
[2020-10-05 14:15:51,922 DEBUG Engine.Configuration] Dumping JSON config into /tmp/artifacts/effective.json
[2020-10-05 14:15:51,928 WARNING root] Keyboard interrupt
[2020-10-05 14:15:51,931 DEBUG root] KeyboardInterrupt: 
  File "/usr/local/lib/python3.6/dist-packages/bzt/cli.py", line 260, in perform
    self.engine.run()
  File "/usr/local/lib/python3.6/dist-packages/bzt/engine/engine.py", line 269, in run
    reraise(exc_info, exc_value)
  File "/usr/local/lib/python3.6/dist-packages/bzt/utils.py", line 102, in reraise
    raise exc
  File "/usr/local/lib/python3.6/dist-packages/bzt/engine/engine.py", line 248, in run
    self._wait()
  File "/usr/local/lib/python3.6/dist-packages/bzt/engine/engine.py", line 297, in _wait
    time.sleep(delay)
[2020-10-05 14:15:51,932 INFO Engine] Post-processing...
[2020-10-05 14:15:51,935 DEBUG Engine.local] Post-process jmeter/simple
[2020-10-05 14:15:51,937 DEBUG Engine] Add existing artifact (move=True): /tmp/artifacts/modified_requests-5.jmx
[2020-10-05 14:15:51,939 DEBUG Engine] No need to copy /tmp/artifacts/modified_requests-5.jmx
[2020-10-05 14:15:51,988 DEBUG Engine.local] Exception in post_process of JMeterExecutor: Empty results, most likely simple (JMeterExecutor) failed. Actual reason for this can be found in logs under /tmp/artifacts Traceback (most recent call last):
  File "/usr/local/lib/python3.6/dist-packages/bzt/modules/provisioning.py", line 167, in post_process
    raise ToolError(message, diagnostics)
bzt.ToolError: Empty results, most likely simple (JMeterExecutor) failed. Actual reason for this can be found in logs under /tmp/artifacts

[2020-10-05 14:15:51,989 DEBUG Engine] post_process: Empty results, most likely simple (JMeterExecutor) failed. Actual reason for this can be found in logs under /tmp/artifacts
Traceback (most recent call last):
  File "/usr/local/lib/python3.6/dist-packages/bzt/engine/engine.py", line 340, in post_process
    module.post_process()
  File "/usr/local/lib/python3.6/dist-packages/bzt/modules/provisioning.py", line 176, in post_process
    reraise(exc_info, exc_value)
  File "/usr/local/lib/python3.6/dist-packages/bzt/utils.py", line 102, in reraise
    raise exc
  File "/usr/local/lib/python3.6/dist-packages/bzt/modules/provisioning.py", line 167, in post_process
    raise ToolError(message, diagnostics)
bzt.ToolError: Empty results, most likely simple (JMeterExecutor) failed. Actual reason for this can be found in logs under /tmp/artifacts

[2020-10-05 14:15:51,994 DEBUG Engine.jmeter.JTLErrorsReader.FileReader] Opening file: /tmp/artifacts/error-5.jtl
[2020-10-05 14:15:52,001 DEBUG Engine.jmeter.JTLErrorsReader] Read bytes from error file: 6802
[2020-10-05 14:15:52,011 DEBUG Engine.jmeter.JTLReader.IncrementalCSVReader] Read: 5 lines / 760 bytes (at speed 1048576)
[2020-10-05 14:15:52,013 DEBUG Engine.jmeter.JTLReader] Buffer len: 5; Known errors count: 1
[2020-10-05 14:15:52,014 DEBUG Engine.jmeter.JTLReader] Aggregating: 1601907322, 5 in buffer
[2020-10-05 14:15:52,018 DEBUG Engine.jmeter.JTLReader] Aggregating: 1601907327, 4 in buffer
[2020-10-05 14:15:52,023 DEBUG Engine.jmeter.JTLReader] Aggregating: 1601907333, 3 in buffer
[2020-10-05 14:15:52,025 DEBUG aggregator] Growing HDR from 5000.0 to 18000.0
[2020-10-05 14:15:52,030 DEBUG aggregator] Growing HDR from 5000.0 to 18000.0
[2020-10-05 14:15:52,040 DEBUG Engine.jmeter.JTLErrorsReader] Got error info for 1601907333, labels: dict_keys(['https://www.sf-test1.com/de-de', ''])
[2020-10-05 14:15:52,041 DEBUG aggregator] Growing HDR from 5000.0 to 18000.0
[2020-10-05 14:15:52,047 DEBUG aggregator] Growing HDR from 5000.0 to 18000.0
[2020-10-05 14:15:52,054 DEBUG Engine.jmeter.JTLReader] Aggregating: 1601907339, 2 in buffer
[2020-10-05 14:15:52,060 DEBUG Engine.jmeter.JTLReader] Aggregating: 1601907345, 1 in buffer
[2020-10-05 14:15:52,063 DEBUG Engine.jmeter.JTLErrorsReader] Got error info for 1601907345, labels: dict_keys(['https://www.sf-test1.com/de-de', ''])
[2020-10-05 14:15:52,069 DEBUG Engine.jmeter.JTLReader] Buffer len: 0; Known errors count: 1
[2020-10-05 14:15:52,071 DEBUG Engine.consolidator] Consolidator buffer[5]: dict_keys([1601907322, 1601907327, 1601907333, 1601907339, 1601907345])
[2020-10-05 14:15:52,071 DEBUG Engine.consolidator] Merging into 1601907322
[2020-10-05 14:15:52,073 DEBUG Engine.consolidator] Bypassing consolidation because of single result
[2020-10-05 14:15:52,115 DEBUG Engine.passfail] No label IndexPage in dict_keys(['https://www.sf-test1.com/de-de', ''])
[2020-10-05 14:15:52,116 DEBUG Engine.passfail] No label CheckoutPage in dict_keys(['https://www.sf-test1.com/de-de', ''])
[2020-10-05 14:15:52,117 DEBUG Engine.consolidator] Processed datapoint: 1601907322/ConsolidatingAggregator@139943466884400
[2020-10-05 14:15:52,118 DEBUG Engine.consolidator] Merging into 1601907327
[2020-10-05 14:15:52,119 DEBUG Engine.consolidator] Bypassing consolidation because of single result
[2020-10-05 14:15:52,161 DEBUG Engine.passfail] No label IndexPage in dict_keys(['https://www.sf-test1.com/de-de', ''])
[2020-10-05 14:15:52,162 DEBUG Engine.passfail] No label CheckoutPage in dict_keys(['https://www.sf-test1.com/de-de', ''])
[2020-10-05 14:15:52,163 DEBUG Engine.consolidator] Processed datapoint: 1601907327/ConsolidatingAggregator@139943466884400
[2020-10-05 14:15:52,164 DEBUG Engine.consolidator] Merging into 1601907333
[2020-10-05 14:15:52,165 DEBUG Engine.consolidator] Bypassing consolidation because of single result
[2020-10-05 14:15:52,168 DEBUG aggregator] Growing HDR from 5000.0 to 18000.0
[2020-10-05 14:15:52,174 DEBUG aggregator] Growing HDR from 5000.0 to 18000.0
[2020-10-05 14:15:52,314 DEBUG Engine.passfail] No label IndexPage in dict_keys(['https://www.sf-test1.com/de-de', ''])
[2020-10-05 14:15:52,315 DEBUG Engine.passfail] No label CheckoutPage in dict_keys(['https://www.sf-test1.com/de-de', ''])
[2020-10-05 14:15:52,316 DEBUG Engine.consolidator] Processed datapoint: 1601907333/ConsolidatingAggregator@139943466884400
[2020-10-05 14:15:52,318 DEBUG Engine.consolidator] Merging into 1601907339
[2020-10-05 14:15:52,319 DEBUG Engine.consolidator] Bypassing consolidation because of single result
[2020-10-05 14:15:52,419 DEBUG Engine.passfail] No label IndexPage in dict_keys(['https://www.sf-test1.com/de-de', ''])
[2020-10-05 14:15:52,420 DEBUG Engine.passfail] No label CheckoutPage in dict_keys(['https://www.sf-test1.com/de-de', ''])
[2020-10-05 14:15:52,421 DEBUG Engine.consolidator] Processed datapoint: 1601907339/ConsolidatingAggregator@139943466884400
[2020-10-05 14:15:52,422 DEBUG Engine.consolidator] Merging into 1601907345
[2020-10-05 14:15:52,423 DEBUG Engine.consolidator] Bypassing consolidation because of single result
[2020-10-05 14:15:52,533 DEBUG Engine.passfail] No label IndexPage in dict_keys(['https://www.sf-test1.com/de-de', ''])
[2020-10-05 14:15:52,534 DEBUG Engine.passfail] No label CheckoutPage in dict_keys(['https://www.sf-test1.com/de-de', ''])
[2020-10-05 14:15:52,536 DEBUG Engine.consolidator] Processed datapoint: 1601907345/ConsolidatingAggregator@139943466884400
[2020-10-05 14:15:52,537 INFO Engine.final-stats] Test duration: 0:00:40
[2020-10-05 14:15:52,541 INFO Engine.final-stats] Samples count: 5, 40.00% failures
[2020-10-05 14:15:52,543 INFO Engine.final-stats] Average times: total 5.503, latency 0.803, connect 4.886
[2020-10-05 14:15:52,548 INFO Engine.final-stats] Percentiles:
(0lqqqqqqqqqqqqqqqwqqqqqqqqqqqqqqqk(B
(0x(B Percentile, % (0x(B Resp. Time, s (0x(B
(0tqqqqqqqqqqqqqqqnqqqqqqqqqqqqqqqu(B
(0x(B           0.0 (0x(B         1.431 (0x(B
(0x(B          50.0 (0x(B         2.108 (0x(B
(0x(B          90.0 (0x(B        17.232 (0x(B
(0x(B          95.0 (0x(B        17.232 (0x(B
(0x(B          99.0 (0x(B        17.232 (0x(B
(0x(B          99.9 (0x(B        17.232 (0x(B
(0x(B         100.0 (0x(B        17.232 (0x(B
(0mqqqqqqqqqqqqqqqvqqqqqqqqqqqqqqqj(B
[2020-10-05 14:15:52,555 INFO Engine.final-stats] Request label stats:
(0lqqqqqqqqqqqqqqqqqqqqqqqqqqqqqqqqwqqqqqqqqwqqqqqqqqwqqqqqqqqwqqqqqqqqqqqqqqqqqqqqqqqqqqqqqqqqqqqqqqqqqqk(B
(0x(B label                          (0x(B status (0x(B   succ (0x(B avg_rt (0x(B error                                    (0x(B
(0tqqqqqqqqqqqqqqqqqqqqqqqqqqqqqqqqnqqqqqqqqnqqqqqqqqnqqqqqqqqnqqqqqqqqqqqqqqqqqqqqqqqqqqqqqqqqqqqqqqqqqqu(B
(0x(B https://www.sf-test1.com/de-de (0x(B  FAIL  (0x(B 60.00% (0x(B  5.503 (0x(B Non HTTP response message: Socket closed (0x(B
(0mqqqqqqqqqqqqqqqqqqqqqqqqqqqqqqqqvqqqqqqqqvqqqqqqqqvqqqqqqqqvqqqqqqqqqqqqqqqqqqqqqqqqqqqqqqqqqqqqqqqqqqj(B
[2020-10-05 14:15:52,558 DEBUG Engine.console] No logger_handler or orig_stream was detected
[2020-10-05 14:15:52,560 INFO Engine.final-stats] Test duration: 0:00:40
[2020-10-05 14:15:52,562 INFO Engine.final-stats] Samples count: 5, 40.00% failures
[2020-10-05 14:15:52,564 INFO Engine.final-stats] Average times: total 5.503, latency 0.803, connect 4.886
[2020-10-05 14:15:52,568 INFO Engine.final-stats] Percentiles:
(0lqqqqqqqqqqqqqqqwqqqqqqqqqqqqqqqk(B
(0x(B Percentile, % (0x(B Resp. Time, s (0x(B
(0tqqqqqqqqqqqqqqqnqqqqqqqqqqqqqqqu(B
(0x(B           0.0 (0x(B         1.431 (0x(B
(0x(B          50.0 (0x(B         2.108 (0x(B
(0x(B          90.0 (0x(B        17.232 (0x(B
(0x(B          95.0 (0x(B        17.232 (0x(B
(0x(B          99.0 (0x(B        17.232 (0x(B
(0x(B          99.9 (0x(B        17.232 (0x(B
(0x(B         100.0 (0x(B        17.232 (0x(B
(0mqqqqqqqqqqqqqqqvqqqqqqqqqqqqqqqj(B
[2020-10-05 14:15:52,574 INFO Engine.final-stats] Dumping final status as XML: p.output.xml
[2020-10-05 14:15:52,670 INFO Engine.final-stats] Dumping final status as CSV: p.output.csv
[2020-10-05 14:15:52,710 DEBUG Engine.Configuration] Dumping YAML config into /tmp/artifacts/effective.yml
[2020-10-05 14:15:52,774 DEBUG Engine.Configuration] Dumping JSON config into /tmp/artifacts/effective.json
[2020-10-05 14:15:52,782 DEBUG root] Child Process Error: Empty results, most likely simple (JMeterExecutor) failed. Actual reason for this can be found in logs under /tmp/artifacts
[2020-10-05 14:15:52,790 DEBUG root] JMeter STDOUT:
Created the tree successfully using /tmp/artifacts/modified_requests-5.jmx
Starting standalone test @ Mon Oct 05 14:15:16 UTC 2020 (1601907316234)
Waiting for possible Shutdown/StopTestNow/HeapDump/ThreadDump message on port 4445
Command: Shutdown received from /127.0.0.1
Tidying up ...    @ Mon Oct 05 14:15:50 UTC 2020 (1601907350983)
... end of run
[2020-10-05 14:15:52,791 DEBUG root] JMeter log:
2020-10-05 14:15:15,139 INFO o.a.j.u.JMeterUtils: Setting Locale to en_US
2020-10-05 14:15:15,187 INFO o.a.j.JMeter: Loading user properties from: /root/.bzt/jmeter-taurus/5.2.1/bin/user.properties
2020-10-05 14:15:15,189 INFO o.a.j.JMeter: Loading system properties from: /root/.bzt/jmeter-taurus/5.2.1/bin/system.properties
2020-10-05 14:15:15,191 INFO o.a.j.JMeter: Loading additional properties from: /tmp/artifacts/jmeter-bzt-5.properties
2020-10-05 14:15:15,201 INFO o.a.j.JMeter: Setting System properties from file: /tmp/artifacts/system-5.properties
2020-10-05 14:15:15,213 INFO o.a.j.JMeter: Copyright (c) 1998-2019 The Apache Software Foundation
2020-10-05 14:15:15,213 INFO o.a.j.JMeter: Version 5.2.1
2020-10-05 14:15:15,214 INFO o.a.j.JMeter: java.version=1.8.0_265
2020-10-05 14:15:15,214 INFO o.a.j.JMeter: java.vm.name=OpenJDK 64-Bit Server VM
2020-10-05 14:15:15,215 INFO o.a.j.JMeter: os.name=Linux
2020-10-05 14:15:15,216 INFO o.a.j.JMeter: os.arch=amd64
2020-10-05 14:15:15,216 INFO o.a.j.JMeter: os.version=4.19.76-linuxkit
2020-10-05 14:15:15,218 INFO o.a.j.JMeter: file.encoding=UTF-8
2020-10-05 14:15:15,218 INFO o.a.j.JMeter: java.awt.headless=true
2020-10-05 14:15:15,219 INFO o.a.j.JMeter: Max memory     =464519168
2020-10-05 14:15:15,220 INFO o.a.j.JMeter: Available Processors =2
2020-10-05 14:15:15,232 INFO o.a.j.JMeter: Default Locale=English (United States)
2020-10-05 14:15:15,234 INFO o.a.j.JMeter: JMeter  Locale=English (United States)
2020-10-05 14:15:15,235 INFO o.a.j.JMeter: JMeterHome=/root/.bzt/jmeter-taurus/5.2.1
2020-10-05 14:15:15,236 INFO o.a.j.JMeter: user.dir  =/bzt-configs
2020-10-05 14:15:15,238 INFO o.a.j.JMeter: PWD       =/bzt-configs
2020-10-05 14:15:15,240 INFO o.a.j.JMeter: IP: 172.17.0.2 Name: aed9fe4ad1b8 FullName: aed9fe4ad1b8
2020-10-05 14:15:15,241 INFO o.a.j.JMeter: user.classpath=/tmp/artifacts:/tmp/artifacts
2020-10-05 14:15:15,244 INFO o.a.j.JMeter: Adding to classpath and loader: /tmp/artifacts
2020-10-05 14:15:15,257 INFO o.a.j.JMeter: Adding to classpath and loader: /tmp/artifacts
2020-10-05 14:15:15,298 INFO o.a.j.s.FileServer: Default base='/bzt-configs'
2020-10-05 14:15:15,326 INFO o.a.j.s.FileServer: Set new base='/tmp/artifacts'
2020-10-05 14:15:15,810 INFO o.a.j.s.SaveService: Testplan (JMX) version: 2.2. Testlog (JTL) version: 2.2
2020-10-05 14:15:15,838 INFO o.a.j.s.SaveService: Using SaveService properties file encoding UTF-8
2020-10-05 14:15:15,854 INFO o.a.j.s.SaveService: Using SaveService properties version 5.0
2020-10-05 14:15:15,876 INFO o.a.j.s.SaveService: Loading file: /tmp/artifacts/modified_requests-5.jmx
2020-10-05 14:15:16,029 INFO o.a.j.p.h.c.CacheManager: Will only cache the following methods: [GET]
2020-10-05 14:15:16,036 INFO o.a.j.p.h.c.CookieManager: Settings: Delete null: true Check: true Allow variable: true Save: false Prefix: COOKIE_
2020-10-05 14:15:16,081 INFO o.a.j.p.h.s.HTTPSamplerBase: Parser for text/html is org.apache.jmeter.protocol.http.parser.LagartoBasedHtmlParser
2020-10-05 14:15:16,082 INFO o.a.j.p.h.s.HTTPSamplerBase: Parser for application/xhtml+xml is org.apache.jmeter.protocol.http.parser.LagartoBasedHtmlParser
2020-10-05 14:15:16,083 INFO o.a.j.p.h.s.HTTPSamplerBase: Parser for application/xml is org.apache.jmeter.protocol.http.parser.LagartoBasedHtmlParser
2020-10-05 14:15:16,084 INFO o.a.j.p.h.s.HTTPSamplerBase: Parser for text/xml is org.apache.jmeter.protocol.http.parser.LagartoBasedHtmlParser
2020-10-05 14:15:16,085 INFO o.a.j.p.h.s.HTTPSamplerBase: Parser for text/vnd.wap.wml is org.apache.jmeter.protocol.http.parser.RegexpHTMLParser
2020-10-05 14:15:16,086 INFO o.a.j.p.h.s.HTTPSamplerBase: Parser for text/css is org.apache.jmeter.protocol.http.parser.CssParser
2020-10-05 14:15:16,239 INFO o.a.j.e.StandardJMeterEngine: Running the test!
2020-10-05 14:15:16,257 INFO o.a.j.s.SampleEvent: List of sample_variables: []
2020-10-05 14:15:16,260 INFO o.a.j.s.SampleEvent: List of sample_variables: []
2020-10-05 14:15:16,290 INFO o.a.j.e.u.CompoundVariable: Note: Function class names must contain the string: '.functions.'
2020-10-05 14:15:16,291 INFO o.a.j.e.u.CompoundVariable: Note: Function class names must not contain the string: '.gui.'
2020-10-05 14:15:17,686 INFO o.a.j.JMeter: Running test (1601907317686)
2020-10-05 14:15:17,759 INFO o.a.j.e.StandardJMeterEngine: Starting ThreadGroup: 1 : simple
2020-10-05 14:15:17,760 INFO o.a.j.e.StandardJMeterEngine: Starting 10 threads for group simple.
2020-10-05 14:15:17,760 INFO o.a.j.e.StandardJMeterEngine: Thread will continue on error
2020-10-05 14:15:17,772 INFO o.a.j.e.StandardJMeterEngine: All thread groups have been started
2020-10-05 14:15:17,773 INFO c.b.j.t.c.ConcurrencyThreadStarter: Start supplying threads
2020-10-05 14:15:20,830 INFO o.a.j.s.SampleResult: Note: Sample TimeStamps are START times
2020-10-05 14:15:20,831 INFO o.a.j.s.SampleResult: sampleresult.default.encoding is set to UTF-8
2020-10-05 14:15:20,832 INFO o.a.j.s.SampleResult: sampleresult.useNanoTime=true
2020-10-05 14:15:20,833 INFO o.a.j.s.SampleResult: sampleresult.nanoThreadSleep=5000
2020-10-05 14:15:20,842 INFO o.a.j.t.JMeterThread: Thread started: simple-ThreadStarter 1-1
2020-10-05 14:15:21,675 INFO o.a.j.p.h.s.HTTPHCAbstractImpl: Local host = aed9fe4ad1b8
2020-10-05 14:15:21,696 INFO o.a.j.p.h.s.HTTPHC4Impl: HTTP request retry count = 0
2020-10-05 14:15:22,171 INFO o.a.j.p.h.s.h.LazyLayeredConnectionSocketFactory: Setting up HTTPS TrustAll Socket Factory
2020-10-05 14:15:22,208 INFO o.a.j.u.JsseSSLManager: Using default SSL protocol: TLS
2020-10-05 14:15:22,209 INFO o.a.j.u.JsseSSLManager: SSL session context: per-thread
2020-10-05 14:15:22,473 INFO o.a.j.u.SSLManager: JmeterKeyStore Location:  type JKS
2020-10-05 14:15:22,486 INFO o.a.j.u.SSLManager: KeyStore created OK
2020-10-05 14:15:22,487 WARN o.a.j.u.SSLManager: Keystore file not found, loading empty keystore
2020-10-05 14:15:23,578 INFO o.a.j.p.h.p.BaseParser: Created org.apache.jmeter.protocol.http.parser.LagartoBasedHtmlParser
2020-10-05 14:15:23,905 INFO o.a.j.p.h.s.ResourcesDownloader: Creating ResourcesDownloader with keepalive_inseconds : 60
2020-10-05 14:15:25,205 INFO o.a.j.p.h.p.BaseParser: Created org.apache.jmeter.protocol.http.parser.CssParser
2020-10-05 14:15:26,857 INFO o.a.j.t.JMeterThread: Thread started: simple-ThreadStarter 1-2
2020-10-05 14:15:32,839 INFO o.a.j.t.JMeterThread: Thread started: simple-ThreadStarter 1-3
2020-10-05 14:15:38,856 INFO o.a.j.t.JMeterThread: Thread started: simple-ThreadStarter 1-4
2020-10-05 14:15:44,869 INFO o.a.j.t.JMeterThread: Thread started: simple-ThreadStarter 1-5
2020-10-05 14:15:50,805 INFO o.a.j.JMeter: Command: Shutdown received from /127.0.0.1
2020-10-05 14:15:50,812 WARN o.a.j.t.JMeterThread: Interrupting: simple-ThreadStarter 1-3 sampler: https://www.sf-test1.com/de-de
2020-10-05 14:15:50,824 INFO c.b.j.t.c.ConcurrencyThreadStarter: Done supplying threads
2020-10-05 14:15:50,831 WARN o.a.j.t.JMeterThread: Interrupting: simple-ThreadStarter 1-4 sampler: https://www.sf-test1.com/de-de
2020-10-05 14:15:50,839 WARN o.a.j.t.JMeterThread: No operation pending
2020-10-05 14:15:50,843 WARN o.a.j.t.JMeterThread: Interrupting: simple-ThreadStarter 1-1 sampler: https://www.sf-test1.com/de-de
2020-10-05 14:15:50,844 WARN o.a.j.t.JMeterThread: No operation pending
2020-10-05 14:15:50,844 WARN o.a.j.t.JMeterThread: Interrupting: simple-ThreadStarter 1-2 sampler: https://www.sf-test1.com/de-de
2020-10-05 14:15:50,845 WARN o.a.j.t.JMeterThread: No operation pending
2020-10-05 14:15:50,847 WARN o.a.j.t.JMeterThread: Interrupting: simple-ThreadStarter 1-5 sampler: https://www.sf-test1.com/de-de
2020-10-05 14:15:50,845 WARN o.a.j.p.h.s.HTTPSamplerBase: Interrupted fetching embedded resources
java.lang.InterruptedException: null
	at java.util.concurrent.locks.AbstractQueuedSynchronizer$ConditionObject.reportInterruptAfterWait(AbstractQueuedSynchronizer.java:2014) ~[?:1.8.0_265]
	at java.util.concurrent.locks.AbstractQueuedSynchronizer$ConditionObject.await(AbstractQueuedSynchronizer.java:2048) ~[?:1.8.0_265]
	at java.util.concurrent.LinkedBlockingQueue.take(LinkedBlockingQueue.java:442) ~[?:1.8.0_265]
	at java.util.concurrent.ExecutorCompletionService.take(ExecutorCompletionService.java:193) ~[?:1.8.0_265]
	at org.apache.jmeter.protocol.http.sampler.ResourcesDownloader.invokeAllAndAwaitTermination(ResourcesDownloader.java:187) ~[ApacheJMeter_http.jar:5.2.1]
	at org.apache.jmeter.protocol.http.sampler.HTTPSamplerBase.downloadPageResources(HTTPSamplerBase.java:1436) [ApacheJMeter_http.jar:5.2.1]
	at org.apache.jmeter.protocol.http.sampler.HTTPSamplerBase.resultProcessing(HTTPSamplerBase.java:1749) [ApacheJMeter_http.jar:5.2.1]
	at org.apache.jmeter.protocol.http.sampler.HTTPAbstractImpl.resultProcessing(HTTPAbstractImpl.java:556) [ApacheJMeter_http.jar:5.2.1]
	at org.apache.jmeter.protocol.http.sampler.HTTPHC4Impl.sample(HTTPHC4Impl.java:648) [ApacheJMeter_http.jar:5.2.1]
	at org.apache.jmeter.protocol.http.sampler.HTTPSamplerProxy.sample(HTTPSamplerProxy.java:67) [ApacheJMeter_http.jar:5.2.1]
	at org.apache.jmeter.protocol.http.sampler.HTTPSamplerBase$ASyncSample.call(HTTPSamplerBase.java:2126) [ApacheJMeter_http.jar:5.2.1]
	at org.apache.jmeter.protocol.http.sampler.HTTPSamplerBase$ASyncSample.call(HTTPSamplerBase.java:2094) [ApacheJMeter_http.jar:5.2.1]
	at java.util.concurrent.FutureTask.run(FutureTask.java:266) [?:1.8.0_265]
	at java.util.concurrent.Executors$RunnableAdapter.call(Executors.java:511) [?:1.8.0_265]
	at java.util.concurrent.FutureTask.run(FutureTask.java:266) [?:1.8.0_265]
	at java.util.concurrent.ThreadPoolExecutor.runWorker(ThreadPoolExecutor.java:1149) [?:1.8.0_265]
	at java.util.concurrent.ThreadPoolExecutor$Worker.run(ThreadPoolExecutor.java:624) [?:1.8.0_265]
	at java.lang.Thread.run(Thread.java:748) [?:1.8.0_265]
2020-10-05 14:15:50,848 WARN o.a.j.p.h.s.HTTPSamplerBase: Interrupted fetching embedded resources
java.lang.InterruptedException: null
	at java.util.concurrent.locks.AbstractQueuedSynchronizer$ConditionObject.reportInterruptAfterWait(AbstractQueuedSynchronizer.java:2014) ~[?:1.8.0_265]
	at java.util.concurrent.locks.AbstractQueuedSynchronizer$ConditionObject.await(AbstractQueuedSynchronizer.java:2048) ~[?:1.8.0_265]
	at java.util.concurrent.LinkedBlockingQueue.take(LinkedBlockingQueue.java:442) ~[?:1.8.0_265]
	at java.util.concurrent.ExecutorCompletionService.take(ExecutorCompletionService.java:193) ~[?:1.8.0_265]
	at org.apache.jmeter.protocol.http.sampler.ResourcesDownloader.invokeAllAndAwaitTermination(ResourcesDownloader.java:187) ~[ApacheJMeter_http.jar:5.2.1]
	at org.apache.jmeter.protocol.http.sampler.HTTPSamplerBase.downloadPageResources(HTTPSamplerBase.java:1436) [ApacheJMeter_http.jar:5.2.1]
	at org.apache.jmeter.protocol.http.sampler.HTTPSamplerBase.resultProcessing(HTTPSamplerBase.java:1749) [ApacheJMeter_http.jar:5.2.1]
	at org.apache.jmeter.protocol.http.sampler.HTTPAbstractImpl.resultProcessing(HTTPAbstractImpl.java:556) [ApacheJMeter_http.jar:5.2.1]
	at org.apache.jmeter.protocol.http.sampler.HTTPHC4Impl.sample(HTTPHC4Impl.java:648) [ApacheJMeter_http.jar:5.2.1]
	at org.apache.jmeter.protocol.http.sampler.HTTPSamplerProxy.sample(HTTPSamplerProxy.java:67) [ApacheJMeter_http.jar:5.2.1]
	at org.apache.jmeter.protocol.http.sampler.HTTPSamplerBase$ASyncSample.call(HTTPSamplerBase.java:2126) [ApacheJMeter_http.jar:5.2.1]
	at org.apache.jmeter.protocol.http.sampler.HTTPSamplerBase$ASyncSample.call(HTTPSamplerBase.java:2094) [ApacheJMeter_http.jar:5.2.1]
	at java.util.concurrent.FutureTask.run(FutureTask.java:266) [?:1.8.0_265]
	at java.util.concurrent.Executors$RunnableAdapter.call(Executors.java:511) [?:1.8.0_265]
	at java.util.concurrent.FutureTask.run(FutureTask.java:266) [?:1.8.0_265]
	at java.util.concurrent.ThreadPoolExecutor.runWorker(ThreadPoolExecutor.java:1149) [?:1.8.0_265]
	at java.util.concurrent.ThreadPoolExecutor$Worker.run(ThreadPoolExecutor.java:624) [?:1.8.0_265]
	at java.lang.Thread.run(Thread.java:748) [?:1.8.0_265]
2020-10-05 14:15:50,840 WARN o.a.j.p.h.s.HTTPSamplerBase: Interrupted fetching embedded resources
java.lang.InterruptedException: null
	at java.util.concurrent.locks.AbstractQueuedSynchronizer$ConditionObject.reportInterruptAfterWait(AbstractQueuedSynchronizer.java:2014) ~[?:1.8.0_265]
	at java.util.concurrent.locks.AbstractQueuedSynchronizer$ConditionObject.await(AbstractQueuedSynchronizer.java:2048) ~[?:1.8.0_265]
	at java.util.concurrent.LinkedBlockingQueue.take(LinkedBlockingQueue.java:442) ~[?:1.8.0_265]
	at java.util.concurrent.ExecutorCompletionService.take(ExecutorCompletionService.java:193) ~[?:1.8.0_265]
	at org.apache.jmeter.protocol.http.sampler.ResourcesDownloader.invokeAllAndAwaitTermination(ResourcesDownloader.java:179) ~[ApacheJMeter_http.jar:5.2.1]
	at org.apache.jmeter.protocol.http.sampler.HTTPSamplerBase.downloadPageResources(HTTPSamplerBase.java:1436) [ApacheJMeter_http.jar:5.2.1]
	at org.apache.jmeter.protocol.http.sampler.HTTPSamplerBase.resultProcessing(HTTPSamplerBase.java:1749) [ApacheJMeter_http.jar:5.2.1]
	at org.apache.jmeter.protocol.http.sampler.HTTPAbstractImpl.resultProcessing(HTTPAbstractImpl.java:556) [ApacheJMeter_http.jar:5.2.1]
	at org.apache.jmeter.protocol.http.sampler.HTTPHC4Impl.sample(HTTPHC4Impl.java:648) [ApacheJMeter_http.jar:5.2.1]
	at org.apache.jmeter.protocol.http.sampler.HTTPSamplerProxy.sample(HTTPSamplerProxy.java:67) [ApacheJMeter_http.jar:5.2.1]
	at org.apache.jmeter.protocol.http.sampler.HTTPSamplerBase.sample(HTTPSamplerBase.java:1282) [ApacheJMeter_http.jar:5.2.1]
	at org.apache.jmeter.protocol.http.sampler.HTTPSamplerBase.sample(HTTPSamplerBase.java:1271) [ApacheJMeter_http.jar:5.2.1]
	at org.apache.jmeter.threads.JMeterThread.doSampling(JMeterThread.java:627) [ApacheJMeter_core.jar:5.2.1]
	at org.apache.jmeter.threads.JMeterThread.executeSamplePackage(JMeterThread.java:551) [ApacheJMeter_core.jar:5.2.1]
	at org.apache.jmeter.threads.JMeterThread.processSampler(JMeterThread.java:490) [ApacheJMeter_core.jar:5.2.1]
	at org.apache.jmeter.threads.JMeterThread.run(JMeterThread.java:257) [ApacheJMeter_core.jar:5.2.1]
	at java.lang.Thread.run(Thread.java:748) [?:1.8.0_265]
2020-10-05 14:15:50,847 WARN o.a.j.p.h.s.HTTPSamplerBase: Interrupted fetching embedded resources
java.lang.InterruptedException: null
	at java.util.concurrent.locks.AbstractQueuedSynchronizer$ConditionObject.reportInterruptAfterWait(AbstractQueuedSynchronizer.java:2014) ~[?:1.8.0_265]
	at java.util.concurrent.locks.AbstractQueuedSynchronizer$ConditionObject.await(AbstractQueuedSynchronizer.java:2048) ~[?:1.8.0_265]
	at java.util.concurrent.LinkedBlockingQueue.take(LinkedBlockingQueue.java:442) ~[?:1.8.0_265]
	at java.util.concurrent.ExecutorCompletionService.take(ExecutorCompletionService.java:193) ~[?:1.8.0_265]
	at org.apache.jmeter.protocol.http.sampler.ResourcesDownloader.invokeAllAndAwaitTermination(ResourcesDownloader.java:179) ~[ApacheJMeter_http.jar:5.2.1]
	at org.apache.jmeter.protocol.http.sampler.HTTPSamplerBase.downloadPageResources(HTTPSamplerBase.java:1436) [ApacheJMeter_http.jar:5.2.1]
	at org.apache.jmeter.protocol.http.sampler.HTTPSamplerBase.resultProcessing(HTTPSamplerBase.java:1749) [ApacheJMeter_http.jar:5.2.1]
	at org.apache.jmeter.protocol.http.sampler.HTTPAbstractImpl.resultProcessing(HTTPAbstractImpl.java:556) [ApacheJMeter_http.jar:5.2.1]
	at org.apache.jmeter.protocol.http.sampler.HTTPHC4Impl.sample(HTTPHC4Impl.java:648) [ApacheJMeter_http.jar:5.2.1]
	at org.apache.jmeter.protocol.http.sampler.HTTPSamplerProxy.sample(HTTPSamplerProxy.java:67) [ApacheJMeter_http.jar:5.2.1]
	at org.apache.jmeter.protocol.http.sampler.HTTPSamplerBase.sample(HTTPSamplerBase.java:1282) [ApacheJMeter_http.jar:5.2.1]
	at org.apache.jmeter.protocol.http.sampler.HTTPSamplerBase.sample(HTTPSamplerBase.java:1271) [ApacheJMeter_http.jar:5.2.1]
	at org.apache.jmeter.threads.JMeterThread.doSampling(JMeterThread.java:627) [ApacheJMeter_core.jar:5.2.1]
	at org.apache.jmeter.threads.JMeterThread.executeSamplePackage(JMeterThread.java:551) [ApacheJMeter_core.jar:5.2.1]
	at org.apache.jmeter.threads.JMeterThread.processSampler(JMeterThread.java:490) [ApacheJMeter_core.jar:5.2.1]
	at org.apache.jmeter.threads.JMeterThread.run(JMeterThread.java:257) [ApacheJMeter_core.jar:5.2.1]
	at java.lang.Thread.run(Thread.java:748) [?:1.8.0_265]
2020-10-05 14:15:50,845 WARN o.a.j.p.h.s.HTTPSamplerBase: Interrupted fetching embedded resources
java.lang.InterruptedException: null
	at java.util.concurrent.locks.AbstractQueuedSynchronizer$ConditionObject.reportInterruptAfterWait(AbstractQueuedSynchronizer.java:2014) ~[?:1.8.0_265]
	at java.util.concurrent.locks.AbstractQueuedSynchronizer$ConditionObject.await(AbstractQueuedSynchronizer.java:2048) ~[?:1.8.0_265]
	at java.util.concurrent.LinkedBlockingQueue.take(LinkedBlockingQueue.java:442) ~[?:1.8.0_265]
	at java.util.concurrent.ExecutorCompletionService.take(ExecutorCompletionService.java:193) ~[?:1.8.0_265]
	at org.apache.jmeter.protocol.http.sampler.ResourcesDownloader.invokeAllAndAwaitTermination(ResourcesDownloader.java:187) ~[ApacheJMeter_http.jar:5.2.1]
	at org.apache.jmeter.protocol.http.sampler.HTTPSamplerBase.downloadPageResources(HTTPSamplerBase.java:1436) [ApacheJMeter_http.jar:5.2.1]
	at org.apache.jmeter.protocol.http.sampler.HTTPSamplerBase.resultProcessing(HTTPSamplerBase.java:1749) [ApacheJMeter_http.jar:5.2.1]
	at org.apache.jmeter.protocol.http.sampler.HTTPAbstractImpl.resultProcessing(HTTPAbstractImpl.java:556) [ApacheJMeter_http.jar:5.2.1]
	at org.apache.jmeter.protocol.http.sampler.HTTPHC4Impl.sample(HTTPHC4Impl.java:648) [ApacheJMeter_http.jar:5.2.1]
	at org.apache.jmeter.protocol.http.sampler.HTTPSamplerProxy.sample(HTTPSamplerProxy.java:67) [ApacheJMeter_http.jar:5.2.1]
	at org.apache.jmeter.protocol.http.sampler.HTTPSamplerBase.sample(HTTPSamplerBase.java:1282) [ApacheJMeter_http.jar:5.2.1]
	at org.apache.jmeter.protocol.http.sampler.HTTPSamplerBase.sample(HTTPSamplerBase.java:1271) [ApacheJMeter_http.jar:5.2.1]
	at org.apache.jmeter.threads.JMeterThread.doSampling(JMeterThread.java:627) [ApacheJMeter_core.jar:5.2.1]
	at org.apache.jmeter.threads.JMeterThread.executeSamplePackage(JMeterThread.java:551) [ApacheJMeter_core.jar:5.2.1]
	at org.apache.jmeter.threads.JMeterThread.processSampler(JMeterThread.java:490) [ApacheJMeter_core.jar:5.2.1]
	at org.apache.jmeter.threads.JMeterThread.run(JMeterThread.java:257) [ApacheJMeter_core.jar:5.2.1]
	at java.lang.Thread.run(Thread.java:748) [?:1.8.0_265]
2020-10-05 14:15:50,887 INFO o.a.j.t.JMeterThread: Thread is done: simple-ThreadStarter 1-1
2020-10-05 14:15:50,888 INFO o.a.j.t.JMeterThread: Thread finished: simple-ThreadStarter 1-1
2020-10-05 14:15:50,891 INFO o.a.j.t.JMeterThread: Thread is done: simple-ThreadStarter 1-2
2020-10-05 14:15:50,891 INFO o.a.j.t.JMeterThread: Thread is done: simple-ThreadStarter 1-4
2020-10-05 14:15:50,894 INFO o.a.j.t.JMeterThread: Thread finished: simple-ThreadStarter 1-2
2020-10-05 14:15:50,897 INFO o.a.j.t.JMeterThread: Thread finished: simple-ThreadStarter 1-4
2020-10-05 14:15:50,964 INFO o.a.j.t.JMeterThread: Thread is done: simple-ThreadStarter 1-5
2020-10-05 14:15:50,965 INFO o.a.j.t.JMeterThread: Thread finished: simple-ThreadStarter 1-5
2020-10-05 14:15:50,974 INFO o.a.j.t.JMeterThread: Thread is done: simple-ThreadStarter 1-3
2020-10-05 14:15:50,976 INFO o.a.j.t.JMeterThread: Thread finished: simple-ThreadStarter 1-3
2020-10-05 14:15:50,977 INFO o.a.j.e.StandardJMeterEngine: Notifying test listeners of end of test
2020-10-05 14:15:50,988 INFO o.a.j.e.StandardJMeterEngine: Forced JVM shutdown requested at end of test
[2020-10-05 14:15:52,799 DEBUG root] ToolError: Empty results, most likely simple (JMeterExecutor) failed. Actual reason for this can be found in logs under /tmp/artifacts
  File "/usr/local/lib/python3.6/dist-packages/bzt/cli.py", line 267, in perform
    self.engine.post_process()
  File "/usr/local/lib/python3.6/dist-packages/bzt/engine/engine.py", line 354, in post_process
    reraise(exc_info, exc_value)
  File "/usr/local/lib/python3.6/dist-packages/bzt/utils.py", line 102, in reraise
    raise exc
  File "/usr/local/lib/python3.6/dist-packages/bzt/engine/engine.py", line 340, in post_process
    module.post_process()
  File "/usr/local/lib/python3.6/dist-packages/bzt/modules/provisioning.py", line 176, in post_process
    reraise(exc_info, exc_value)
  File "/usr/local/lib/python3.6/dist-packages/bzt/utils.py", line 102, in reraise
    raise exc
  File "/usr/local/lib/python3.6/dist-packages/bzt/modules/provisioning.py", line 167, in post_process
    raise ToolError(message, diagnostics)
[2020-10-05 14:15:52,800 INFO root] Artifacts dir: /tmp/artifacts
[2020-10-05 14:15:52,804 WARNING root] Done performing with code: 1
[2020-10-05 14:15:52,808 DEBUG root] Closing log handler: /tmp/artifacts/bzt.log
[2020-10-05 14:24:26,871 INFO root] Taurus CLI Tool v1.15.0
[2020-10-05 14:24:26,875 DEBUG root] Command-line options: {'log': '/tmp/artifacts/bzt.log', 'option': None, 'quiet': None, 'verbose': None, 'no_system_configs': None, 'aliases': ['report']}
[2020-10-05 14:24:26,879 DEBUG root] Python: CPython 3.6.9
[2020-10-05 14:24:26,880 DEBUG root] OS: uname_result(system='Linux', node='a7c0e2801c4f', release='4.19.76-linuxkit', version='#1 SMP Tue May 26 11:42:35 UTC 2020', machine='x86_64', processor='x86_64')
[2020-10-05 14:24:26,882 INFO root] Starting with configs: ['test.yml']
[2020-10-05 14:24:26,885 DEBUG root] Using personal config: /root/.bzt-rc
[2020-10-05 14:24:26,887 INFO Engine] Configuring...
[2020-10-05 14:24:26,890 DEBUG Engine] Reading system configs from: /etc/bzt.d
[2020-10-05 14:24:26,998 DEBUG Engine] Base configs list: ['/usr/local/lib/python3.6/dist-packages/bzt/resources/10-base-config.yml', '/etc/bzt.d/50-pbench-enhanced.json', '/etc/bzt.d/90-artifacts-dir.json', '/etc/bzt.d/99-zinstallID.json']
[2020-10-05 14:24:26,999 DEBUG Engine.Configuration] Configs: ['/usr/local/lib/python3.6/dist-packages/bzt/resources/10-base-config.yml', '/etc/bzt.d/50-pbench-enhanced.json', '/etc/bzt.d/90-artifacts-dir.json', '/etc/bzt.d/99-zinstallID.json']
[2020-10-05 14:24:27,001 DEBUG Engine.Configuration] Reading /usr/local/lib/python3.6/dist-packages/bzt/resources/10-base-config.yml as YAML
[2020-10-05 14:24:27,045 DEBUG Engine.Configuration] Reading /etc/bzt.d/50-pbench-enhanced.json as YAML
[2020-10-05 14:24:27,047 DEBUG Engine.Configuration] Reading /etc/bzt.d/90-artifacts-dir.json as YAML
[2020-10-05 14:24:27,049 DEBUG Engine.Configuration] Reading /etc/bzt.d/99-zinstallID.json as YAML
[2020-10-05 14:24:27,050 DEBUG Engine] User configs list: ['/root/.bzt-rc', 'test.yml']
[2020-10-05 14:24:27,052 DEBUG Engine.Configuration] Configs: ['/root/.bzt-rc', 'test.yml']
[2020-10-05 14:24:27,054 DEBUG Engine.Configuration] Reading /root/.bzt-rc as YAML
[2020-10-05 14:24:27,073 DEBUG Engine.Configuration] Reading test.yml as YAML
[2020-10-05 14:24:27,082 DEBUG Engine.Configuration] Configs: ['/root/.bzt-rc', 'test.yml']
[2020-10-05 14:24:27,083 DEBUG Engine.Configuration] Reading /root/.bzt-rc as YAML
[2020-10-05 14:24:27,096 DEBUG Engine.Configuration] Reading test.yml as YAML
[2020-10-05 14:24:27,106 DEBUG Engine] Requesting updates info: https://gettaurus.org/updates/?version=1.15.0&installID=Docker
[2020-10-05 14:24:27,108 INFO Engine] Artifacts dir: /tmp/artifacts
[2020-10-05 14:24:27,108 DEBUG HTTPClient] Making HTTP request GET https://gettaurus.org/updates/?version=1.15.0&installID=Docker
[2020-10-05 14:24:27,114 DEBUG Engine] New artifact filename: /tmp/artifacts/effective
[2020-10-05 14:24:27,118 DEBUG urllib3.connectionpool] Starting new HTTPS connection (1): gettaurus.org:443
[2020-10-05 14:24:27,129 DEBUG Engine.Configuration] Dumping YAML config into /tmp/artifacts/effective.yml
[2020-10-05 14:24:27,180 DEBUG Engine.Configuration] Dumping JSON config into /tmp/artifacts/effective.json
[2020-10-05 14:24:27,199 DEBUG Engine] New artifact filename: /tmp/artifacts/merged-6.yml
[2020-10-05 14:24:27,204 DEBUG Engine.Configuration] Dumping YAML config into /tmp/artifacts/merged-6.yml
[2020-10-05 14:24:27,224 DEBUG Engine] New artifact filename: /tmp/artifacts/merged-6.json
[2020-10-05 14:24:27,229 DEBUG Engine.Configuration] Dumping JSON config into /tmp/artifacts/merged-6.json
[2020-10-05 14:24:27,231 DEBUG Engine] Add existing artifact (move=False): test.yml
[2020-10-05 14:24:27,235 DEBUG Engine] Copying test.yml to /tmp/artifacts/test.yml
[2020-10-05 14:24:27,271 DEBUG Engine] Set PYTHONPATH to '/root/.bzt/python-packages/3.6.9' + '/tmp/artifacts/python-packages/3.6.9' + 
[2020-10-05 14:24:27,274 DEBUG Engine] Content of user packages dir: %s
[2020-10-05 14:24:27,276 DEBUG Engine] OS env: OBJC_DISABLE_INITIALIZE_FORK_SAFETY=YES
[2020-10-05 14:24:27,277 DEBUG Engine] OS env: TAURUS_ARTIFACTS_DIR=/tmp/artifacts
[2020-10-05 14:24:27,278 DEBUG root] Closing log handler: /tmp/artifacts/bzt.log
[2020-10-05 14:24:27,284 DEBUG root] Switched writing logs to /tmp/artifacts/bzt.log
[2020-10-05 14:24:27,285 DEBUG root] Linting config
[2020-10-05 14:24:27,292 INFO Engine] Preparing...
[2020-10-05 14:24:27,295 DEBUG Engine] Module config: consolidator {'class': 'bzt.modules.aggregator.ConsolidatingAggregator'}
[2020-10-05 14:24:27,296 DEBUG root] Importing module: bzt.modules.aggregator
[2020-10-05 14:24:27,528 DEBUG root] Loading class: 'ConsolidatingAggregator' from <module 'bzt.modules.aggregator' from '/usr/local/lib/python3.6/dist-packages/bzt/modules/aggregator.py'>
[2020-10-05 14:24:27,529 DEBUG Engine.consolidator] Buffer scaling setup: percentile 95.0 from [0.0, 50.0, 90.0, 95.0, 99.0, 99.9, 100.0] selected
[2020-10-05 14:24:27,530 DEBUG Engine] Module config: monitoring {'class': 'bzt.modules.monitoring.Monitoring'}
[2020-10-05 14:24:27,531 DEBUG root] Importing module: bzt.modules.monitoring
[2020-10-05 14:24:27,534 DEBUG root] Loading class: 'Monitoring' from <module 'bzt.modules.monitoring' from '/usr/local/lib/python3.6/dist-packages/bzt/modules/monitoring.py'>
[2020-10-05 14:24:27,535 DEBUG Engine] Module config: local {'class': 'bzt.modules.provisioning.Local'}
[2020-10-05 14:24:27,536 DEBUG root] Importing module: bzt.modules.provisioning
[2020-10-05 14:24:27,537 DEBUG root] Loading class: 'Local' from <module 'bzt.modules.provisioning' from '/usr/local/lib/python3.6/dist-packages/bzt/modules/provisioning.py'>
[2020-10-05 14:24:27,538 DEBUG Engine] Module config: jmeter {'class': 'bzt.modules.jmeter.JMeterExecutor', 'protocol-handlers': {'http': 'bzt.jmx.http.HTTPProtocolHandler'}, 'plugins': ['jpgc-casutg', 'jpgc-dummy', 'jpgc-ffw', 'jpgc-fifo', 'jpgc-functions', 'jpgc-json', 'jpgc-perfmon', 'jpgc-prmctl', 'jpgc-tst'], 'properties': {'jmeter.save.saveservice.autoflush': 'true', 'jmeter.save.saveservice.connect_time': 'true', 'jmeterengine.force.system.exit': 'true', 'summariser.name': ''}}
[2020-10-05 14:24:27,540 DEBUG root] Importing module: bzt.modules.jmeter
[2020-10-05 14:24:27,558 DEBUG root] Loading class: 'JMeterExecutor' from <module 'bzt.modules.jmeter' from '/usr/local/lib/python3.6/dist-packages/bzt/modules/jmeter.py'>
[2020-10-05 14:24:27,561 DEBUG Engine.local] Preparing executor: jmeter/140572922040616
[2020-10-05 14:24:27,573 DEBUG Engine] New artifact filename: /tmp/artifacts/jmeter-6.log
[2020-10-05 14:24:27,575 DEBUG Engine.jmeter] Checking if port 4445 is free
[2020-10-05 14:24:27,576 DEBUG Engine.jmeter] Port 4445 is free
[2020-10-05 14:24:27,577 DEBUG Engine.jmeter] Using port 4445 for management
[2020-10-05 14:24:27,591 DEBUG Engine] New artifact filename: /tmp/artifacts/requests-6.jmx
[2020-10-05 14:24:27,593 DEBUG root] Importing module: bzt.jmx.http
[2020-10-05 14:24:27,595 DEBUG root] Loading class: 'HTTPProtocolHandler' from <module 'bzt.jmx.http' from '/usr/local/lib/python3.6/dist-packages/bzt/jmx/http.py'>
[2020-10-05 14:24:27,601 DEBUG JMeterScenarioBuilder] Saving JMX to: /tmp/artifacts/requests-6.jmx
[2020-10-05 14:24:27,615 DEBUG Engine.jmeter] Additional system properties {'sun.net.inetaddr.ttl': 0}
[2020-10-05 14:24:27,629 DEBUG Engine] New artifact filename: /tmp/artifacts/system-6.properties
[2020-10-05 14:24:27,637 DEBUG Engine.jmeter] Additional properties: {'jmeter.save.saveservice.autoflush': 'true', 'jmeter.save.saveservice.connect_time': 'true', 'jmeterengine.force.system.exit': 'true', 'summariser.name': '', 'jmeterengine.nongui.port': 4445, 'jmeterengine.nongui.maxport': 4445, 'jmeter.save.saveservice.timestamp_format': 'ms', 'sampleresult.default.encoding': 'UTF-8', 'user.classpath': '/tmp/artifacts:/tmp/artifacts'}
[2020-10-05 14:24:27,653 DEBUG Engine] New artifact filename: /tmp/artifacts/jmeter-bzt-6.properties
[2020-10-05 14:24:27,660 DEBUG Engine.jmeter.JavaVM] Trying JavaVM: ['java', '-version']
[2020-10-05 14:24:27,661 DEBUG root] Executing shell: ['java', '-version'] at .
[2020-10-05 14:24:27,888 DEBUG Engine.jmeter.JavaVM] JavaVM output: openjdk version "1.8.0_265"
OpenJDK Runtime Environment (build 1.8.0_265-8u265-b01-0ubuntu2~18.04-b01)
OpenJDK 64-Bit Server VM (build 25.265-b01, mixed mode)

[2020-10-05 14:24:27,889 DEBUG Engine.jmeter.TclLibrary] We don't need to check tcl library on this platform
[2020-10-05 14:24:27,891 DEBUG Engine.jmeter.JMeter] Trying JMeter..
[2020-10-05 14:24:27,893 DEBUG root] Executing shell: ['/root/.bzt/jmeter-taurus/5.2.1/bin/jmeter.sh', '-j', '/tmp/jmeterunk2acsulog', '--version'] at .
[2020-10-05 14:24:28,511 DEBUG urllib3.connectionpool] https://gettaurus.org:443 "GET /updates/?version=1.15.0&installID=Docker HTTP/1.1" 200 40
[2020-10-05 14:24:28,514 DEBUG Engine] Taurus updates info: {'latest': '1.15.0', 'needsUpgrade': False}
[2020-10-05 14:24:28,515 DEBUG Engine] Installation is up-to-date
[2020-10-05 14:24:31,390 DEBUG Engine.jmeter.JMeter] JMeter check:     _    ____   _    ____ _   _ _____       _ __  __ _____ _____ _____ ____
   / \  |  _ \ / \  / ___| | | | ____|     | |  \/  | ____|_   _| ____|  _ \
  / _ \ | |_) / _ \| |   | |_| |  _|    _  | | |\/| |  _|   | | |  _| | |_) |
 / ___ \|  __/ ___ \ |___|  _  | |___  | |_| | |  | | |___  | | | |___|  _ <
/_/   \_\_| /_/   \_\____|_| |_|_____|  \___/|_|  |_|_____| |_| |_____|_| \_\ 5.2.1

Copyright (c) 1999-2019 The Apache Software Foundation

 / 
[2020-10-05 14:24:31,409 DEBUG Engine] New artifact filename: /tmp/artifacts/kpi-6.jtl
[2020-10-05 14:24:31,422 DEBUG Engine] New artifact filename: /tmp/artifacts/error-6.jtl
[2020-10-05 14:24:31,424 DEBUG Engine.jmeter.LoadSettingsProcessor] Load: LoadSpec(concurrency=10, throughput=None, ramp_up=60.0, hold=150.0, iterations=0, duration=210.0, steps=None)
[2020-10-05 14:24:31,427 DEBUG Engine.jmeter.LoadSettingsProcessor.ThreadGroupHandler] Converting ThreadGroup (simple) to ConcurrencyThreadGroup and apply load parameters
[2020-10-05 14:24:31,429 DEBUG Engine] New artifact filename: /tmp/artifacts/modified_requests-6.jmx
[2020-10-05 14:24:31,430 DEBUG JMX] Saving JMX to: /tmp/artifacts/modified_requests-6.jmx
[2020-10-05 14:24:31,437 DEBUG root] Executing shell: ['/root/.bzt/jmeter-taurus/5.2.1/bin/PluginsManagerCMD.sh', 'install-for-jmx', '/tmp/artifacts/modified_requests-6.jmx'] at .
[2020-10-05 14:24:40,603 DEBUG Engine.jmeter.JMeter] Try to detect plugins for /tmp/artifacts/modified_requests-6.jmx
2020-10-05 14:24:33,923 INFO o.j.r.PluginManagerCMD: Command is: install-for-jmx
2020-10-05 14:24:34,105 INFO o.j.r.JARSourceHTTP: Requesting https://jmeter-plugins.org/repo/?installID=linux-7845296f7e7b9e34e5dded0e7884d5bb-nongui
2020-10-05 14:24:38,627 INFO o.j.r.PluginManager: Plugins Status: [jpgc-functions=2.1, jpgc-casutg=2.9, jpgc-dummy=0.4, jpgc-ffw=2.0, jpgc-fifo=0.2, jpgc-json=2.7, jpgc-prmctl=0.4, jpgc-perfmon=2.1, jpgc-plugins-manager=1.3, jpgc-tst=2.5, jmeter-core=5.2.1, jmeter-ftp=5.2.1, jmeter-http=5.2.1, jmeter-jdbc=5.2.1, jmeter-jms=5.2.1, jmeter-junit=5.2.1, jmeter-java=5.2.1, jmeter-ldap=5.2.1, jmeter-mail=5.2.1, jmeter-mongodb=5.2.1, jmeter-native=5.2.1, jmeter-tcp=5.2.1, jmeter-components=5.2.1]
2020-10-05 14:24:38,633 INFO o.j.r.PluginManagerCMD: Params line is: /tmp/artifacts/modified_requests-6.jmx
2020-10-05 14:24:39,763 INFO o.a.j.s.SaveService: Testplan (JMX) version: 2.2. Testlog (JTL) version: 2.2
2020-10-05 14:24:39,801 INFO o.a.j.s.SaveService: Using SaveService properties file encoding UTF-8
2020-10-05 14:24:39,816 INFO o.a.j.s.SaveService: Using SaveService properties version 5.0
2020-10-05 14:24:39,940 INFO o.a.j.p.h.c.CacheManager: Will only cache the following methods: [GET]
2020-10-05 14:24:39,955 INFO o.a.j.p.h.c.CookieManager: Settings: Delete null: true Check: true Allow variable: true Save: false Prefix: COOKIE_
2020-10-05 14:24:40,183 INFO o.a.j.p.h.s.HTTPSamplerBase: Parser for text/html is org.apache.jmeter.protocol.http.parser.LagartoBasedHtmlParser
2020-10-05 14:24:40,184 INFO o.a.j.p.h.s.HTTPSamplerBase: Parser for application/xhtml+xml is org.apache.jmeter.protocol.http.parser.LagartoBasedHtmlParser
2020-10-05 14:24:40,185 INFO o.a.j.p.h.s.HTTPSamplerBase: Parser for application/xml is org.apache.jmeter.protocol.http.parser.LagartoBasedHtmlParser
2020-10-05 14:24:40,189 INFO o.a.j.p.h.s.HTTPSamplerBase: Parser for text/xml is org.apache.jmeter.protocol.http.parser.LagartoBasedHtmlParser
2020-10-05 14:24:40,190 INFO o.a.j.p.h.s.HTTPSamplerBase: Parser for text/vnd.wap.wml is org.apache.jmeter.protocol.http.parser.RegexpHTMLParser
2020-10-05 14:24:40,191 INFO o.a.j.p.h.s.HTTPSamplerBase: Parser for text/css is org.apache.jmeter.protocol.http.parser.CssParser
2020-10-05 14:24:40,377 INFO o.j.r.PluginManager: Finishing without changes


[2020-10-05 14:24:40,626 DEBUG Engine] New artifact filename: /tmp/artifacts/jmeter-6.out
[2020-10-05 14:24:40,649 DEBUG Engine] New artifact filename: /tmp/artifacts/jmeter-6.err
[2020-10-05 14:24:40,658 DEBUG Engine] Module config: final-stats {'class': 'bzt.modules.reporting.FinalStatus'}
[2020-10-05 14:24:40,659 DEBUG root] Importing module: bzt.modules.reporting
[2020-10-05 14:24:40,694 DEBUG easyprocess] version=0.3
[2020-10-05 14:24:40,698 DEBUG pyvirtualdisplay] version=1.3.2
[2020-10-05 14:24:40,702 DEBUG root] Loading class: 'FinalStatus' from <module 'bzt.modules.reporting' from '/usr/local/lib/python3.6/dist-packages/bzt/modules/reporting.py'>
[2020-10-05 14:24:40,703 DEBUG Engine] Module config: console {'class': 'bzt.modules.console.ConsoleStatusReporter'}
[2020-10-05 14:24:40,705 DEBUG root] Importing module: bzt.modules.console
[2020-10-05 14:24:40,706 DEBUG root] Loading class: 'ConsoleStatusReporter' from <module 'bzt.modules.console' from '/usr/local/lib/python3.6/dist-packages/bzt/modules/console.py'>
[2020-10-05 14:24:40,708 DEBUG Engine] Module config: passfail {'class': 'bzt.modules.passfail.PassFailStatus'}
[2020-10-05 14:24:40,709 DEBUG root] Importing module: bzt.modules.passfail
[2020-10-05 14:24:40,711 DEBUG root] Loading class: 'PassFailStatus' from <module 'bzt.modules.passfail' from '/usr/local/lib/python3.6/dist-packages/bzt/modules/passfail.py'>
[2020-10-05 14:24:40,712 DEBUG Engine] Module config: blazemeter {'class': 'bzt.modules.blazemeter.BlazeMeterUploader'}
[2020-10-05 14:24:40,714 DEBUG root] Importing module: bzt.modules.blazemeter
[2020-10-05 14:24:40,715 DEBUG root] Loading class: 'BlazeMeterUploader' from <module 'bzt.modules.blazemeter' from '/usr/local/lib/python3.6/dist-packages/bzt/modules/blazemeter.py'>
[2020-10-05 14:24:40,727 DEBUG root] Importing module: bzt.modules.passfail
[2020-10-05 14:24:40,729 DEBUG root] Loading class: 'DataCriterion' from <module 'bzt.modules.passfail' from '/usr/local/lib/python3.6/dist-packages/bzt/modules/passfail.py'>
[2020-10-05 14:24:40,731 DEBUG root] Importing module: bzt.modules.passfail
[2020-10-05 14:24:40,732 DEBUG root] Loading class: 'DataCriterion' from <module 'bzt.modules.passfail' from '/usr/local/lib/python3.6/dist-packages/bzt/modules/passfail.py'>
[2020-10-05 14:24:40,733 WARNING Engine.blazemeter] No BlazeMeter API key provided, will upload anonymously
[2020-10-05 14:24:40,736 DEBUG Engine.blazemeter] Installing http client
[2020-10-05 14:24:40,737 DEBUG User] Request: GET https://a.blazemeter.com/api/v4/web/version None
[2020-10-05 14:24:40,742 DEBUG HTTPClient] Making HTTP request GET https://a.blazemeter.com/api/v4/web/version
[2020-10-05 14:24:40,761 DEBUG urllib3.connectionpool] Starting new HTTPS connection (1): a.blazemeter.com:443
[2020-10-05 14:24:41,460 DEBUG urllib3.connectionpool] https://a.blazemeter.com:443 "GET /api/v4/web/version HTTP/1.1" 200 None
[2020-10-05 14:24:41,466 DEBUG User] Response [200]: {
    "api_version": 4,
    "error": null,
    "result": "BACKEND-CI/release-2020-09-29 12 release-2020-09-29 8d34455d3b7856a4e30fb53470881e712739c1d6 Thu Oct 1 10:07:57 2020 -0500 8d34455d3b7856a4e30fb53470881e712739c1d6\n",
    "request_id": "5f7b2ca95b6
[2020-10-05 14:24:41,478 DEBUG Engine.Configuration] Dumping YAML config into /tmp/artifacts/effective.yml
[2020-10-05 14:24:41,522 DEBUG Engine.Configuration] Dumping JSON config into /tmp/artifacts/effective.json
[2020-10-05 14:24:41,527 INFO Engine] Starting...
[2020-10-05 14:24:41,529 DEBUG Engine] Startup <bzt.modules.monitoring.Monitoring object at 0x7fd9bc5af780>
[2020-10-05 14:24:41,531 DEBUG Engine] Startup <bzt.modules.aggregator.ConsolidatingAggregator object at 0x7fd9bc5af710>
[2020-10-05 14:24:41,533 DEBUG Engine] Startup <bzt.modules.reporting.FinalStatus object at 0x7fd9af137c18>
[2020-10-05 14:24:41,534 DEBUG Engine] Startup <bzt.modules.console.ConsoleStatusReporter object at 0x7fd9af0d4278>
[2020-10-05 14:24:41,536 INFO Engine.console] Waiting for results...
[2020-10-05 14:24:41,538 DEBUG Engine] Startup <bzt.modules.passfail.PassFailStatus object at 0x7fd9af0f1940>
[2020-10-05 14:24:41,545 DEBUG Engine] Startup <bzt.modules.reporting.FinalStatus object at 0x7fd9af09aa90>
[2020-10-05 14:24:41,550 DEBUG Engine] Startup <bzt.modules.blazemeter.BlazeMeterUploader object at 0x7fd9af09add8>
[2020-10-05 14:24:41,555 INFO Engine.blazemeter] Initiating data feeding...
[2020-10-05 14:24:41,564 DEBUG User] Request: POST https://a.blazemeter.com/api/v4/sessions None
[2020-10-05 14:24:41,593 DEBUG HTTPClient] Making HTTP request POST https://a.blazemeter.com/api/v4/sessions
[2020-10-05 14:24:42,057 DEBUG urllib3.connectionpool] https://a.blazemeter.com:443 "POST /api/v4/sessions HTTP/1.1" 201 3435
[2020-10-05 14:24:42,063 DEBUG User] Response [201]: {
    "api_version": 4,
    "error": null,
    "result": {
        "session": {
            "id": "r-ext-5f7b2ca9abe00",
            "name": "external",
            "userId": 386483,
            "publicToken": "ytGcIxEWcHCl1SBacz8fZfttPD48mxSan0e51uk9qEWNs
[2020-10-05 14:24:42,066 INFO Engine.blazemeter] Started data feeding: https://a.blazemeter.com/app/?public-token=ytGcIxEWcHCl1SBacz8fZfttPD48mxSan0e51uk9qEWNspVGiE#reports/r-ext-5f7b2ca9abe00/summary
[2020-10-05 14:24:42,068 WARNING root] Can't open link in browser: could not locate runnable browser
[2020-10-05 14:24:42,070 DEBUG Engine] Startup <bzt.modules.provisioning.Local object at 0x7fd9bc5ff358>
[2020-10-05 14:24:42,072 DEBUG Engine.local] Delay setup for jmeter/simple: 0(start-at) + 0(delay) = 0
[2020-10-05 14:24:42,088 DEBUG Engine.Configuration] Dumping YAML config into /tmp/artifacts/effective.yml
[2020-10-05 14:24:42,150 DEBUG Engine.Configuration] Dumping JSON config into /tmp/artifacts/effective.json
[2020-10-05 14:24:42,158 DEBUG root] Leveling down log file verbosity to INFO, use -v option to have DEBUG messages enabled
[2020-10-05 14:24:42,160 DEBUG root] Leveled up log file verbosity
[2020-10-05 14:24:42,162 DEBUG root] Executing shell: ['/root/.bzt/jmeter-taurus/5.2.1/bin/jmeter.sh', '-t', '/tmp/artifacts/modified_requests-6.jmx', '-j', '/tmp/artifacts/jmeter-6.log', '-q', '/tmp/artifacts/jmeter-bzt-6.properties', '-n', '-S', '/tmp/artifacts/system-6.properties'] at /bzt-configs
[2020-10-05 14:24:42,171 DEBUG Engine.local] Starting execution: jmeter/simple, rest of available slots: 9223372036854775806
[2020-10-05 14:24:42,173 DEBUG root] Leveling down log file verbosity to INFO, use -v option to have DEBUG messages enabled
[2020-10-05 14:24:42,410 INFO Engine.console] Waiting for finish...
[2020-10-05 14:25:41,839 WARNING Engine] Please wait for graceful shutdown...
[2020-10-05 14:25:41,850 DEBUG root] Leveled up log file verbosity
[2020-10-05 14:25:41,851 INFO Engine] Shutting down...
[2020-10-05 14:25:41,859 DEBUG Engine] Current stop reason: 
[2020-10-05 14:25:41,861 DEBUG Engine.local] Shutdown jmeter/simple
[2020-10-05 14:25:42,865 INFO Engine.jmeter] Sending Shutdown command to JMeter on port 4445...
[2020-10-05 14:25:43,892 DEBUG Engine.jmeter] JMeter stopped on Shutdown command
[2020-10-05 14:25:43,897 DEBUG Engine.console] Restoring logging streams, [<StreamHandler (INFO)>]/{<StreamHandler (INFO)>: <_io.TextIOWrapper name='<stdout>' mode='w' encoding='UTF-8'>}
[2020-10-05 14:25:43,917 DEBUG Engine.Configuration] Dumping YAML config into /tmp/artifacts/effective.yml
[2020-10-05 14:25:43,997 DEBUG Engine.Configuration] Dumping JSON config into /tmp/artifacts/effective.json
[2020-10-05 14:25:44,002 WARNING root] Keyboard interrupt
[2020-10-05 14:25:44,005 DEBUG root] KeyboardInterrupt: 
  File "/usr/local/lib/python3.6/dist-packages/bzt/cli.py", line 260, in perform
    self.engine.run()
  File "/usr/local/lib/python3.6/dist-packages/bzt/engine/engine.py", line 269, in run
    reraise(exc_info, exc_value)
  File "/usr/local/lib/python3.6/dist-packages/bzt/utils.py", line 102, in reraise
    raise exc
  File "/usr/local/lib/python3.6/dist-packages/bzt/engine/engine.py", line 248, in run
    self._wait()
  File "/usr/local/lib/python3.6/dist-packages/bzt/engine/engine.py", line 290, in _wait
    while not self._check_modules_list():
  File "/usr/local/lib/python3.6/dist-packages/bzt/engine/engine.py", line 277, in _check_modules_list
    finished = bool(module.check())
  File "/usr/local/lib/python3.6/dist-packages/bzt/modules/blazemeter.py", line 481, in check
    self.__send_monitoring()
  File "/usr/local/lib/python3.6/dist-packages/bzt/modules/blazemeter.py", line 128, in _impl
    method(self, *args, **kwargs)
  File "/usr/local/lib/python3.6/dist-packages/bzt/modules/blazemeter.py", line 513, in __send_monitoring
    self._session.send_monitoring_data(engine_id, data)
  File "/usr/local/lib/python3.6/dist-packages/bzt/bza.py", line 705, in send_monitoring_data
    self.upload_file(file_name, to_json(data))
  File "/usr/local/lib/python3.6/dist-packages/bzt/bza.py", line 733, in upload_file
    response = self._request(url, body.form_as_bytes(), headers=hdr)
  File "/usr/local/lib/python3.6/dist-packages/bzt/bza.py", line 96, in _request
    method=log_method, url=url, data=data, headers=headers, timeout=self.timeout)
  File "/usr/local/lib/python3.6/dist-packages/bzt/utils.py", line 1220, in request
    return self.session.request(method, url, *args, **kwargs)
  File "/usr/local/lib/python3.6/dist-packages/requests/sessions.py", line 530, in request
    resp = self.send(prep, **send_kwargs)
  File "/usr/local/lib/python3.6/dist-packages/requests/sessions.py", line 643, in send
    r = adapter.send(request, **kwargs)
  File "/usr/local/lib/python3.6/dist-packages/requests/adapters.py", line 449, in send
    timeout=timeout
  File "/usr/local/lib/python3.6/dist-packages/urllib3/connectionpool.py", line 677, in urlopen
    chunked=chunked,
  File "/usr/local/lib/python3.6/dist-packages/urllib3/connectionpool.py", line 426, in _make_request
    six.raise_from(e, None)
  File "<string>", line 3, in raise_from
  File "/usr/local/lib/python3.6/dist-packages/urllib3/connectionpool.py", line 421, in _make_request
    httplib_response = conn.getresponse()
  File "/usr/lib/python3.6/http/client.py", line 1356, in getresponse
    response.begin()
  File "/usr/lib/python3.6/http/client.py", line 307, in begin
    version, status, reason = self._read_status()
  File "/usr/lib/python3.6/http/client.py", line 268, in _read_status
    line = str(self.fp.readline(_MAXLINE + 1), "iso-8859-1")
  File "/usr/lib/python3.6/socket.py", line 586, in readinto
    return self._sock.recv_into(b)
  File "/usr/lib/python3.6/ssl.py", line 1012, in recv_into
    return self.read(nbytes, buffer)
  File "/usr/lib/python3.6/ssl.py", line 874, in read
    return self._sslobj.read(len, buffer)
  File "/usr/lib/python3.6/ssl.py", line 631, in read
    v = self._sslobj.read(len, buffer)
[2020-10-05 14:25:44,006 INFO Engine] Post-processing...
[2020-10-05 14:25:44,008 DEBUG Engine.local] Post-process jmeter/simple
[2020-10-05 14:25:44,009 DEBUG Engine] Add existing artifact (move=True): /tmp/artifacts/modified_requests-6.jmx
[2020-10-05 14:25:44,011 DEBUG Engine] No need to copy /tmp/artifacts/modified_requests-6.jmx
[2020-10-05 14:25:44,054 DEBUG Engine.local] Exception in post_process of JMeterExecutor: Empty results, most likely simple (JMeterExecutor) failed. Actual reason for this can be found in logs under /tmp/artifacts Traceback (most recent call last):
  File "/usr/local/lib/python3.6/dist-packages/bzt/modules/provisioning.py", line 167, in post_process
    raise ToolError(message, diagnostics)
bzt.ToolError: Empty results, most likely simple (JMeterExecutor) failed. Actual reason for this can be found in logs under /tmp/artifacts

[2020-10-05 14:25:44,055 DEBUG Engine] post_process: Empty results, most likely simple (JMeterExecutor) failed. Actual reason for this can be found in logs under /tmp/artifacts
Traceback (most recent call last):
  File "/usr/local/lib/python3.6/dist-packages/bzt/engine/engine.py", line 340, in post_process
    module.post_process()
  File "/usr/local/lib/python3.6/dist-packages/bzt/modules/provisioning.py", line 176, in post_process
    reraise(exc_info, exc_value)
  File "/usr/local/lib/python3.6/dist-packages/bzt/utils.py", line 102, in reraise
    raise exc
  File "/usr/local/lib/python3.6/dist-packages/bzt/modules/provisioning.py", line 167, in post_process
    raise ToolError(message, diagnostics)
bzt.ToolError: Empty results, most likely simple (JMeterExecutor) failed. Actual reason for this can be found in logs under /tmp/artifacts

[2020-10-05 14:25:44,059 DEBUG Engine.jmeter.JTLErrorsReader.FileReader] Opening file: /tmp/artifacts/error-6.jtl
[2020-10-05 14:25:44,065 DEBUG Engine.jmeter.JTLErrorsReader] Read bytes from error file: 10882
[2020-10-05 14:25:44,076 DEBUG Engine.jmeter.JTLReader.IncrementalCSVReader] Read: 10 lines / 1506 bytes (at speed 1048576)
[2020-10-05 14:25:44,079 DEBUG Engine.jmeter.JTLReader] Buffer len: 9; Known errors count: 2
[2020-10-05 14:25:44,081 DEBUG Engine.jmeter.JTLReader] Aggregating: 1601907893, 9 in buffer
[2020-10-05 14:25:44,086 DEBUG Engine.jmeter.JTLReader] Aggregating: 1601907899, 8 in buffer
[2020-10-05 14:25:44,091 DEBUG Engine.jmeter.JTLReader] Aggregating: 1601907905, 7 in buffer
[2020-10-05 14:25:44,096 DEBUG Engine.jmeter.JTLReader] Aggregating: 1601907911, 6 in buffer
[2020-10-05 14:25:44,097 DEBUG aggregator] Growing HDR from 5000.0 to 18000.0
[2020-10-05 14:25:44,104 DEBUG aggregator] Growing HDR from 5000.0 to 18000.0
[2020-10-05 14:25:44,114 DEBUG Engine.jmeter.JTLErrorsReader] Got error info for 1601907911, labels: dict_keys(['https://www.smartfrog.com/de-de', ''])
[2020-10-05 14:25:44,115 DEBUG aggregator] Growing HDR from 5000.0 to 18000.0
[2020-10-05 14:25:44,121 DEBUG aggregator] Growing HDR from 5000.0 to 18000.0
[2020-10-05 14:25:44,128 DEBUG Engine.jmeter.JTLReader] Aggregating: 1601907917, 5 in buffer
[2020-10-05 14:25:44,134 DEBUG Engine.jmeter.JTLReader] Aggregating: 1601907923, 4 in buffer
[2020-10-05 14:25:44,139 DEBUG Engine.jmeter.JTLReader] Aggregating: 1601907929, 3 in buffer
[2020-10-05 14:25:44,140 DEBUG aggregator] Growing HDR from 5000.0 to 14000.0
[2020-10-05 14:25:44,156 DEBUG Engine.jmeter.JTLErrorsReader] Got error info for 1601907929, labels: dict_keys(['https://www.smartfrog.com/de-de/shop/register', ''])
[2020-10-05 14:25:44,159 DEBUG Engine.jmeter.JTLReader] Aggregating: 1601907935, 2 in buffer
[2020-10-05 14:25:44,165 DEBUG Engine.jmeter.JTLReader] Aggregating: 1601907941, 1 in buffer
[2020-10-05 14:25:44,174 DEBUG Engine.jmeter.JTLErrorsReader] Got error info for 1601907941, labels: dict_keys(['https://www.smartfrog.com/de-de', ''])
[2020-10-05 14:25:44,182 DEBUG Engine.jmeter.JTLReader] Buffer len: 0; Known errors count: 2
[2020-10-05 14:25:44,184 DEBUG Engine.consolidator] Consolidator buffer[9]: dict_keys([1601907893, 1601907899, 1601907905, 1601907911, 1601907917, 1601907923, 1601907929, 1601907935, 1601907941])
[2020-10-05 14:25:44,185 DEBUG Engine.consolidator] Merging into 1601907893
[2020-10-05 14:25:44,185 DEBUG Engine.consolidator] Bypassing consolidation because of single result
[2020-10-05 14:25:44,231 DEBUG Engine.passfail] No label IndexPage in dict_keys(['https://www.smartfrog.com/de-de', ''])
[2020-10-05 14:25:44,231 DEBUG Engine.passfail] No label CheckoutPage in dict_keys(['https://www.smartfrog.com/de-de', ''])
[2020-10-05 14:25:44,232 DEBUG Engine.consolidator] Processed datapoint: 1601907893/ConsolidatingAggregator@140573144708880
[2020-10-05 14:25:44,234 DEBUG Engine.consolidator] Merging into 1601907899
[2020-10-05 14:25:44,235 DEBUG Engine.consolidator] Bypassing consolidation because of single result
[2020-10-05 14:25:44,276 DEBUG Engine.passfail] No label IndexPage in dict_keys(['https://www.smartfrog.com/de-de', ''])
[2020-10-05 14:25:44,276 DEBUG Engine.passfail] No label CheckoutPage in dict_keys(['https://www.smartfrog.com/de-de', ''])
[2020-10-05 14:25:44,277 DEBUG Engine.consolidator] Processed datapoint: 1601907899/ConsolidatingAggregator@140573144708880
[2020-10-05 14:25:44,278 DEBUG Engine.consolidator] Merging into 1601907905
[2020-10-05 14:25:44,280 DEBUG Engine.consolidator] Bypassing consolidation because of single result
[2020-10-05 14:25:44,335 DEBUG Engine.passfail] No label IndexPage in dict_keys(['https://www.smartfrog.com/de-de', ''])
[2020-10-05 14:25:44,336 DEBUG Engine.passfail] No label CheckoutPage in dict_keys(['https://www.smartfrog.com/de-de', ''])
[2020-10-05 14:25:44,337 DEBUG Engine.consolidator] Processed datapoint: 1601907905/ConsolidatingAggregator@140573144708880
[2020-10-05 14:25:44,338 DEBUG Engine.consolidator] Merging into 1601907911
[2020-10-05 14:25:44,339 DEBUG Engine.consolidator] Bypassing consolidation because of single result
[2020-10-05 14:25:44,340 DEBUG aggregator] Growing HDR from 5000.0 to 18000.0
[2020-10-05 14:25:44,347 DEBUG aggregator] Growing HDR from 5000.0 to 18000.0
[2020-10-05 14:25:44,497 DEBUG Engine.passfail] No label IndexPage in dict_keys(['https://www.smartfrog.com/de-de', ''])
[2020-10-05 14:25:44,498 DEBUG Engine.passfail] No label CheckoutPage in dict_keys(['https://www.smartfrog.com/de-de', ''])
[2020-10-05 14:25:44,498 DEBUG Engine.consolidator] Processed datapoint: 1601907911/ConsolidatingAggregator@140573144708880
[2020-10-05 14:25:44,499 DEBUG Engine.consolidator] Merging into 1601907917
[2020-10-05 14:25:44,501 DEBUG Engine.consolidator] Bypassing consolidation because of single result
[2020-10-05 14:25:44,603 DEBUG Engine.passfail] No label IndexPage in dict_keys(['https://www.smartfrog.com/de-de', ''])
[2020-10-05 14:25:44,604 DEBUG Engine.passfail] No label CheckoutPage in dict_keys(['https://www.smartfrog.com/de-de', ''])
[2020-10-05 14:25:44,606 DEBUG Engine.consolidator] Processed datapoint: 1601907917/ConsolidatingAggregator@140573144708880
[2020-10-05 14:25:44,606 DEBUG Engine.consolidator] Merging into 1601907923
[2020-10-05 14:25:44,607 DEBUG Engine.consolidator] Bypassing consolidation because of single result
[2020-10-05 14:25:44,692 DEBUG Engine.passfail] No label IndexPage in dict_keys(['https://www.smartfrog.com/de-de', ''])
[2020-10-05 14:25:44,693 DEBUG Engine.passfail] No label CheckoutPage in dict_keys(['https://www.smartfrog.com/de-de', ''])
[2020-10-05 14:25:44,693 DEBUG Engine.consolidator] Processed datapoint: 1601907923/ConsolidatingAggregator@140573144708880
[2020-10-05 14:25:44,694 DEBUG Engine.consolidator] Merging into 1601907929
[2020-10-05 14:25:44,695 DEBUG Engine.consolidator] Bypassing consolidation because of single result
[2020-10-05 14:25:44,829 DEBUG Engine.passfail] No label IndexPage in dict_keys(['https://www.smartfrog.com/de-de/shop/register', 'https://www.smartfrog.com/de-de', ''])
[2020-10-05 14:25:44,830 DEBUG Engine.passfail] No label CheckoutPage in dict_keys(['https://www.smartfrog.com/de-de/shop/register', 'https://www.smartfrog.com/de-de', ''])
[2020-10-05 14:25:44,831 DEBUG Engine.consolidator] Processed datapoint: 1601907929/ConsolidatingAggregator@140573144708880
[2020-10-05 14:25:44,832 DEBUG Engine.consolidator] Merging into 1601907935
[2020-10-05 14:25:44,833 DEBUG Engine.consolidator] Bypassing consolidation because of single result
[2020-10-05 14:25:44,945 DEBUG Engine.passfail] No label IndexPage in dict_keys(['https://www.smartfrog.com/de-de', ''])
[2020-10-05 14:25:44,946 DEBUG Engine.passfail] No label CheckoutPage in dict_keys(['https://www.smartfrog.com/de-de', ''])
[2020-10-05 14:25:44,947 DEBUG Engine.consolidator] Processed datapoint: 1601907935/ConsolidatingAggregator@140573144708880
[2020-10-05 14:25:44,948 DEBUG Engine.consolidator] Merging into 1601907941
[2020-10-05 14:25:44,950 DEBUG Engine.consolidator] Bypassing consolidation because of single result
[2020-10-05 14:25:45,055 DEBUG Engine.passfail] No label IndexPage in dict_keys(['https://www.smartfrog.com/de-de', ''])
[2020-10-05 14:25:45,056 DEBUG Engine.passfail] No label CheckoutPage in dict_keys(['https://www.smartfrog.com/de-de', ''])
[2020-10-05 14:25:45,057 DEBUG Engine.consolidator] Processed datapoint: 1601907941/ConsolidatingAggregator@140573144708880
[2020-10-05 14:25:45,057 INFO Engine.final-stats] Test duration: 0:01:02
[2020-10-05 14:25:45,060 INFO Engine.final-stats] Samples count: 10, 30.00% failures
[2020-10-05 14:25:45,064 INFO Engine.final-stats] Average times: total 4.436, latency 0.904, connect 3.922
[2020-10-05 14:25:45,067 INFO Engine.final-stats] Percentiles:
(0lqqqqqqqqqqqqqqqwqqqqqqqqqqqqqqqk(B
(0x(B Percentile, % (0x(B Resp. Time, s (0x(B
(0tqqqqqqqqqqqqqqqnqqqqqqqqqqqqqqqu(B
(0x(B           0.0 (0x(B         0.733 (0x(B
(0x(B          50.0 (0x(B         1.729 (0x(B
(0x(B          90.0 (0x(B        13.528 (0x(B
(0x(B          95.0 (0x(B        17.408 (0x(B
(0x(B          99.0 (0x(B        17.408 (0x(B
(0x(B          99.9 (0x(B        17.408 (0x(B
(0x(B         100.0 (0x(B        17.408 (0x(B
(0mqqqqqqqqqqqqqqqvqqqqqqqqqqqqqqqj(B
[2020-10-05 14:25:45,082 INFO Engine.final-stats] Request label stats:
(0lqqqqqqqqqqqqqqqqqqqqqqqqqqqqqqqqqqqqqqqqqqqqqqqwqqqqqqqqwqqqqqqqqwqqqqqqqqwqqqqqqqqqqqqqqqqqqqqqqqqqqqqqqqqqqqqqqqqqqqqqqqqqqqqqqqqqqqqqqqqqqqqqqqqqqqk(B
(0x(B label                                         (0x(B status (0x(B   succ (0x(B avg_rt (0x(B error                                                                     (0x(B
(0tqqqqqqqqqqqqqqqqqqqqqqqqqqqqqqqqqqqqqqqqqqqqqqqnqqqqqqqqnqqqqqqqqnqqqqqqqqnqqqqqqqqqqqqqqqqqqqqqqqqqqqqqqqqqqqqqqqqqqqqqqqqqqqqqqqqqqqqqqqqqqqqqqqqqqqu(B
(0x(B https://www.smartfrog.com/de-de               (0x(B  FAIL  (0x(B 77.78% (0x(B  3.425 (0x(B Non HTTP response message: Socket closed                                  (0x(B
(0x(B                                               (0x(B        (0x(B        (0x(B        (0x(B Non HTTP response message: Remote host closed connection during handshake (0x(B
(0x(B https://www.smartfrog.com/de-de/shop/register (0x(B  FAIL  (0x(B  0.00% (0x(B 13.535 (0x(B Non HTTP response message: Socket closed                                  (0x(B
(0mqqqqqqqqqqqqqqqqqqqqqqqqqqqqqqqqqqqqqqqqqqqqqqqvqqqqqqqqvqqqqqqqqvqqqqqqqqvqqqqqqqqqqqqqqqqqqqqqqqqqqqqqqqqqqqqqqqqqqqqqqqqqqqqqqqqqqqqqqqqqqqqqqqqqqqj(B
[2020-10-05 14:25:45,090 DEBUG Engine.console] No logger_handler or orig_stream was detected
[2020-10-05 14:25:45,099 INFO Engine.final-stats] Test duration: 0:01:02
[2020-10-05 14:25:45,107 INFO Engine.final-stats] Samples count: 10, 30.00% failures
[2020-10-05 14:25:45,114 INFO Engine.final-stats] Average times: total 4.436, latency 0.904, connect 3.922
[2020-10-05 14:25:45,122 INFO Engine.final-stats] Percentiles:
(0lqqqqqqqqqqqqqqqwqqqqqqqqqqqqqqqk(B
(0x(B Percentile, % (0x(B Resp. Time, s (0x(B
(0tqqqqqqqqqqqqqqqnqqqqqqqqqqqqqqqu(B
(0x(B           0.0 (0x(B         0.733 (0x(B
(0x(B          50.0 (0x(B         1.729 (0x(B
(0x(B          90.0 (0x(B        13.528 (0x(B
(0x(B          95.0 (0x(B        17.408 (0x(B
(0x(B          99.0 (0x(B        17.408 (0x(B
(0x(B          99.9 (0x(B        17.408 (0x(B
(0x(B         100.0 (0x(B        17.408 (0x(B
(0mqqqqqqqqqqqqqqqvqqqqqqqqqqqqqqqj(B
[2020-10-05 14:25:45,130 INFO Engine.final-stats] Dumping final status as XML: p.output.xml
[2020-10-05 14:25:45,438 INFO Engine.final-stats] Dumping final status as CSV: p.output.csv
[2020-10-05 14:25:45,458 DEBUG Engine.blazemeter] KPI bulk buffer len in post-proc: 9
[2020-10-05 14:25:45,460 INFO Engine.blazemeter] Sending remaining KPI data to server...
[2020-10-05 14:25:46,229 DEBUG User] Request: POST https://data.blazemeter.com/submit.php?session_id=r-ext-5f7b2ca9abe00&signature=ci1leHQtNWY3YjJjYTlhYmUwMDoxNjAzMTE3NDgxOjM2NDQ5NGUxYjdkZWIzYjkzMTY4MTAwNzhhODUxNGNmZTU1ZWY1Mzk0YjE2ZGZiZDhmOTFkYTFkNjc4ZGQ5MDczNjczZDc0Njg0MGM2YmEzMzliMGQ4MDhlZWMwN2ExYzNiNjQzODI4MTUxYmZjMzc2MDVkZGRkMTE3ZTk1NjNi&test_id=8561169&user_id=386483&pq=0&target=labels_bulk&update=1 b'{\n "labels": [\n  {\n   "n": 10,\n   "name": "ALL",\n   "interval": 1,\n   "intervals": [\n    {\n     "ec": 0,\n     "ts": 1601907893,\n     "na": 8,\n     "n": 1,\n     "failed": 0,\n     "rc": [\n      {\n       "n": 1,\n       "f": [],\n       "rc": "200"\n      }\n    '
[2020-10-05 14:25:46,234 DEBUG HTTPClient] Making HTTP request POST https://data.blazemeter.com/submit.php?session_id=r-ext-5f7b2ca9abe00&signature=ci1leHQtNWY3YjJjYTlhYmUwMDoxNjAzMTE3NDgxOjM2NDQ5NGUxYjdkZWIzYjkzMTY4MTAwNzhhODUxNGNmZTU1ZWY1Mzk0YjE2ZGZiZDhmOTFkYTFkNjc4ZGQ5MDczNjczZDc0Njg0MGM2YmEzMzliMGQ4MDhlZWMwN2ExYzNiNjQzODI4MTUxYmZjMzc2MDVkZGRkMTE3ZTk1NjNi&test_id=8561169&user_id=386483&pq=0&target=labels_bulk&update=1
[2020-10-05 14:25:46,243 DEBUG urllib3.connectionpool] Starting new HTTPS connection (2): data.blazemeter.com:443
[2020-10-05 14:25:47,223 DEBUG urllib3.connectionpool] https://data.blazemeter.com:443 "POST /submit.php?session_id=r-ext-5f7b2ca9abe00&signature=ci1leHQtNWY3YjJjYTlhYmUwMDoxNjAzMTE3NDgxOjM2NDQ5NGUxYjdkZWIzYjkzMTY4MTAwNzhhODUxNGNmZTU1ZWY1Mzk0YjE2ZGZiZDhmOTFkYTFkNjc4ZGQ5MDczNjczZDc0Njg0MGM2YmEzMzliMGQ4MDhlZWMwN2ExYzNiNjQzODI4MTUxYmZjMzc2MDVkZGRkMTE3ZTk1NjNi&test_id=8561169&user_id=386483&pq=0&target=labels_bulk&update=1 HTTP/1.1" 200 139
[2020-10-05 14:25:47,229 DEBUG User] Response [200]: {"api_version":2,"error":null,"result":{"session":{"_id":"r-ext-5f7b2ca9abe00","name":"external","statusCode":15,"status":"INITIALIZING"}}}
[2020-10-05 14:25:47,238 DEBUG User] Request: POST https://data.blazemeter.com/api/v4/image/r-ext-5f7b2ca9abe00/files?signature=ci1leHQtNWY3YjJjYTlhYmUwMDoxNjAzMTE3NDgxOjM2NDQ5NGUxYjdkZWIzYjkzMTY4MTAwNzhhODUxNGNmZTU1ZWY1Mzk0YjE2ZGZiZDhmOTFkYTFkNjc4ZGQ5MDczNjczZDc0Njg0MGM2YmEzMzliMGQ4MDhlZWMwN2ExYzNiNjQzODI4MTUxYmZjMzc2MDVkZGRkMTE3ZTk1NjNi&masterId=31302560 b'--===============7767111708465054176==\r\nContent-Disposition: file; name="file"; filename="r-ext-5f7b2ca9abe00-0-c.monitoring.json"\r\nContent-Type: application/json\r\n\r\n{\n "reportInfo": {\n  "sessionId": "r-ext-5f7b2ca9abe00",\n  "timestamp": 1601907947.2315617'
[2020-10-05 14:25:47,239 DEBUG HTTPClient] Making HTTP request POST https://data.blazemeter.com/api/v4/image/r-ext-5f7b2ca9abe00/files?signature=ci1leHQtNWY3YjJjYTlhYmUwMDoxNjAzMTE3NDgxOjM2NDQ5NGUxYjdkZWIzYjkzMTY4MTAwNzhhODUxNGNmZTU1ZWY1Mzk0YjE2ZGZiZDhmOTFkYTFkNjc4ZGQ5MDczNjczZDc0Njg0MGM2YmEzMzliMGQ4MDhlZWMwN2ExYzNiNjQzODI4MTUxYmZjMzc2MDVkZGRkMTE3ZTk1NjNi&masterId=31302560
[2020-10-05 14:25:47,875 DEBUG urllib3.connectionpool] https://data.blazemeter.com:443 "POST /api/v4/image/r-ext-5f7b2ca9abe00/files?signature=ci1leHQtNWY3YjJjYTlhYmUwMDoxNjAzMTE3NDgxOjM2NDQ5NGUxYjdkZWIzYjkzMTY4MTAwNzhhODUxNGNmZTU1ZWY1Mzk0YjE2ZGZiZDhmOTFkYTFkNjc4ZGQ5MDczNjczZDc0Njg0MGM2YmEzMzliMGQ4MDhlZWMwN2ExYzNiNjQzODI4MTUxYmZjMzc2MDVkZGRkMTE3ZTk1NjNi&masterId=31302560 HTTP/1.1" 200 151
[2020-10-05 14:25:47,882 DEBUG User] Response [200]: {
    "api_version": 4,
    "error": null,
    "result": [
        "r-ext-5f7b2ca9abe00-0-c.monitoring.json"
    ],
    "request_id": "5f7b2ceb723ba"
}
[2020-10-05 14:25:47,883 DEBUG Engine.blazemeter] Set last check time to: 1601907880.7169948
[2020-10-05 14:25:47,885 INFO Engine.blazemeter] Ending data feeding...
[2020-10-05 14:25:47,887 DEBUG User] Request: POST https://a.blazemeter.com/api/v4/sessions/r-ext-5f7b2ca9abe00/terminate-external {
 "signature": "ci1leHQtNWY3YjJjYTlhYmUwMDoxNjAzMTE3NDgxOjM2NDQ5NGUxYjdkZWIzYjkzMTY4MTAwNzhhODUxNGNmZTU1ZWY1Mzk0YjE2ZGZiZDhmOTFkYTFkNjc4ZGQ5MDczNjczZDc0Njg0MGM2YmEzMzliMGQ4MDhlZWMwN2ExYzNiNjQzODI4MTUxYmZjMzc2MDVkZGRkMTE3ZTk1NjNi",
 "testId": 8561169,
 "se
[2020-10-05 14:25:47,893 DEBUG HTTPClient] Making HTTP request POST https://a.blazemeter.com/api/v4/sessions/r-ext-5f7b2ca9abe00/terminate-external
[2020-10-05 14:25:48,082 DEBUG urllib3.connectionpool] https://a.blazemeter.com:443 "POST /api/v4/sessions/r-ext-5f7b2ca9abe00/terminate-external HTTP/1.1" 200 None
[2020-10-05 14:25:48,090 DEBUG User] Response [200]: {
    "api_version": 4,
    "error": null,
    "result": {
        "success": "Terminating",
        "session": {
            "id": "r-ext-5f7b2ca9abe00",
            "name": "external",
            "userId": 386483,
            "publicToken": "ytGcIxEWcHC
[2020-10-05 14:25:48,091 INFO Engine.blazemeter] Online report link: https://a.blazemeter.com/app/?public-token=ytGcIxEWcHCl1SBacz8fZfttPD48mxSan0e51uk9qEWNspVGiE#reports/r-ext-5f7b2ca9abe00/summary
[2020-10-05 14:25:48,109 DEBUG Engine.Configuration] Dumping YAML config into /tmp/artifacts/effective.yml
[2020-10-05 14:25:48,163 DEBUG Engine.Configuration] Dumping JSON config into /tmp/artifacts/effective.json
[2020-10-05 14:25:48,168 DEBUG root] Child Process Error: Empty results, most likely simple (JMeterExecutor) failed. Actual reason for this can be found in logs under /tmp/artifacts
[2020-10-05 14:25:48,170 DEBUG root] JMeter STDOUT:
Created the tree successfully using /tmp/artifacts/modified_requests-6.jmx
Starting standalone test @ Mon Oct 05 14:24:47 UTC 2020 (1601907887472)
Waiting for possible Shutdown/StopTestNow/HeapDump/ThreadDump message on port 4445
Command: Shutdown received from /127.0.0.1
Tidying up ...    @ Mon Oct 05 14:25:43 UTC 2020 (1601907943045)
... end of run
[2020-10-05 14:25:48,171 DEBUG root] JMeter log:
2020-10-05 14:24:46,105 INFO o.a.j.u.JMeterUtils: Setting Locale to en_US
2020-10-05 14:24:46,184 INFO o.a.j.JMeter: Loading user properties from: /root/.bzt/jmeter-taurus/5.2.1/bin/user.properties
2020-10-05 14:24:46,186 INFO o.a.j.JMeter: Loading system properties from: /root/.bzt/jmeter-taurus/5.2.1/bin/system.properties
2020-10-05 14:24:46,188 INFO o.a.j.JMeter: Loading additional properties from: /tmp/artifacts/jmeter-bzt-6.properties
2020-10-05 14:24:46,199 INFO o.a.j.JMeter: Setting System properties from file: /tmp/artifacts/system-6.properties
2020-10-05 14:24:46,214 INFO o.a.j.JMeter: Copyright (c) 1998-2019 The Apache Software Foundation
2020-10-05 14:24:46,215 INFO o.a.j.JMeter: Version 5.2.1
2020-10-05 14:24:46,217 INFO o.a.j.JMeter: java.version=1.8.0_265
2020-10-05 14:24:46,218 INFO o.a.j.JMeter: java.vm.name=OpenJDK 64-Bit Server VM
2020-10-05 14:24:46,219 INFO o.a.j.JMeter: os.name=Linux
2020-10-05 14:24:46,220 INFO o.a.j.JMeter: os.arch=amd64
2020-10-05 14:24:46,221 INFO o.a.j.JMeter: os.version=4.19.76-linuxkit
2020-10-05 14:24:46,222 INFO o.a.j.JMeter: file.encoding=UTF-8
2020-10-05 14:24:46,224 INFO o.a.j.JMeter: java.awt.headless=true
2020-10-05 14:24:46,225 INFO o.a.j.JMeter: Max memory     =464519168
2020-10-05 14:24:46,227 INFO o.a.j.JMeter: Available Processors =2
2020-10-05 14:24:46,240 INFO o.a.j.JMeter: Default Locale=English (United States)
2020-10-05 14:24:46,242 INFO o.a.j.JMeter: JMeter  Locale=English (United States)
2020-10-05 14:24:46,243 INFO o.a.j.JMeter: JMeterHome=/root/.bzt/jmeter-taurus/5.2.1
2020-10-05 14:24:46,244 INFO o.a.j.JMeter: user.dir  =/bzt-configs
2020-10-05 14:24:46,248 INFO o.a.j.JMeter: PWD       =/bzt-configs
2020-10-05 14:24:46,250 INFO o.a.j.JMeter: IP: 172.17.0.2 Name: a7c0e2801c4f FullName: a7c0e2801c4f
2020-10-05 14:24:46,251 INFO o.a.j.JMeter: user.classpath=/tmp/artifacts:/tmp/artifacts
2020-10-05 14:24:46,253 INFO o.a.j.JMeter: Adding to classpath and loader: /tmp/artifacts
2020-10-05 14:24:46,285 INFO o.a.j.JMeter: Adding to classpath and loader: /tmp/artifacts
2020-10-05 14:24:46,321 INFO o.a.j.s.FileServer: Default base='/bzt-configs'
2020-10-05 14:24:46,355 INFO o.a.j.s.FileServer: Set new base='/tmp/artifacts'
2020-10-05 14:24:46,914 INFO o.a.j.s.SaveService: Testplan (JMX) version: 2.2. Testlog (JTL) version: 2.2
2020-10-05 14:24:46,948 INFO o.a.j.s.SaveService: Using SaveService properties file encoding UTF-8
2020-10-05 14:24:46,972 INFO o.a.j.s.SaveService: Using SaveService properties version 5.0
2020-10-05 14:24:47,002 INFO o.a.j.s.SaveService: Loading file: /tmp/artifacts/modified_requests-6.jmx
2020-10-05 14:24:47,162 INFO o.a.j.p.h.c.CacheManager: Will only cache the following methods: [GET]
2020-10-05 14:24:47,169 INFO o.a.j.p.h.c.CookieManager: Settings: Delete null: true Check: true Allow variable: true Save: false Prefix: COOKIE_
2020-10-05 14:24:47,222 INFO o.a.j.p.h.s.HTTPSamplerBase: Parser for text/html is org.apache.jmeter.protocol.http.parser.LagartoBasedHtmlParser
2020-10-05 14:24:47,224 INFO o.a.j.p.h.s.HTTPSamplerBase: Parser for application/xhtml+xml is org.apache.jmeter.protocol.http.parser.LagartoBasedHtmlParser
2020-10-05 14:24:47,225 INFO o.a.j.p.h.s.HTTPSamplerBase: Parser for application/xml is org.apache.jmeter.protocol.http.parser.LagartoBasedHtmlParser
2020-10-05 14:24:47,226 INFO o.a.j.p.h.s.HTTPSamplerBase: Parser for text/xml is org.apache.jmeter.protocol.http.parser.LagartoBasedHtmlParser
2020-10-05 14:24:47,227 INFO o.a.j.p.h.s.HTTPSamplerBase: Parser for text/vnd.wap.wml is org.apache.jmeter.protocol.http.parser.RegexpHTMLParser
2020-10-05 14:24:47,228 INFO o.a.j.p.h.s.HTTPSamplerBase: Parser for text/css is org.apache.jmeter.protocol.http.parser.CssParser
2020-10-05 14:24:47,478 INFO o.a.j.e.StandardJMeterEngine: Running the test!
2020-10-05 14:24:47,484 INFO o.a.j.s.SampleEvent: List of sample_variables: []
2020-10-05 14:24:47,485 INFO o.a.j.s.SampleEvent: List of sample_variables: []
2020-10-05 14:24:47,516 INFO o.a.j.e.u.CompoundVariable: Note: Function class names must contain the string: '.functions.'
2020-10-05 14:24:47,517 INFO o.a.j.e.u.CompoundVariable: Note: Function class names must not contain the string: '.gui.'
2020-10-05 14:24:49,147 INFO o.a.j.JMeter: Running test (1601907889147)
2020-10-05 14:24:49,273 INFO o.a.j.e.StandardJMeterEngine: Starting ThreadGroup: 1 : simple
2020-10-05 14:24:49,274 INFO o.a.j.e.StandardJMeterEngine: Starting 10 threads for group simple.
2020-10-05 14:24:49,275 INFO o.a.j.e.StandardJMeterEngine: Thread will continue on error
2020-10-05 14:24:49,304 INFO o.a.j.e.StandardJMeterEngine: All thread groups have been started
2020-10-05 14:24:49,304 INFO c.b.j.t.c.ConcurrencyThreadStarter: Start supplying threads
2020-10-05 14:24:52,373 INFO o.a.j.s.SampleResult: Note: Sample TimeStamps are START times
2020-10-05 14:24:52,375 INFO o.a.j.s.SampleResult: sampleresult.default.encoding is set to UTF-8
2020-10-05 14:24:52,379 INFO o.a.j.s.SampleResult: sampleresult.useNanoTime=true
2020-10-05 14:24:52,380 INFO o.a.j.s.SampleResult: sampleresult.nanoThreadSleep=5000
2020-10-05 14:24:52,377 INFO o.a.j.t.JMeterThread: Thread started: simple-ThreadStarter 1-1
2020-10-05 14:24:53,267 INFO o.a.j.p.h.s.HTTPHCAbstractImpl: Local host = a7c0e2801c4f
2020-10-05 14:24:53,306 INFO o.a.j.p.h.s.HTTPHC4Impl: HTTP request retry count = 0
2020-10-05 14:24:53,760 INFO o.a.j.p.h.s.h.LazyLayeredConnectionSocketFactory: Setting up HTTPS TrustAll Socket Factory
2020-10-05 14:24:53,788 INFO o.a.j.u.JsseSSLManager: Using default SSL protocol: TLS
2020-10-05 14:24:53,789 INFO o.a.j.u.JsseSSLManager: SSL session context: per-thread
2020-10-05 14:24:54,041 INFO o.a.j.u.SSLManager: JmeterKeyStore Location:  type JKS
2020-10-05 14:24:54,050 INFO o.a.j.u.SSLManager: KeyStore created OK
2020-10-05 14:24:54,051 WARN o.a.j.u.SSLManager: Keystore file not found, loading empty keystore
2020-10-05 14:24:55,081 INFO o.a.j.p.h.p.BaseParser: Created org.apache.jmeter.protocol.http.parser.LagartoBasedHtmlParser
2020-10-05 14:24:55,443 INFO o.a.j.p.h.s.ResourcesDownloader: Creating ResourcesDownloader with keepalive_inseconds : 60
2020-10-05 14:24:55,943 INFO o.a.j.p.h.p.BaseParser: Created org.apache.jmeter.protocol.http.parser.CssParser
2020-10-05 14:24:58,412 INFO o.a.j.t.JMeterThread: Thread started: simple-ThreadStarter 1-2
2020-10-05 14:25:04,395 INFO o.a.j.t.JMeterThread: Thread started: simple-ThreadStarter 1-3
2020-10-05 14:25:10,416 INFO o.a.j.t.JMeterThread: Thread started: simple-ThreadStarter 1-4
2020-10-05 14:25:16,428 INFO o.a.j.t.JMeterThread: Thread started: simple-ThreadStarter 1-5
2020-10-05 14:25:22,447 INFO o.a.j.t.JMeterThread: Thread started: simple-ThreadStarter 1-6
2020-10-05 14:25:28,472 INFO o.a.j.t.JMeterThread: Thread started: simple-ThreadStarter 1-7
2020-10-05 14:25:34,452 INFO o.a.j.t.JMeterThread: Thread started: simple-ThreadStarter 1-8
2020-10-05 14:25:40,578 INFO o.a.j.t.JMeterThread: Thread started: simple-ThreadStarter 1-9
2020-10-05 14:25:42,890 INFO o.a.j.JMeter: Command: Shutdown received from /127.0.0.1
2020-10-05 14:25:42,901 INFO c.b.j.t.c.ConcurrencyThreadStarter: Done supplying threads
2020-10-05 14:25:42,894 WARN o.a.j.t.JMeterThread: Interrupting: simple-ThreadStarter 1-3 sampler: https://www.smartfrog.com/de-de
2020-10-05 14:25:42,905 WARN o.a.j.t.JMeterThread: No operation pending
2020-10-05 14:25:42,915 WARN o.a.j.t.JMeterThread: Interrupting: simple-ThreadStarter 1-9 sampler: https://www.smartfrog.com/de-de
2020-10-05 14:25:42,924 WARN o.a.j.t.JMeterThread: Interrupting: simple-ThreadStarter 1-4 sampler: https://www.smartfrog.com/de-de/shop/register
2020-10-05 14:25:42,908 WARN o.a.j.p.h.s.HTTPSamplerBase: Interrupted fetching embedded resources
java.lang.InterruptedException: null
	at java.util.concurrent.locks.AbstractQueuedSynchronizer$ConditionObject.reportInterruptAfterWait(AbstractQueuedSynchronizer.java:2014) ~[?:1.8.0_265]
	at java.util.concurrent.locks.AbstractQueuedSynchronizer$ConditionObject.await(AbstractQueuedSynchronizer.java:2048) ~[?:1.8.0_265]
	at java.util.concurrent.LinkedBlockingQueue.take(LinkedBlockingQueue.java:442) ~[?:1.8.0_265]
	at java.util.concurrent.ExecutorCompletionService.take(ExecutorCompletionService.java:193) ~[?:1.8.0_265]
	at org.apache.jmeter.protocol.http.sampler.ResourcesDownloader.invokeAllAndAwaitTermination(ResourcesDownloader.java:179) ~[ApacheJMeter_http.jar:5.2.1]
	at org.apache.jmeter.protocol.http.sampler.HTTPSamplerBase.downloadPageResources(HTTPSamplerBase.java:1436) [ApacheJMeter_http.jar:5.2.1]
	at org.apache.jmeter.protocol.http.sampler.HTTPSamplerBase.resultProcessing(HTTPSamplerBase.java:1749) [ApacheJMeter_http.jar:5.2.1]
	at org.apache.jmeter.protocol.http.sampler.HTTPAbstractImpl.resultProcessing(HTTPAbstractImpl.java:556) [ApacheJMeter_http.jar:5.2.1]
	at org.apache.jmeter.protocol.http.sampler.HTTPHC4Impl.sample(HTTPHC4Impl.java:648) [ApacheJMeter_http.jar:5.2.1]
	at org.apache.jmeter.protocol.http.sampler.HTTPSamplerProxy.sample(HTTPSamplerProxy.java:67) [ApacheJMeter_http.jar:5.2.1]
	at org.apache.jmeter.protocol.http.sampler.HTTPSamplerBase.sample(HTTPSamplerBase.java:1282) [ApacheJMeter_http.jar:5.2.1]
	at org.apache.jmeter.protocol.http.sampler.HTTPSamplerBase.sample(HTTPSamplerBase.java:1271) [ApacheJMeter_http.jar:5.2.1]
	at org.apache.jmeter.threads.JMeterThread.doSampling(JMeterThread.java:627) [ApacheJMeter_core.jar:5.2.1]
	at org.apache.jmeter.threads.JMeterThread.executeSamplePackage(JMeterThread.java:551) [ApacheJMeter_core.jar:5.2.1]
	at org.apache.jmeter.threads.JMeterThread.processSampler(JMeterThread.java:490) [ApacheJMeter_core.jar:5.2.1]
	at org.apache.jmeter.threads.JMeterThread.run(JMeterThread.java:257) [ApacheJMeter_core.jar:5.2.1]
	at java.lang.Thread.run(Thread.java:748) [?:1.8.0_265]
2020-10-05 14:25:42,936 WARN o.a.j.t.JMeterThread: Interrupting: simple-ThreadStarter 1-5 sampler: https://www.smartfrog.com/de-de
2020-10-05 14:25:42,941 WARN o.a.j.t.JMeterThread: No operation pending
2020-10-05 14:25:42,945 WARN o.a.j.t.JMeterThread: Interrupting: simple-ThreadStarter 1-8 sampler: https://www.smartfrog.com/de-de
2020-10-05 14:25:42,942 INFO o.a.j.t.JMeterThread: Thread is done: simple-ThreadStarter 1-9
2020-10-05 14:25:42,947 INFO o.a.j.t.JMeterThread: Thread finished: simple-ThreadStarter 1-9
2020-10-05 14:25:42,946 WARN o.a.j.t.JMeterThread: No operation pending
2020-10-05 14:25:42,951 WARN o.a.j.t.JMeterThread: Interrupting: simple-ThreadStarter 1-2 sampler: https://www.smartfrog.com/de-de
2020-10-05 14:25:42,952 WARN o.a.j.t.JMeterThread: No operation pending
2020-10-05 14:25:42,953 WARN o.a.j.t.JMeterThread: Interrupting: simple-ThreadStarter 1-7 sampler: https://www.smartfrog.com/de-de
2020-10-05 14:25:42,954 WARN o.a.j.t.JMeterThread: No operation pending
2020-10-05 14:25:42,958 WARN o.a.j.t.JMeterThread: Interrupting: simple-ThreadStarter 1-1 sampler: https://www.smartfrog.com/de-de
2020-10-05 14:25:42,959 WARN o.a.j.t.JMeterThread: No operation pending
2020-10-05 14:25:42,960 WARN o.a.j.t.JMeterThread: Interrupting: simple-ThreadStarter 1-6 sampler: https://www.smartfrog.com/de-de
2020-10-05 14:25:42,960 WARN o.a.j.t.JMeterThread: No operation pending
2020-10-05 14:25:42,960 WARN o.a.j.p.h.s.HTTPSamplerBase: Interrupted fetching embedded resources
java.lang.InterruptedException: null
	at java.util.concurrent.locks.AbstractQueuedSynchronizer$ConditionObject.reportInterruptAfterWait(AbstractQueuedSynchronizer.java:2014) ~[?:1.8.0_265]
	at java.util.concurrent.locks.AbstractQueuedSynchronizer$ConditionObject.await(AbstractQueuedSynchronizer.java:2048) ~[?:1.8.0_265]
	at java.util.concurrent.LinkedBlockingQueue.take(LinkedBlockingQueue.java:442) ~[?:1.8.0_265]
	at java.util.concurrent.ExecutorCompletionService.take(ExecutorCompletionService.java:193) ~[?:1.8.0_265]
	at org.apache.jmeter.protocol.http.sampler.ResourcesDownloader.invokeAllAndAwaitTermination(ResourcesDownloader.java:179) ~[ApacheJMeter_http.jar:5.2.1]
	at org.apache.jmeter.protocol.http.sampler.HTTPSamplerBase.downloadPageResources(HTTPSamplerBase.java:1436) [ApacheJMeter_http.jar:5.2.1]
	at org.apache.jmeter.protocol.http.sampler.HTTPSamplerBase.resultProcessing(HTTPSamplerBase.java:1749) [ApacheJMeter_http.jar:5.2.1]
	at org.apache.jmeter.protocol.http.sampler.HTTPAbstractImpl.resultProcessing(HTTPAbstractImpl.java:556) [ApacheJMeter_http.jar:5.2.1]
	at org.apache.jmeter.protocol.http.sampler.HTTPHC4Impl.sample(HTTPHC4Impl.java:648) [ApacheJMeter_http.jar:5.2.1]
	at org.apache.jmeter.protocol.http.sampler.HTTPSamplerProxy.sample(HTTPSamplerProxy.java:67) [ApacheJMeter_http.jar:5.2.1]
	at org.apache.jmeter.protocol.http.sampler.HTTPSamplerBase.sample(HTTPSamplerBase.java:1282) [ApacheJMeter_http.jar:5.2.1]
	at org.apache.jmeter.protocol.http.sampler.HTTPSamplerBase.sample(HTTPSamplerBase.java:1271) [ApacheJMeter_http.jar:5.2.1]
	at org.apache.jmeter.threads.JMeterThread.doSampling(JMeterThread.java:627) [ApacheJMeter_core.jar:5.2.1]
	at org.apache.jmeter.threads.JMeterThread.executeSamplePackage(JMeterThread.java:551) [ApacheJMeter_core.jar:5.2.1]
	at org.apache.jmeter.threads.JMeterThread.processSampler(JMeterThread.java:490) [ApacheJMeter_core.jar:5.2.1]
	at org.apache.jmeter.threads.JMeterThread.run(JMeterThread.java:257) [ApacheJMeter_core.jar:5.2.1]
	at java.lang.Thread.run(Thread.java:748) [?:1.8.0_265]
2020-10-05 14:25:42,953 INFO o.a.j.t.JMeterThread: Thread is done: simple-ThreadStarter 1-3
2020-10-05 14:25:42,967 INFO o.a.j.t.JMeterThread: Thread finished: simple-ThreadStarter 1-3
2020-10-05 14:25:42,964 INFO o.a.j.t.JMeterThread: Thread is done: simple-ThreadStarter 1-4
2020-10-05 14:25:42,960 WARN o.a.j.p.h.s.HTTPSamplerBase: Interrupted fetching embedded resources
java.lang.InterruptedException: null
	at java.util.concurrent.locks.AbstractQueuedSynchronizer$ConditionObject.reportInterruptAfterWait(AbstractQueuedSynchronizer.java:2014) ~[?:1.8.0_265]
	at java.util.concurrent.locks.AbstractQueuedSynchronizer$ConditionObject.await(AbstractQueuedSynchronizer.java:2048) ~[?:1.8.0_265]
	at java.util.concurrent.LinkedBlockingQueue.take(LinkedBlockingQueue.java:442) ~[?:1.8.0_265]
	at java.util.concurrent.ExecutorCompletionService.take(ExecutorCompletionService.java:193) ~[?:1.8.0_265]
	at org.apache.jmeter.protocol.http.sampler.ResourcesDownloader.invokeAllAndAwaitTermination(ResourcesDownloader.java:187) ~[ApacheJMeter_http.jar:5.2.1]
	at org.apache.jmeter.protocol.http.sampler.HTTPSamplerBase.downloadPageResources(HTTPSamplerBase.java:1436) [ApacheJMeter_http.jar:5.2.1]
	at org.apache.jmeter.protocol.http.sampler.HTTPSamplerBase.resultProcessing(HTTPSamplerBase.java:1749) [ApacheJMeter_http.jar:5.2.1]
	at org.apache.jmeter.protocol.http.sampler.HTTPAbstractImpl.resultProcessing(HTTPAbstractImpl.java:556) [ApacheJMeter_http.jar:5.2.1]
	at org.apache.jmeter.protocol.http.sampler.HTTPHC4Impl.sample(HTTPHC4Impl.java:648) [ApacheJMeter_http.jar:5.2.1]
	at org.apache.jmeter.protocol.http.sampler.HTTPSamplerProxy.sample(HTTPSamplerProxy.java:67) [ApacheJMeter_http.jar:5.2.1]
	at org.apache.jmeter.protocol.http.sampler.HTTPSamplerBase$ASyncSample.call(HTTPSamplerBase.java:2126) [ApacheJMeter_http.jar:5.2.1]
	at org.apache.jmeter.protocol.http.sampler.HTTPSamplerBase$ASyncSample.call(HTTPSamplerBase.java:2094) [ApacheJMeter_http.jar:5.2.1]
	at java.util.concurrent.FutureTask.run(FutureTask.java:266) [?:1.8.0_265]
	at java.util.concurrent.Executors$RunnableAdapter.call(Executors.java:511) [?:1.8.0_265]
	at java.util.concurrent.FutureTask.run(FutureTask.java:266) [?:1.8.0_265]
	at java.util.concurrent.ThreadPoolExecutor.runWorker(ThreadPoolExecutor.java:1149) [?:1.8.0_265]
	at java.util.concurrent.ThreadPoolExecutor$Worker.run(ThreadPoolExecutor.java:624) [?:1.8.0_265]
	at java.lang.Thread.run(Thread.java:748) [?:1.8.0_265]
2020-10-05 14:25:42,961 WARN o.a.j.p.h.s.HTTPSamplerBase: Interrupted fetching embedded resources
java.lang.InterruptedException: null
	at java.util.concurrent.locks.AbstractQueuedSynchronizer$ConditionObject.reportInterruptAfterWait(AbstractQueuedSynchronizer.java:2014) ~[?:1.8.0_265]
	at java.util.concurrent.locks.AbstractQueuedSynchronizer$ConditionObject.await(AbstractQueuedSynchronizer.java:2048) ~[?:1.8.0_265]
	at java.util.concurrent.LinkedBlockingQueue.take(LinkedBlockingQueue.java:442) ~[?:1.8.0_265]
	at java.util.concurrent.ExecutorCompletionService.take(ExecutorCompletionService.java:193) ~[?:1.8.0_265]
	at org.apache.jmeter.protocol.http.sampler.ResourcesDownloader.invokeAllAndAwaitTermination(ResourcesDownloader.java:179) ~[ApacheJMeter_http.jar:5.2.1]
	at org.apache.jmeter.protocol.http.sampler.HTTPSamplerBase.downloadPageResources(HTTPSamplerBase.java:1436) [ApacheJMeter_http.jar:5.2.1]
	at org.apache.jmeter.protocol.http.sampler.HTTPSamplerBase.resultProcessing(HTTPSamplerBase.java:1749) [ApacheJMeter_http.jar:5.2.1]
	at org.apache.jmeter.protocol.http.sampler.HTTPAbstractImpl.resultProcessing(HTTPAbstractImpl.java:556) [ApacheJMeter_http.jar:5.2.1]
	at org.apache.jmeter.protocol.http.sampler.HTTPHC4Impl.sample(HTTPHC4Impl.java:648) [ApacheJMeter_http.jar:5.2.1]
	at org.apache.jmeter.protocol.http.sampler.HTTPSamplerProxy.sample(HTTPSamplerProxy.java:67) [ApacheJMeter_http.jar:5.2.1]
	at org.apache.jmeter.protocol.http.sampler.HTTPSamplerBase.sample(HTTPSamplerBase.java:1282) [ApacheJMeter_http.jar:5.2.1]
	at org.apache.jmeter.protocol.http.sampler.HTTPSamplerBase.sample(HTTPSamplerBase.java:1271) [ApacheJMeter_http.jar:5.2.1]
	at org.apache.jmeter.threads.JMeterThread.doSampling(JMeterThread.java:627) [ApacheJMeter_core.jar:5.2.1]
	at org.apache.jmeter.threads.JMeterThread.executeSamplePackage(JMeterThread.java:551) [ApacheJMeter_core.jar:5.2.1]
	at org.apache.jmeter.threads.JMeterThread.processSampler(JMeterThread.java:490) [ApacheJMeter_core.jar:5.2.1]
	at org.apache.jmeter.threads.JMeterThread.run(JMeterThread.java:257) [ApacheJMeter_core.jar:5.2.1]
	at java.lang.Thread.run(Thread.java:748) [?:1.8.0_265]
2020-10-05 14:25:42,958 WARN o.a.j.p.h.s.HTTPSamplerBase: Interrupted fetching embedded resources
java.lang.InterruptedException: null
	at java.util.concurrent.locks.AbstractQueuedSynchronizer$ConditionObject.reportInterruptAfterWait(AbstractQueuedSynchronizer.java:2014) ~[?:1.8.0_265]
	at java.util.concurrent.locks.AbstractQueuedSynchronizer$ConditionObject.await(AbstractQueuedSynchronizer.java:2048) ~[?:1.8.0_265]
	at java.util.concurrent.LinkedBlockingQueue.take(LinkedBlockingQueue.java:442) ~[?:1.8.0_265]
	at java.util.concurrent.ExecutorCompletionService.take(ExecutorCompletionService.java:193) ~[?:1.8.0_265]
	at org.apache.jmeter.protocol.http.sampler.ResourcesDownloader.invokeAllAndAwaitTermination(ResourcesDownloader.java:179) ~[ApacheJMeter_http.jar:5.2.1]
	at org.apache.jmeter.protocol.http.sampler.HTTPSamplerBase.downloadPageResources(HTTPSamplerBase.java:1436) [ApacheJMeter_http.jar:5.2.1]
	at org.apache.jmeter.protocol.http.sampler.HTTPSamplerBase.resultProcessing(HTTPSamplerBase.java:1749) [ApacheJMeter_http.jar:5.2.1]
	at org.apache.jmeter.protocol.http.sampler.HTTPAbstractImpl.resultProcessing(HTTPAbstractImpl.java:556) [ApacheJMeter_http.jar:5.2.1]
	at org.apache.jmeter.protocol.http.sampler.HTTPHC4Impl.sample(HTTPHC4Impl.java:648) [ApacheJMeter_http.jar:5.2.1]
	at org.apache.jmeter.protocol.http.sampler.HTTPSamplerProxy.sample(HTTPSamplerProxy.java:67) [ApacheJMeter_http.jar:5.2.1]
	at org.apache.jmeter.protocol.http.sampler.HTTPSamplerBase.sample(HTTPSamplerBase.java:1282) [ApacheJMeter_http.jar:5.2.1]
	at org.apache.jmeter.protocol.http.sampler.HTTPSamplerBase.sample(HTTPSamplerBase.java:1271) [ApacheJMeter_http.jar:5.2.1]
	at org.apache.jmeter.threads.JMeterThread.doSampling(JMeterThread.java:627) [ApacheJMeter_core.jar:5.2.1]
	at org.apache.jmeter.threads.JMeterThread.executeSamplePackage(JMeterThread.java:551) [ApacheJMeter_core.jar:5.2.1]
	at org.apache.jmeter.threads.JMeterThread.processSampler(JMeterThread.java:490) [ApacheJMeter_core.jar:5.2.1]
	at org.apache.jmeter.threads.JMeterThread.run(JMeterThread.java:257) [ApacheJMeter_core.jar:5.2.1]
	at java.lang.Thread.run(Thread.java:748) [?:1.8.0_265]
2020-10-05 14:25:42,951 WARN o.a.j.p.h.s.HTTPSamplerBase: Interrupted fetching embedded resources
java.lang.InterruptedException: null
	at java.util.concurrent.locks.AbstractQueuedSynchronizer$ConditionObject.reportInterruptAfterWait(AbstractQueuedSynchronizer.java:2014) ~[?:1.8.0_265]
	at java.util.concurrent.locks.AbstractQueuedSynchronizer$ConditionObject.await(AbstractQueuedSynchronizer.java:2048) ~[?:1.8.0_265]
	at java.util.concurrent.LinkedBlockingQueue.take(LinkedBlockingQueue.java:442) ~[?:1.8.0_265]
	at java.util.concurrent.ExecutorCompletionService.take(ExecutorCompletionService.java:193) ~[?:1.8.0_265]
	at org.apache.jmeter.protocol.http.sampler.ResourcesDownloader.invokeAllAndAwaitTermination(ResourcesDownloader.java:179) ~[ApacheJMeter_http.jar:5.2.1]
	at org.apache.jmeter.protocol.http.sampler.HTTPSamplerBase.downloadPageResources(HTTPSamplerBase.java:1436) [ApacheJMeter_http.jar:5.2.1]
	at org.apache.jmeter.protocol.http.sampler.HTTPSamplerBase.resultProcessing(HTTPSamplerBase.java:1749) [ApacheJMeter_http.jar:5.2.1]
	at org.apache.jmeter.protocol.http.sampler.HTTPAbstractImpl.resultProcessing(HTTPAbstractImpl.java:556) [ApacheJMeter_http.jar:5.2.1]
	at org.apache.jmeter.protocol.http.sampler.HTTPHC4Impl.sample(HTTPHC4Impl.java:648) [ApacheJMeter_http.jar:5.2.1]
	at org.apache.jmeter.protocol.http.sampler.HTTPSamplerProxy.sample(HTTPSamplerProxy.java:67) [ApacheJMeter_http.jar:5.2.1]
	at org.apache.jmeter.protocol.http.sampler.HTTPSamplerBase.sample(HTTPSamplerBase.java:1282) [ApacheJMeter_http.jar:5.2.1]
	at org.apache.jmeter.protocol.http.sampler.HTTPSamplerBase.sample(HTTPSamplerBase.java:1271) [ApacheJMeter_http.jar:5.2.1]
	at org.apache.jmeter.threads.JMeterThread.doSampling(JMeterThread.java:627) [ApacheJMeter_core.jar:5.2.1]
	at org.apache.jmeter.threads.JMeterThread.executeSamplePackage(JMeterThread.java:551) [ApacheJMeter_core.jar:5.2.1]
	at org.apache.jmeter.threads.JMeterThread.processSampler(JMeterThread.java:490) [ApacheJMeter_core.jar:5.2.1]
	at org.apache.jmeter.threads.JMeterThread.run(JMeterThread.java:257) [ApacheJMeter_core.jar:5.2.1]
	at java.lang.Thread.run(Thread.java:748) [?:1.8.0_265]
2020-10-05 14:25:42,945 WARN o.a.j.p.h.s.HTTPSamplerBase: Interrupted fetching embedded resources
java.lang.InterruptedException: null
	at java.util.concurrent.locks.AbstractQueuedSynchronizer$ConditionObject.reportInterruptAfterWait(AbstractQueuedSynchronizer.java:2014) ~[?:1.8.0_265]
	at java.util.concurrent.locks.AbstractQueuedSynchronizer$ConditionObject.await(AbstractQueuedSynchronizer.java:2048) ~[?:1.8.0_265]
	at java.util.concurrent.LinkedBlockingQueue.take(LinkedBlockingQueue.java:442) ~[?:1.8.0_265]
	at java.util.concurrent.ExecutorCompletionService.take(ExecutorCompletionService.java:193) ~[?:1.8.0_265]
	at org.apache.jmeter.protocol.http.sampler.ResourcesDownloader.invokeAllAndAwaitTermination(ResourcesDownloader.java:187) ~[ApacheJMeter_http.jar:5.2.1]
	at org.apache.jmeter.protocol.http.sampler.HTTPSamplerBase.downloadPageResources(HTTPSamplerBase.java:1436) [ApacheJMeter_http.jar:5.2.1]
	at org.apache.jmeter.protocol.http.sampler.HTTPSamplerBase.resultProcessing(HTTPSamplerBase.java:1749) [ApacheJMeter_http.jar:5.2.1]
	at org.apache.jmeter.protocol.http.sampler.HTTPAbstractImpl.resultProcessing(HTTPAbstractImpl.java:556) [ApacheJMeter_http.jar:5.2.1]
	at org.apache.jmeter.protocol.http.sampler.HTTPHC4Impl.sample(HTTPHC4Impl.java:648) [ApacheJMeter_http.jar:5.2.1]
	at org.apache.jmeter.protocol.http.sampler.HTTPSamplerProxy.sample(HTTPSamplerProxy.java:67) [ApacheJMeter_http.jar:5.2.1]
	at org.apache.jmeter.protocol.http.sampler.HTTPSamplerBase$ASyncSample.call(HTTPSamplerBase.java:2126) [ApacheJMeter_http.jar:5.2.1]
	at org.apache.jmeter.protocol.http.sampler.HTTPSamplerBase$ASyncSample.call(HTTPSamplerBase.java:2094) [ApacheJMeter_http.jar:5.2.1]
	at java.util.concurrent.FutureTask.run(FutureTask.java:266) [?:1.8.0_265]
	at java.util.concurrent.Executors$RunnableAdapter.call(Executors.java:511) [?:1.8.0_265]
	at java.util.concurrent.FutureTask.run(FutureTask.java:266) [?:1.8.0_265]
	at java.util.concurrent.ThreadPoolExecutor.runWorker(ThreadPoolExecutor.java:1149) [?:1.8.0_265]
	at java.util.concurrent.ThreadPoolExecutor$Worker.run(ThreadPoolExecutor.java:624) [?:1.8.0_265]
	at java.lang.Thread.run(Thread.java:748) [?:1.8.0_265]
2020-10-05 14:25:42,953 WARN o.a.j.p.h.s.HTTPSamplerBase: Interrupted fetching embedded resources
java.lang.InterruptedException: null
	at java.util.concurrent.locks.AbstractQueuedSynchronizer$ConditionObject.reportInterruptAfterWait(AbstractQueuedSynchronizer.java:2014) ~[?:1.8.0_265]
	at java.util.concurrent.locks.AbstractQueuedSynchronizer$ConditionObject.await(AbstractQueuedSynchronizer.java:2048) ~[?:1.8.0_265]
	at java.util.concurrent.LinkedBlockingQueue.take(LinkedBlockingQueue.java:442) ~[?:1.8.0_265]
	at java.util.concurrent.ExecutorCompletionService.take(ExecutorCompletionService.java:193) ~[?:1.8.0_265]
	at org.apache.jmeter.protocol.http.sampler.ResourcesDownloader.invokeAllAndAwaitTermination(ResourcesDownloader.java:179) ~[ApacheJMeter_http.jar:5.2.1]
	at org.apache.jmeter.protocol.http.sampler.HTTPSamplerBase.downloadPageResources(HTTPSamplerBase.java:1436) [ApacheJMeter_http.jar:5.2.1]
	at org.apache.jmeter.protocol.http.sampler.HTTPSamplerBase.resultProcessing(HTTPSamplerBase.java:1749) [ApacheJMeter_http.jar:5.2.1]
	at org.apache.jmeter.protocol.http.sampler.HTTPAbstractImpl.resultProcessing(HTTPAbstractImpl.java:556) [ApacheJMeter_http.jar:5.2.1]
	at org.apache.jmeter.protocol.http.sampler.HTTPHC4Impl.sample(HTTPHC4Impl.java:648) [ApacheJMeter_http.jar:5.2.1]
	at org.apache.jmeter.protocol.http.sampler.HTTPSamplerProxy.sample(HTTPSamplerProxy.java:67) [ApacheJMeter_http.jar:5.2.1]
	at org.apache.jmeter.protocol.http.sampler.HTTPSamplerBase.sample(HTTPSamplerBase.java:1282) [ApacheJMeter_http.jar:5.2.1]
	at org.apache.jmeter.protocol.http.sampler.HTTPSamplerBase.sample(HTTPSamplerBase.java:1271) [ApacheJMeter_http.jar:5.2.1]
	at org.apache.jmeter.threads.JMeterThread.doSampling(JMeterThread.java:627) [ApacheJMeter_core.jar:5.2.1]
	at org.apache.jmeter.threads.JMeterThread.executeSamplePackage(JMeterThread.java:551) [ApacheJMeter_core.jar:5.2.1]
	at org.apache.jmeter.threads.JMeterThread.processSampler(JMeterThread.java:490) [ApacheJMeter_core.jar:5.2.1]
	at org.apache.jmeter.threads.JMeterThread.run(JMeterThread.java:257) [ApacheJMeter_core.jar:5.2.1]
	at java.lang.Thread.run(Thread.java:748) [?:1.8.0_265]
2020-10-05 14:25:42,945 WARN o.a.j.p.h.s.HTTPSamplerBase: Interrupted fetching embedded resources
java.lang.InterruptedException: null
	at java.util.concurrent.locks.AbstractQueuedSynchronizer$ConditionObject.reportInterruptAfterWait(AbstractQueuedSynchronizer.java:2014) ~[?:1.8.0_265]
	at java.util.concurrent.locks.AbstractQueuedSynchronizer$ConditionObject.await(AbstractQueuedSynchronizer.java:2048) ~[?:1.8.0_265]
	at java.util.concurrent.LinkedBlockingQueue.take(LinkedBlockingQueue.java:442) ~[?:1.8.0_265]
	at java.util.concurrent.ExecutorCompletionService.take(ExecutorCompletionService.java:193) ~[?:1.8.0_265]
	at org.apache.jmeter.protocol.http.sampler.ResourcesDownloader.invokeAllAndAwaitTermination(ResourcesDownloader.java:179) ~[ApacheJMeter_http.jar:5.2.1]
	at org.apache.jmeter.protocol.http.sampler.HTTPSamplerBase.downloadPageResources(HTTPSamplerBase.java:1436) [ApacheJMeter_http.jar:5.2.1]
	at org.apache.jmeter.protocol.http.sampler.HTTPSamplerBase.resultProcessing(HTTPSamplerBase.java:1749) [ApacheJMeter_http.jar:5.2.1]
	at org.apache.jmeter.protocol.http.sampler.HTTPAbstractImpl.resultProcessing(HTTPAbstractImpl.java:556) [ApacheJMeter_http.jar:5.2.1]
	at org.apache.jmeter.protocol.http.sampler.HTTPHC4Impl.sample(HTTPHC4Impl.java:648) [ApacheJMeter_http.jar:5.2.1]
	at org.apache.jmeter.protocol.http.sampler.HTTPSamplerProxy.sample(HTTPSamplerProxy.java:67) [ApacheJMeter_http.jar:5.2.1]
	at org.apache.jmeter.protocol.http.sampler.HTTPSamplerBase.sample(HTTPSamplerBase.java:1282) [ApacheJMeter_http.jar:5.2.1]
	at org.apache.jmeter.protocol.http.sampler.HTTPSamplerBase.sample(HTTPSamplerBase.java:1271) [ApacheJMeter_http.jar:5.2.1]
	at org.apache.jmeter.threads.JMeterThread.doSampling(JMeterThread.java:627) [ApacheJMeter_core.jar:5.2.1]
	at org.apache.jmeter.threads.JMeterThread.executeSamplePackage(JMeterThread.java:551) [ApacheJMeter_core.jar:5.2.1]
	at org.apache.jmeter.threads.JMeterThread.processSampler(JMeterThread.java:490) [ApacheJMeter_core.jar:5.2.1]
	at org.apache.jmeter.threads.JMeterThread.run(JMeterThread.java:257) [ApacheJMeter_core.jar:5.2.1]
	at java.lang.Thread.run(Thread.java:748) [?:1.8.0_265]
2020-10-05 14:25:42,975 INFO o.a.j.t.JMeterThread: Thread is done: simple-ThreadStarter 1-7
2020-10-05 14:25:42,987 INFO o.a.j.t.JMeterThread: Thread finished: simple-ThreadStarter 1-7
2020-10-05 14:25:42,971 INFO o.a.j.t.JMeterThread: Thread finished: simple-ThreadStarter 1-4
2020-10-05 14:25:42,967 INFO o.a.j.t.JMeterThread: Thread is done: simple-ThreadStarter 1-1
2020-10-05 14:25:42,992 INFO o.a.j.t.JMeterThread: Thread is done: simple-ThreadStarter 1-5
2020-10-05 14:25:43,000 INFO o.a.j.t.JMeterThread: Thread finished: simple-ThreadStarter 1-5
2020-10-05 14:25:42,991 INFO o.a.j.t.JMeterThread: Thread is done: simple-ThreadStarter 1-8
2020-10-05 14:25:42,990 INFO o.a.j.t.JMeterThread: Thread is done: simple-ThreadStarter 1-2
2020-10-05 14:25:43,004 INFO o.a.j.t.JMeterThread: Thread finished: simple-ThreadStarter 1-2
2020-10-05 14:25:43,004 INFO o.a.j.t.JMeterThread: Thread finished: simple-ThreadStarter 1-8
2020-10-05 14:25:42,997 INFO o.a.j.t.JMeterThread: Thread finished: simple-ThreadStarter 1-1
2020-10-05 14:25:43,006 INFO o.a.j.t.JMeterThread: Thread is done: simple-ThreadStarter 1-6
2020-10-05 14:25:43,007 INFO o.a.j.t.JMeterThread: Thread finished: simple-ThreadStarter 1-6
2020-10-05 14:25:43,028 INFO o.a.j.e.StandardJMeterEngine: Notifying test listeners of end of test
2020-10-05 14:25:43,067 INFO o.a.j.e.StandardJMeterEngine: Forced JVM shutdown requested at end of test
[2020-10-05 14:25:48,173 DEBUG root] ToolError: Empty results, most likely simple (JMeterExecutor) failed. Actual reason for this can be found in logs under /tmp/artifacts
  File "/usr/local/lib/python3.6/dist-packages/bzt/cli.py", line 267, in perform
    self.engine.post_process()
  File "/usr/local/lib/python3.6/dist-packages/bzt/engine/engine.py", line 354, in post_process
    reraise(exc_info, exc_value)
  File "/usr/local/lib/python3.6/dist-packages/bzt/utils.py", line 102, in reraise
    raise exc
  File "/usr/local/lib/python3.6/dist-packages/bzt/engine/engine.py", line 340, in post_process
    module.post_process()
  File "/usr/local/lib/python3.6/dist-packages/bzt/modules/provisioning.py", line 176, in post_process
    reraise(exc_info, exc_value)
  File "/usr/local/lib/python3.6/dist-packages/bzt/utils.py", line 102, in reraise
    raise exc
  File "/usr/local/lib/python3.6/dist-packages/bzt/modules/provisioning.py", line 167, in post_process
    raise ToolError(message, diagnostics)
[2020-10-05 14:25:48,175 INFO root] Artifacts dir: /tmp/artifacts
[2020-10-05 14:25:48,177 WARNING root] Done performing with code: 1
[2020-10-05 14:25:48,178 DEBUG root] Closing log handler: /tmp/artifacts/bzt.log
[2020-10-05 14:29:24,550 INFO root] Taurus CLI Tool v1.15.0
[2020-10-05 14:29:24,553 DEBUG root] Command-line options: {'log': '/tmp/artifacts/bzt.log', 'option': None, 'quiet': None, 'verbose': None, 'no_system_configs': None, 'aliases': ['report']}
[2020-10-05 14:29:24,558 DEBUG root] Python: CPython 3.6.9
[2020-10-05 14:29:24,559 DEBUG root] OS: uname_result(system='Linux', node='7fc2c99d782b', release='4.19.76-linuxkit', version='#1 SMP Tue May 26 11:42:35 UTC 2020', machine='x86_64', processor='x86_64')
[2020-10-05 14:29:24,562 INFO root] Starting with configs: ['test.yml']
[2020-10-05 14:29:24,564 DEBUG root] Using personal config: /root/.bzt-rc
[2020-10-05 14:29:24,567 INFO Engine] Configuring...
[2020-10-05 14:29:24,569 DEBUG Engine] Reading system configs from: /etc/bzt.d
[2020-10-05 14:29:24,657 DEBUG Engine] Base configs list: ['/usr/local/lib/python3.6/dist-packages/bzt/resources/10-base-config.yml', '/etc/bzt.d/50-pbench-enhanced.json', '/etc/bzt.d/90-artifacts-dir.json', '/etc/bzt.d/99-zinstallID.json']
[2020-10-05 14:29:24,659 DEBUG Engine.Configuration] Configs: ['/usr/local/lib/python3.6/dist-packages/bzt/resources/10-base-config.yml', '/etc/bzt.d/50-pbench-enhanced.json', '/etc/bzt.d/90-artifacts-dir.json', '/etc/bzt.d/99-zinstallID.json']
[2020-10-05 14:29:24,660 DEBUG Engine.Configuration] Reading /usr/local/lib/python3.6/dist-packages/bzt/resources/10-base-config.yml as YAML
[2020-10-05 14:29:24,699 DEBUG Engine.Configuration] Reading /etc/bzt.d/50-pbench-enhanced.json as YAML
[2020-10-05 14:29:24,701 DEBUG Engine.Configuration] Reading /etc/bzt.d/90-artifacts-dir.json as YAML
[2020-10-05 14:29:24,703 DEBUG Engine.Configuration] Reading /etc/bzt.d/99-zinstallID.json as YAML
[2020-10-05 14:29:24,705 DEBUG Engine] User configs list: ['/root/.bzt-rc', 'test.yml']
[2020-10-05 14:29:24,706 DEBUG Engine.Configuration] Configs: ['/root/.bzt-rc', 'test.yml']
[2020-10-05 14:29:24,708 DEBUG Engine.Configuration] Reading /root/.bzt-rc as YAML
[2020-10-05 14:29:24,722 DEBUG Engine.Configuration] Reading test.yml as YAML
[2020-10-05 14:29:24,729 DEBUG Engine.Configuration] Configs: ['/root/.bzt-rc', 'test.yml']
[2020-10-05 14:29:24,730 DEBUG Engine.Configuration] Reading /root/.bzt-rc as YAML
[2020-10-05 14:29:24,745 DEBUG Engine.Configuration] Reading test.yml as YAML
[2020-10-05 14:29:24,754 DEBUG Engine] Requesting updates info: https://gettaurus.org/updates/?version=1.15.0&installID=Docker
[2020-10-05 14:29:24,755 INFO Engine] Artifacts dir: /tmp/artifacts
[2020-10-05 14:29:24,755 DEBUG HTTPClient] Making HTTP request GET https://gettaurus.org/updates/?version=1.15.0&installID=Docker
[2020-10-05 14:29:24,763 DEBUG urllib3.connectionpool] Starting new HTTPS connection (1): gettaurus.org:443
[2020-10-05 14:29:24,766 DEBUG Engine] New artifact filename: /tmp/artifacts/effective
[2020-10-05 14:29:24,782 DEBUG Engine.Configuration] Dumping YAML config into /tmp/artifacts/effective.yml
[2020-10-05 14:29:24,820 DEBUG Engine.Configuration] Dumping JSON config into /tmp/artifacts/effective.json
[2020-10-05 14:29:24,835 DEBUG Engine] New artifact filename: /tmp/artifacts/merged-7.yml
[2020-10-05 14:29:24,838 DEBUG Engine.Configuration] Dumping YAML config into /tmp/artifacts/merged-7.yml
[2020-10-05 14:29:24,856 DEBUG Engine] New artifact filename: /tmp/artifacts/merged-7.json
[2020-10-05 14:29:24,860 DEBUG Engine.Configuration] Dumping JSON config into /tmp/artifacts/merged-7.json
[2020-10-05 14:29:24,863 DEBUG Engine] Add existing artifact (move=False): test.yml
[2020-10-05 14:29:24,866 DEBUG Engine] Copying test.yml to /tmp/artifacts/test.yml
[2020-10-05 14:29:24,887 DEBUG Engine] Set PYTHONPATH to '/root/.bzt/python-packages/3.6.9' + '/tmp/artifacts/python-packages/3.6.9' + 
[2020-10-05 14:29:24,888 DEBUG Engine] Content of user packages dir: %s
[2020-10-05 14:29:24,889 DEBUG Engine] OS env: OBJC_DISABLE_INITIALIZE_FORK_SAFETY=YES
[2020-10-05 14:29:24,890 DEBUG Engine] OS env: TAURUS_ARTIFACTS_DIR=/tmp/artifacts
[2020-10-05 14:29:24,892 DEBUG root] Closing log handler: /tmp/artifacts/bzt.log
[2020-10-05 14:29:24,900 DEBUG root] Switched writing logs to /tmp/artifacts/bzt.log
[2020-10-05 14:29:24,901 DEBUG root] Linting config
[2020-10-05 14:29:24,905 INFO Engine] Preparing...
[2020-10-05 14:29:24,908 DEBUG Engine] Module config: consolidator {'class': 'bzt.modules.aggregator.ConsolidatingAggregator'}
[2020-10-05 14:29:24,909 DEBUG root] Importing module: bzt.modules.aggregator
[2020-10-05 14:29:25,105 DEBUG root] Loading class: 'ConsolidatingAggregator' from <module 'bzt.modules.aggregator' from '/usr/local/lib/python3.6/dist-packages/bzt/modules/aggregator.py'>
[2020-10-05 14:29:25,107 DEBUG Engine.consolidator] Buffer scaling setup: percentile 95.0 from [0.0, 50.0, 90.0, 95.0, 99.0, 99.9, 100.0] selected
[2020-10-05 14:29:25,108 DEBUG Engine] Module config: monitoring {'class': 'bzt.modules.monitoring.Monitoring'}
[2020-10-05 14:29:25,109 DEBUG root] Importing module: bzt.modules.monitoring
[2020-10-05 14:29:25,112 DEBUG root] Loading class: 'Monitoring' from <module 'bzt.modules.monitoring' from '/usr/local/lib/python3.6/dist-packages/bzt/modules/monitoring.py'>
[2020-10-05 14:29:25,114 DEBUG Engine] Module config: local {'class': 'bzt.modules.provisioning.Local'}
[2020-10-05 14:29:25,115 DEBUG root] Importing module: bzt.modules.provisioning
[2020-10-05 14:29:25,116 DEBUG root] Loading class: 'Local' from <module 'bzt.modules.provisioning' from '/usr/local/lib/python3.6/dist-packages/bzt/modules/provisioning.py'>
[2020-10-05 14:29:25,117 DEBUG Engine] Module config: jmeter {'class': 'bzt.modules.jmeter.JMeterExecutor', 'protocol-handlers': {'http': 'bzt.jmx.http.HTTPProtocolHandler'}, 'plugins': ['jpgc-casutg', 'jpgc-dummy', 'jpgc-ffw', 'jpgc-fifo', 'jpgc-functions', 'jpgc-json', 'jpgc-perfmon', 'jpgc-prmctl', 'jpgc-tst'], 'properties': {'jmeter.save.saveservice.autoflush': 'true', 'jmeter.save.saveservice.connect_time': 'true', 'jmeterengine.force.system.exit': 'true', 'summariser.name': ''}}
[2020-10-05 14:29:25,118 DEBUG root] Importing module: bzt.modules.jmeter
[2020-10-05 14:29:25,139 DEBUG root] Loading class: 'JMeterExecutor' from <module 'bzt.modules.jmeter' from '/usr/local/lib/python3.6/dist-packages/bzt/modules/jmeter.py'>
[2020-10-05 14:29:25,140 DEBUG Engine.local] Preparing executor: jmeter/140451725635880
[2020-10-05 14:29:25,151 DEBUG Engine] New artifact filename: /tmp/artifacts/jmeter-7.log
[2020-10-05 14:29:25,152 DEBUG Engine.jmeter] Checking if port 4445 is free
[2020-10-05 14:29:25,154 DEBUG Engine.jmeter] Port 4445 is free
[2020-10-05 14:29:25,155 DEBUG Engine.jmeter] Using port 4445 for management
[2020-10-05 14:29:25,168 DEBUG Engine] New artifact filename: /tmp/artifacts/requests-7.jmx
[2020-10-05 14:29:25,170 DEBUG root] Importing module: bzt.jmx.http
[2020-10-05 14:29:25,171 DEBUG root] Loading class: 'HTTPProtocolHandler' from <module 'bzt.jmx.http' from '/usr/local/lib/python3.6/dist-packages/bzt/jmx/http.py'>
[2020-10-05 14:29:25,175 DEBUG JMeterScenarioBuilder] Saving JMX to: /tmp/artifacts/requests-7.jmx
[2020-10-05 14:29:25,180 DEBUG Engine.jmeter] Additional system properties {'sun.net.inetaddr.ttl': 0}
[2020-10-05 14:29:25,195 DEBUG Engine] New artifact filename: /tmp/artifacts/system-7.properties
[2020-10-05 14:29:25,201 DEBUG Engine.jmeter] Additional properties: {'jmeter.save.saveservice.autoflush': 'true', 'jmeter.save.saveservice.connect_time': 'true', 'jmeterengine.force.system.exit': 'true', 'summariser.name': '', 'jmeterengine.nongui.port': 4445, 'jmeterengine.nongui.maxport': 4445, 'jmeter.save.saveservice.timestamp_format': 'ms', 'sampleresult.default.encoding': 'UTF-8', 'user.classpath': '/tmp/artifacts:/tmp/artifacts'}
[2020-10-05 14:29:25,254 DEBUG Engine] New artifact filename: /tmp/artifacts/jmeter-bzt-7.properties
[2020-10-05 14:29:25,260 DEBUG Engine.jmeter.JavaVM] Trying JavaVM: ['java', '-version']
[2020-10-05 14:29:25,262 DEBUG root] Executing shell: ['java', '-version'] at .
[2020-10-05 14:29:25,503 DEBUG Engine.jmeter.JavaVM] JavaVM output: openjdk version "1.8.0_265"
OpenJDK Runtime Environment (build 1.8.0_265-8u265-b01-0ubuntu2~18.04-b01)
OpenJDK 64-Bit Server VM (build 25.265-b01, mixed mode)

[2020-10-05 14:29:25,504 DEBUG Engine.jmeter.TclLibrary] We don't need to check tcl library on this platform
[2020-10-05 14:29:25,505 DEBUG Engine.jmeter.JMeter] Trying JMeter..
[2020-10-05 14:29:25,507 DEBUG root] Executing shell: ['/root/.bzt/jmeter-taurus/5.2.1/bin/jmeter.sh', '-j', '/tmp/jmeter5n70s3f9log', '--version'] at .
[2020-10-05 14:29:26,082 DEBUG urllib3.connectionpool] https://gettaurus.org:443 "GET /updates/?version=1.15.0&installID=Docker HTTP/1.1" 200 40
[2020-10-05 14:29:26,084 DEBUG Engine] Taurus updates info: {'latest': '1.15.0', 'needsUpgrade': False}
[2020-10-05 14:29:26,085 DEBUG Engine] Installation is up-to-date
[2020-10-05 14:29:28,819 DEBUG Engine.jmeter.JMeter] JMeter check:     _    ____   _    ____ _   _ _____       _ __  __ _____ _____ _____ ____
   / \  |  _ \ / \  / ___| | | | ____|     | |  \/  | ____|_   _| ____|  _ \
  / _ \ | |_) / _ \| |   | |_| |  _|    _  | | |\/| |  _|   | | |  _| | |_) |
 / ___ \|  __/ ___ \ |___|  _  | |___  | |_| | |  | | |___  | | | |___|  _ <
/_/   \_\_| /_/   \_\____|_| |_|_____|  \___/|_|  |_|_____| |_| |_____|_| \_\ 5.2.1

Copyright (c) 1999-2019 The Apache Software Foundation

 / 
[2020-10-05 14:29:28,839 DEBUG Engine] New artifact filename: /tmp/artifacts/kpi-7.jtl
[2020-10-05 14:29:28,854 DEBUG Engine] New artifact filename: /tmp/artifacts/error-7.jtl
[2020-10-05 14:29:28,856 DEBUG Engine.jmeter.LoadSettingsProcessor] Load: LoadSpec(concurrency=10, throughput=None, ramp_up=60.0, hold=150.0, iterations=0, duration=210.0, steps=None)
[2020-10-05 14:29:28,860 DEBUG Engine.jmeter.LoadSettingsProcessor.ThreadGroupHandler] Converting ThreadGroup (simple) to ConcurrencyThreadGroup and apply load parameters
[2020-10-05 14:29:28,862 DEBUG Engine] New artifact filename: /tmp/artifacts/modified_requests-7.jmx
[2020-10-05 14:29:28,863 DEBUG JMX] Saving JMX to: /tmp/artifacts/modified_requests-7.jmx
[2020-10-05 14:29:28,869 DEBUG root] Executing shell: ['/root/.bzt/jmeter-taurus/5.2.1/bin/PluginsManagerCMD.sh', 'install-for-jmx', '/tmp/artifacts/modified_requests-7.jmx'] at .
[2020-10-05 14:29:36,142 DEBUG Engine.jmeter.JMeter] Try to detect plugins for /tmp/artifacts/modified_requests-7.jmx
2020-10-05 14:29:31,214 INFO o.j.r.PluginManagerCMD: Command is: install-for-jmx
2020-10-05 14:29:31,345 INFO o.j.r.JARSourceHTTP: Requesting https://jmeter-plugins.org/repo/?installID=linux-8fe65e0284c818d42763109c701cf5ce-nongui
2020-10-05 14:29:34,721 INFO o.j.r.PluginManager: Plugins Status: [jpgc-functions=2.1, jpgc-casutg=2.9, jpgc-dummy=0.4, jpgc-ffw=2.0, jpgc-fifo=0.2, jpgc-json=2.7, jpgc-prmctl=0.4, jpgc-perfmon=2.1, jpgc-plugins-manager=1.3, jpgc-tst=2.5, jmeter-core=5.2.1, jmeter-ftp=5.2.1, jmeter-http=5.2.1, jmeter-jdbc=5.2.1, jmeter-jms=5.2.1, jmeter-junit=5.2.1, jmeter-java=5.2.1, jmeter-ldap=5.2.1, jmeter-mail=5.2.1, jmeter-mongodb=5.2.1, jmeter-native=5.2.1, jmeter-tcp=5.2.1, jmeter-components=5.2.1]
2020-10-05 14:29:34,728 INFO o.j.r.PluginManagerCMD: Params line is: /tmp/artifacts/modified_requests-7.jmx
2020-10-05 14:29:35,543 INFO o.a.j.s.SaveService: Testplan (JMX) version: 2.2. Testlog (JTL) version: 2.2
2020-10-05 14:29:35,580 INFO o.a.j.s.SaveService: Using SaveService properties file encoding UTF-8
2020-10-05 14:29:35,595 INFO o.a.j.s.SaveService: Using SaveService properties version 5.0
2020-10-05 14:29:35,714 INFO o.a.j.p.h.c.CacheManager: Will only cache the following methods: [GET]
2020-10-05 14:29:35,726 INFO o.a.j.p.h.c.CookieManager: Settings: Delete null: true Check: true Allow variable: true Save: false Prefix: COOKIE_
2020-10-05 14:29:35,910 INFO o.a.j.p.h.s.HTTPSamplerBase: Parser for text/html is org.apache.jmeter.protocol.http.parser.LagartoBasedHtmlParser
2020-10-05 14:29:35,911 INFO o.a.j.p.h.s.HTTPSamplerBase: Parser for application/xhtml+xml is org.apache.jmeter.protocol.http.parser.LagartoBasedHtmlParser
2020-10-05 14:29:35,913 INFO o.a.j.p.h.s.HTTPSamplerBase: Parser for application/xml is org.apache.jmeter.protocol.http.parser.LagartoBasedHtmlParser
2020-10-05 14:29:35,917 INFO o.a.j.p.h.s.HTTPSamplerBase: Parser for text/xml is org.apache.jmeter.protocol.http.parser.LagartoBasedHtmlParser
2020-10-05 14:29:35,918 INFO o.a.j.p.h.s.HTTPSamplerBase: Parser for text/vnd.wap.wml is org.apache.jmeter.protocol.http.parser.RegexpHTMLParser
2020-10-05 14:29:35,920 INFO o.a.j.p.h.s.HTTPSamplerBase: Parser for text/css is org.apache.jmeter.protocol.http.parser.CssParser
2020-10-05 14:29:36,082 INFO o.j.r.PluginManager: Finishing without changes


[2020-10-05 14:29:36,156 DEBUG Engine] New artifact filename: /tmp/artifacts/jmeter-7.out
[2020-10-05 14:29:36,171 DEBUG Engine] New artifact filename: /tmp/artifacts/jmeter-7.err
[2020-10-05 14:29:36,177 DEBUG Engine] Module config: final-stats {'class': 'bzt.modules.reporting.FinalStatus'}
[2020-10-05 14:29:36,178 DEBUG root] Importing module: bzt.modules.reporting
[2020-10-05 14:29:36,214 DEBUG easyprocess] version=0.3
[2020-10-05 14:29:36,216 DEBUG pyvirtualdisplay] version=1.3.2
[2020-10-05 14:29:36,219 DEBUG root] Loading class: 'FinalStatus' from <module 'bzt.modules.reporting' from '/usr/local/lib/python3.6/dist-packages/bzt/modules/reporting.py'>
[2020-10-05 14:29:36,221 DEBUG Engine] Module config: console {'class': 'bzt.modules.console.ConsoleStatusReporter'}
[2020-10-05 14:29:36,223 DEBUG root] Importing module: bzt.modules.console
[2020-10-05 14:29:36,224 DEBUG root] Loading class: 'ConsoleStatusReporter' from <module 'bzt.modules.console' from '/usr/local/lib/python3.6/dist-packages/bzt/modules/console.py'>
[2020-10-05 14:29:36,225 DEBUG Engine] Module config: passfail {'class': 'bzt.modules.passfail.PassFailStatus'}
[2020-10-05 14:29:36,225 DEBUG root] Importing module: bzt.modules.passfail
[2020-10-05 14:29:36,226 DEBUG root] Loading class: 'PassFailStatus' from <module 'bzt.modules.passfail' from '/usr/local/lib/python3.6/dist-packages/bzt/modules/passfail.py'>
[2020-10-05 14:29:36,227 DEBUG Engine] Module config: blazemeter {'class': 'bzt.modules.blazemeter.BlazeMeterUploader'}
[2020-10-05 14:29:36,228 DEBUG root] Importing module: bzt.modules.blazemeter
[2020-10-05 14:29:36,229 DEBUG root] Loading class: 'BlazeMeterUploader' from <module 'bzt.modules.blazemeter' from '/usr/local/lib/python3.6/dist-packages/bzt/modules/blazemeter.py'>
[2020-10-05 14:29:36,239 DEBUG root] Importing module: bzt.modules.passfail
[2020-10-05 14:29:36,240 DEBUG root] Loading class: 'DataCriterion' from <module 'bzt.modules.passfail' from '/usr/local/lib/python3.6/dist-packages/bzt/modules/passfail.py'>
[2020-10-05 14:29:36,241 DEBUG root] Importing module: bzt.modules.passfail
[2020-10-05 14:29:36,242 DEBUG root] Loading class: 'DataCriterion' from <module 'bzt.modules.passfail' from '/usr/local/lib/python3.6/dist-packages/bzt/modules/passfail.py'>
[2020-10-05 14:29:36,243 WARNING Engine.blazemeter] No BlazeMeter API key provided, will upload anonymously
[2020-10-05 14:29:36,245 DEBUG Engine.blazemeter] Installing http client
[2020-10-05 14:29:36,246 DEBUG User] Request: GET https://a.blazemeter.com/api/v4/web/version None
[2020-10-05 14:29:36,248 DEBUG HTTPClient] Making HTTP request GET https://a.blazemeter.com/api/v4/web/version
[2020-10-05 14:29:36,254 DEBUG urllib3.connectionpool] Starting new HTTPS connection (1): a.blazemeter.com:443
[2020-10-05 14:29:36,872 DEBUG urllib3.connectionpool] https://a.blazemeter.com:443 "GET /api/v4/web/version HTTP/1.1" 200 None
[2020-10-05 14:29:36,876 DEBUG User] Response [200]: {
    "api_version": 4,
    "error": null,
    "result": "BACKEND-CI/release-2020-09-29 12 release-2020-09-29 8d34455d3b7856a4e30fb53470881e712739c1d6 Thu Oct 1 10:07:57 2020 -0500 8d34455d3b7856a4e30fb53470881e712739c1d6\n",
    "request_id": "5f7b2dd0bff
[2020-10-05 14:29:36,890 DEBUG Engine.Configuration] Dumping YAML config into /tmp/artifacts/effective.yml
[2020-10-05 14:29:36,932 DEBUG Engine.Configuration] Dumping JSON config into /tmp/artifacts/effective.json
[2020-10-05 14:29:36,937 INFO Engine] Starting...
[2020-10-05 14:29:36,940 DEBUG Engine] Startup <bzt.modules.monitoring.Monitoring object at 0x7fbd847becc0>
[2020-10-05 14:29:36,944 DEBUG Engine] Startup <bzt.modules.aggregator.ConsolidatingAggregator object at 0x7fbd847bef60>
[2020-10-05 14:29:36,945 DEBUG Engine] Startup <bzt.modules.reporting.FinalStatus object at 0x7fbd77a3f5c0>
[2020-10-05 14:29:36,948 DEBUG Engine] Startup <bzt.modules.console.ConsoleStatusReporter object at 0x7fbd77353a58>
[2020-10-05 14:29:36,950 INFO Engine.console] Waiting for results...
[2020-10-05 14:29:36,954 DEBUG Engine] Startup <bzt.modules.passfail.PassFailStatus object at 0x7fbd7730e6a0>
[2020-10-05 14:29:36,956 DEBUG Engine] Startup <bzt.modules.reporting.FinalStatus object at 0x7fbd772b78d0>
[2020-10-05 14:29:36,959 DEBUG Engine] Startup <bzt.modules.blazemeter.BlazeMeterUploader object at 0x7fbd772b7c18>
[2020-10-05 14:29:36,960 INFO Engine.blazemeter] Initiating data feeding...
[2020-10-05 14:29:36,963 DEBUG User] Request: POST https://a.blazemeter.com/api/v4/sessions None
[2020-10-05 14:29:36,964 DEBUG HTTPClient] Making HTTP request POST https://a.blazemeter.com/api/v4/sessions
[2020-10-05 14:29:37,362 DEBUG urllib3.connectionpool] https://a.blazemeter.com:443 "POST /api/v4/sessions HTTP/1.1" 201 3435
[2020-10-05 14:29:37,366 DEBUG User] Response [201]: {
    "api_version": 4,
    "error": null,
    "result": {
        "session": {
            "id": "r-ext-5f7b2dd10cc39",
            "name": "external",
            "userId": 386483,
            "publicToken": "VSNrxFIPudaBoBrx6vZ4b1BqGUcYebz6kKlIn7Rizrpv9
[2020-10-05 14:29:37,369 INFO Engine.blazemeter] Started data feeding: https://a.blazemeter.com/app/?public-token=VSNrxFIPudaBoBrx6vZ4b1BqGUcYebz6kKlIn7Rizrpv9EK1Z6#reports/r-ext-5f7b2dd10cc39/summary
[2020-10-05 14:29:37,372 WARNING root] Can't open link in browser: could not locate runnable browser
[2020-10-05 14:29:37,374 DEBUG Engine] Startup <bzt.modules.provisioning.Local object at 0x7fbd8480e358>
[2020-10-05 14:29:37,376 DEBUG Engine.local] Delay setup for jmeter/simple: 0(start-at) + 0(delay) = 0
[2020-10-05 14:29:37,385 DEBUG Engine.Configuration] Dumping YAML config into /tmp/artifacts/effective.yml
[2020-10-05 14:29:37,430 DEBUG Engine.Configuration] Dumping JSON config into /tmp/artifacts/effective.json
[2020-10-05 14:29:37,434 DEBUG root] Leveling down log file verbosity to INFO, use -v option to have DEBUG messages enabled
[2020-10-05 14:29:37,435 DEBUG root] Leveled up log file verbosity
[2020-10-05 14:29:37,436 DEBUG root] Executing shell: ['/root/.bzt/jmeter-taurus/5.2.1/bin/jmeter.sh', '-t', '/tmp/artifacts/modified_requests-7.jmx', '-j', '/tmp/artifacts/jmeter-7.log', '-q', '/tmp/artifacts/jmeter-bzt-7.properties', '-n', '-S', '/tmp/artifacts/system-7.properties'] at /bzt-configs
[2020-10-05 14:29:37,446 DEBUG Engine.local] Starting execution: jmeter/simple, rest of available slots: 9223372036854775806
[2020-10-05 14:29:37,447 DEBUG root] Leveling down log file verbosity to INFO, use -v option to have DEBUG messages enabled
[2020-10-05 14:29:37,680 INFO Engine.console] Waiting for finish...
[2020-10-05 14:29:50,550 INFO Engine.jmeter.JTLReader] Changed data analysis delay to 3s
[2020-10-05 14:30:27,476 INFO Engine.jmeter.JTLReader] Changed data analysis delay to 4s
[2020-10-05 14:30:35,479 INFO Engine.jmeter.JTLReader] Changed data analysis delay to 5s
[2020-10-05 14:30:37,476 INFO Engine.jmeter.JTLReader] Changed data analysis delay to 6s
[2020-10-05 14:31:16,651 WARNING Engine.blazemeter] Failed to send data, will retry in 30.0 sec...
[2020-10-05 14:32:04,611 INFO Engine.blazemeter] Succeeded with retry
[2020-10-05 14:32:05,360 INFO Engine.jmeter.JTLReader] Changed data analysis delay to 12s
[2020-10-05 14:33:13,831 WARNING Engine.blazemeter] Failed to send data, will retry in 30.0 sec...
[2020-10-05 14:33:45,360 INFO Engine.blazemeter] Succeeded with retry
[2020-10-05 14:33:45,860 INFO Engine.jmeter.JTLReader] Changed data analysis delay to 14s
[2020-10-05 14:33:57,721 WARNING Engine] Please wait for graceful shutdown...
[2020-10-05 14:33:57,735 DEBUG root] Leveled up log file verbosity
[2020-10-05 14:33:57,737 INFO Engine] Shutting down...
[2020-10-05 14:33:57,754 DEBUG Engine] Current stop reason: None
[2020-10-05 14:33:57,759 DEBUG Engine.local] Shutdown jmeter/simple
[2020-10-05 14:33:57,762 DEBUG Engine.console] Restoring logging streams, [<StreamHandler (INFO)>]/{<StreamHandler (INFO)>: <_io.TextIOWrapper name='<stdout>' mode='w' encoding='UTF-8'>}
[2020-10-05 14:33:57,801 DEBUG Engine.Configuration] Dumping YAML config into /tmp/artifacts/effective.yml
[2020-10-05 14:33:57,900 DEBUG Engine.Configuration] Dumping JSON config into /tmp/artifacts/effective.json
[2020-10-05 14:33:57,909 INFO Engine] Post-processing...
[2020-10-05 14:33:57,912 DEBUG Engine.local] Post-process jmeter/simple
[2020-10-05 14:33:57,913 DEBUG Engine] Add existing artifact (move=True): /tmp/artifacts/modified_requests-7.jmx
[2020-10-05 14:33:57,915 DEBUG Engine] No need to copy /tmp/artifacts/modified_requests-7.jmx
[2020-10-05 14:33:57,925 DEBUG Engine.jmeter.JTLReader] Buffer len: 11; Known errors count: 2
[2020-10-05 14:33:57,926 DEBUG Engine.jmeter.JTLReader] Aggregating: 1601908383, 11 in buffer
[2020-10-05 14:33:57,937 DEBUG Engine.jmeter.JTLReader] Aggregating: 1601908384, 10 in buffer
[2020-10-05 14:33:57,948 DEBUG Engine.jmeter.JTLReader] Aggregating: 1601908385, 9 in buffer
[2020-10-05 14:33:57,958 DEBUG Engine.jmeter.JTLReader] Aggregating: 1601908386, 8 in buffer
[2020-10-05 14:33:57,979 DEBUG Engine.jmeter.JTLReader] Aggregating: 1601908387, 7 in buffer
[2020-10-05 14:33:57,990 DEBUG Engine.jmeter.JTLReader] Aggregating: 1601908389, 6 in buffer
[2020-10-05 14:33:58,008 DEBUG Engine.jmeter.JTLReader] Aggregating: 1601908390, 5 in buffer
[2020-10-05 14:33:58,021 DEBUG Engine.jmeter.JTLReader] Aggregating: 1601908391, 4 in buffer
[2020-10-05 14:33:58,036 DEBUG Engine.jmeter.JTLReader] Aggregating: 1601908392, 3 in buffer
[2020-10-05 14:33:58,054 DEBUG Engine.jmeter.JTLReader] Aggregating: 1601908393, 2 in buffer
[2020-10-05 14:33:58,071 DEBUG Engine.jmeter.JTLReader] Aggregating: 1601908394, 1 in buffer
[2020-10-05 14:33:58,088 DEBUG Engine.jmeter.JTLReader] Buffer len: 0; Known errors count: 2
[2020-10-05 14:33:58,089 DEBUG Engine.consolidator] Consolidator buffer[13]: dict_keys([1601908381, 1601908382, 1601908383, 1601908384, 1601908385, 1601908386, 1601908387, 1601908389, 1601908390, 1601908391, 1601908392, 1601908393, 1601908394])
[2020-10-05 14:33:58,090 DEBUG Engine.consolidator] Merging into 1601908381
[2020-10-05 14:33:58,098 DEBUG Engine.consolidator] Bypassing consolidation because of single result
[2020-10-05 14:33:58,247 DEBUG Engine.passfail] No label IndexPage in dict_keys(['https://www.google.com', ''])
[2020-10-05 14:33:58,248 DEBUG Engine.passfail] No label CheckoutPage in dict_keys(['https://www.google.com', ''])
[2020-10-05 14:33:58,249 DEBUG Engine.consolidator] Processed datapoint: 1601908381/ConsolidatingAggregator@140451948261216
[2020-10-05 14:33:58,249 DEBUG Engine.consolidator] Merging into 1601908382
[2020-10-05 14:33:58,250 DEBUG Engine.consolidator] Bypassing consolidation because of single result
[2020-10-05 14:33:58,362 DEBUG Engine.passfail] No label IndexPage in dict_keys(['https://www.google.com', ''])
[2020-10-05 14:33:58,363 DEBUG Engine.passfail] No label CheckoutPage in dict_keys(['https://www.google.com', ''])
[2020-10-05 14:33:58,364 DEBUG Engine.consolidator] Processed datapoint: 1601908382/ConsolidatingAggregator@140451948261216
[2020-10-05 14:33:58,365 DEBUG Engine.consolidator] Merging into 1601908383
[2020-10-05 14:33:58,366 DEBUG Engine.consolidator] Bypassing consolidation because of single result
[2020-10-05 14:33:58,487 DEBUG Engine.passfail] No label IndexPage in dict_keys(['https://www.google.com', ''])
[2020-10-05 14:33:58,488 DEBUG Engine.passfail] No label CheckoutPage in dict_keys(['https://www.google.com', ''])
[2020-10-05 14:33:58,488 DEBUG Engine.consolidator] Processed datapoint: 1601908383/ConsolidatingAggregator@140451948261216
[2020-10-05 14:33:58,489 DEBUG Engine.consolidator] Merging into 1601908384
[2020-10-05 14:33:58,490 DEBUG Engine.consolidator] Bypassing consolidation because of single result
[2020-10-05 14:33:58,620 DEBUG Engine.passfail] No label IndexPage in dict_keys(['https://www.google.com', ''])
[2020-10-05 14:33:58,621 DEBUG Engine.passfail] No label CheckoutPage in dict_keys(['https://www.google.com', ''])
[2020-10-05 14:33:58,622 DEBUG Engine.consolidator] Processed datapoint: 1601908384/ConsolidatingAggregator@140451948261216
[2020-10-05 14:33:58,623 DEBUG Engine.consolidator] Merging into 1601908385
[2020-10-05 14:33:58,623 DEBUG Engine.consolidator] Bypassing consolidation because of single result
[2020-10-05 14:33:58,747 DEBUG Engine.passfail] No label IndexPage in dict_keys(['https://www.google.com', ''])
[2020-10-05 14:33:58,747 DEBUG Engine.passfail] No label CheckoutPage in dict_keys(['https://www.google.com', ''])
[2020-10-05 14:33:58,748 DEBUG Engine.consolidator] Processed datapoint: 1601908385/ConsolidatingAggregator@140451948261216
[2020-10-05 14:33:58,749 DEBUG Engine.consolidator] Merging into 1601908386
[2020-10-05 14:33:58,750 DEBUG Engine.consolidator] Bypassing consolidation because of single result
[2020-10-05 14:33:58,882 DEBUG Engine.passfail] No label IndexPage in dict_keys(['https://www.google.com', ''])
[2020-10-05 14:33:58,883 DEBUG Engine.passfail] No label CheckoutPage in dict_keys(['https://www.google.com', ''])
[2020-10-05 14:33:58,884 DEBUG Engine.consolidator] Processed datapoint: 1601908386/ConsolidatingAggregator@140451948261216
[2020-10-05 14:33:58,885 DEBUG Engine.consolidator] Merging into 1601908387
[2020-10-05 14:33:58,886 DEBUG Engine.consolidator] Bypassing consolidation because of single result
[2020-10-05 14:33:58,994 DEBUG Engine.passfail] No label IndexPage in dict_keys(['https://www.google.com', ''])
[2020-10-05 14:33:58,995 DEBUG Engine.passfail] No label CheckoutPage in dict_keys(['https://www.google.com', ''])
[2020-10-05 14:33:58,995 DEBUG Engine.consolidator] Processed datapoint: 1601908387/ConsolidatingAggregator@140451948261216
[2020-10-05 14:33:58,996 DEBUG Engine.consolidator] Merging into 1601908389
[2020-10-05 14:33:58,997 DEBUG Engine.consolidator] Bypassing consolidation because of single result
[2020-10-05 14:33:59,142 DEBUG Engine.passfail] No label IndexPage in dict_keys(['https://www.google.com', ''])
[2020-10-05 14:33:59,143 DEBUG Engine.passfail] No label CheckoutPage in dict_keys(['https://www.google.com', ''])
[2020-10-05 14:33:59,145 DEBUG Engine.consolidator] Processed datapoint: 1601908389/ConsolidatingAggregator@140451948261216
[2020-10-05 14:33:59,146 DEBUG Engine.consolidator] Merging into 1601908390
[2020-10-05 14:33:59,149 DEBUG Engine.consolidator] Bypassing consolidation because of single result
[2020-10-05 14:33:59,291 DEBUG Engine.passfail] No label IndexPage in dict_keys(['https://www.google.com', ''])
[2020-10-05 14:33:59,292 DEBUG Engine.passfail] No label CheckoutPage in dict_keys(['https://www.google.com', ''])
[2020-10-05 14:33:59,293 DEBUG Engine.consolidator] Processed datapoint: 1601908390/ConsolidatingAggregator@140451948261216
[2020-10-05 14:33:59,294 DEBUG Engine.consolidator] Merging into 1601908391
[2020-10-05 14:33:59,295 DEBUG Engine.consolidator] Bypassing consolidation because of single result
[2020-10-05 14:33:59,432 DEBUG Engine.passfail] No label IndexPage in dict_keys(['https://www.google.com', ''])
[2020-10-05 14:33:59,433 DEBUG Engine.passfail] No label CheckoutPage in dict_keys(['https://www.google.com', ''])
[2020-10-05 14:33:59,434 DEBUG Engine.consolidator] Processed datapoint: 1601908391/ConsolidatingAggregator@140451948261216
[2020-10-05 14:33:59,435 DEBUG Engine.consolidator] Merging into 1601908392
[2020-10-05 14:33:59,436 DEBUG Engine.consolidator] Bypassing consolidation because of single result
[2020-10-05 14:33:59,556 DEBUG Engine.passfail] No label IndexPage in dict_keys(['https://www.google.com', ''])
[2020-10-05 14:33:59,557 DEBUG Engine.passfail] No label CheckoutPage in dict_keys(['https://www.google.com', ''])
[2020-10-05 14:33:59,558 DEBUG Engine.consolidator] Processed datapoint: 1601908392/ConsolidatingAggregator@140451948261216
[2020-10-05 14:33:59,559 DEBUG Engine.consolidator] Merging into 1601908393
[2020-10-05 14:33:59,560 DEBUG Engine.consolidator] Bypassing consolidation because of single result
[2020-10-05 14:33:59,690 DEBUG Engine.passfail] No label IndexPage in dict_keys(['https://www.google.com', ''])
[2020-10-05 14:33:59,691 DEBUG Engine.passfail] No label CheckoutPage in dict_keys(['https://www.google.com', ''])
[2020-10-05 14:33:59,692 DEBUG Engine.consolidator] Processed datapoint: 1601908393/ConsolidatingAggregator@140451948261216
[2020-10-05 14:33:59,693 DEBUG Engine.consolidator] Merging into 1601908394
[2020-10-05 14:33:59,693 DEBUG Engine.consolidator] Bypassing consolidation because of single result
[2020-10-05 14:33:59,803 DEBUG Engine.passfail] No label IndexPage in dict_keys(['https://www.google.com', ''])
[2020-10-05 14:33:59,804 DEBUG Engine.passfail] No label CheckoutPage in dict_keys(['https://www.google.com', ''])
[2020-10-05 14:33:59,805 DEBUG Engine.consolidator] Processed datapoint: 1601908394/ConsolidatingAggregator@140451948261216
[2020-10-05 14:33:59,806 INFO Engine.final-stats] Test duration: 0:04:21
[2020-10-05 14:33:59,809 INFO Engine.final-stats] Samples count: 571, 1.23% failures
[2020-10-05 14:33:59,812 INFO Engine.final-stats] Average times: total 2.430, latency 1.234, connect 1.179
[2020-10-05 14:33:59,815 INFO Engine.final-stats] Percentiles:
(0lqqqqqqqqqqqqqqqwqqqqqqqqqqqqqqqk(B
(0x(B Percentile, % (0x(B Resp. Time, s (0x(B
(0tqqqqqqqqqqqqqqqnqqqqqqqqqqqqqqqu(B
(0x(B           0.0 (0x(B         0.334 (0x(B
(0x(B          50.0 (0x(B         1.694 (0x(B
(0x(B          90.0 (0x(B         4.748 (0x(B
(0x(B          95.0 (0x(B          6.82 (0x(B
(0x(B          99.0 (0x(B        17.088 (0x(B
(0x(B          99.9 (0x(B        20.304 (0x(B
(0x(B         100.0 (0x(B        20.304 (0x(B
(0mqqqqqqqqqqqqqqqvqqqqqqqqqqqqqqqj(B
[2020-10-05 14:33:59,831 INFO Engine.final-stats] Request label stats:
(0lqqqqqqqqqqqqqqqqqqqqqqqqwqqqqqqqqwqqqqqqqqwqqqqqqqqwqqqqqqqqqqqqqqqqqqqqqqqqqqqqqqqqqqqqqqqqqqqqqqqqqqqqqqqqqqqqqqqqqqqqqqqqqqqk(B
(0x(B label                  (0x(B status (0x(B   succ (0x(B avg_rt (0x(B error                                                                     (0x(B
(0tqqqqqqqqqqqqqqqqqqqqqqqqnqqqqqqqqnqqqqqqqqnqqqqqqqqnqqqqqqqqqqqqqqqqqqqqqqqqqqqqqqqqqqqqqqqqqqqqqqqqqqqqqqqqqqqqqqqqqqqqqqqqqqqu(B
(0x(B https://www.google.com (0x(B  FAIL  (0x(B 98.77% (0x(B  2.430 (0x(B Non HTTP response message: Remote host closed connection during handshake (0x(B
(0x(B                        (0x(B        (0x(B        (0x(B        (0x(B Non HTTP response message: www.google.com:443 failed to respond           (0x(B
(0mqqqqqqqqqqqqqqqqqqqqqqqqvqqqqqqqqvqqqqqqqqvqqqqqqqqvqqqqqqqqqqqqqqqqqqqqqqqqqqqqqqqqqqqqqqqqqqqqqqqqqqqqqqqqqqqqqqqqqqqqqqqqqqqj(B
[2020-10-05 14:33:59,834 DEBUG Engine.console] No logger_handler or orig_stream was detected
[2020-10-05 14:33:59,837 INFO Engine.final-stats] Test duration: 0:04:21
[2020-10-05 14:33:59,844 INFO Engine.final-stats] Samples count: 571, 1.23% failures
[2020-10-05 14:33:59,847 INFO Engine.final-stats] Average times: total 2.430, latency 1.234, connect 1.179
[2020-10-05 14:33:59,851 INFO Engine.final-stats] Percentiles:
(0lqqqqqqqqqqqqqqqwqqqqqqqqqqqqqqqk(B
(0x(B Percentile, % (0x(B Resp. Time, s (0x(B
(0tqqqqqqqqqqqqqqqnqqqqqqqqqqqqqqqu(B
(0x(B           0.0 (0x(B         0.334 (0x(B
(0x(B          50.0 (0x(B         1.694 (0x(B
(0x(B          90.0 (0x(B         4.748 (0x(B
(0x(B          95.0 (0x(B          6.82 (0x(B
(0x(B          99.0 (0x(B        17.088 (0x(B
(0x(B          99.9 (0x(B        20.304 (0x(B
(0x(B         100.0 (0x(B        20.304 (0x(B
(0mqqqqqqqqqqqqqqqvqqqqqqqqqqqqqqqj(B
[2020-10-05 14:33:59,858 INFO Engine.final-stats] Dumping final status as XML: p.output.xml
[2020-10-05 14:33:59,969 INFO Engine.final-stats] Dumping final status as CSV: p.output.csv
[2020-10-05 14:33:59,992 DEBUG Engine.blazemeter] KPI bulk buffer len in post-proc: 13
[2020-10-05 14:33:59,993 INFO Engine.blazemeter] Sending remaining KPI data to server...
[2020-10-05 14:34:00,398 DEBUG User] Request: POST https://data.blazemeter.com/submit.php?session_id=r-ext-5f7b2dd10cc39&signature=ci1leHQtNWY3YjJkZDEwY2MzOToxNjAzMTE3Nzc3OmE4MmQxYmRmNzZmNzc1MTdhYzAzZDM4Mzc0MThlOGJlODNiMjQ1ZmE1MGE4M2EzNzM1MGJiMzRlMjM0MzZjNDQ0Y2U4NTkzZmMwZDIzMzI5OWM5OGZkZDIzYzhhOTYxNDViMzNhZmEyNWFlMDI1MTAwZmUzMGNiZGIyYzQ3OWQ2&test_id=8561183&user_id=386483&pq=0&target=labels_bulk&update=1 b'{\n "labels": [\n  {\n   "n": 571,\n   "name": "ALL",\n   "interval": 1,\n   "intervals": [\n    {\n     "ec": 0,\n     "ts": 1601908381,\n     "na": 10,\n     "n": 4,\n     "failed": 0,\n     "rc": [\n      {\n       "n": 4,\n       "f": [],\n       "rc": "200"\n      }\n  '
[2020-10-05 14:34:00,399 DEBUG HTTPClient] Making HTTP request POST https://data.blazemeter.com/submit.php?session_id=r-ext-5f7b2dd10cc39&signature=ci1leHQtNWY3YjJkZDEwY2MzOToxNjAzMTE3Nzc3OmE4MmQxYmRmNzZmNzc1MTdhYzAzZDM4Mzc0MThlOGJlODNiMjQ1ZmE1MGE4M2EzNzM1MGJiMzRlMjM0MzZjNDQ0Y2U4NTkzZmMwZDIzMzI5OWM5OGZkZDIzYzhhOTYxNDViMzNhZmEyNWFlMDI1MTAwZmUzMGNiZGIyYzQ3OWQ2&test_id=8561183&user_id=386483&pq=0&target=labels_bulk&update=1
[2020-10-05 14:34:01,011 DEBUG urllib3.connectionpool] https://data.blazemeter.com:443 "POST /submit.php?session_id=r-ext-5f7b2dd10cc39&signature=ci1leHQtNWY3YjJkZDEwY2MzOToxNjAzMTE3Nzc3OmE4MmQxYmRmNzZmNzc1MTdhYzAzZDM4Mzc0MThlOGJlODNiMjQ1ZmE1MGE4M2EzNzM1MGJiMzRlMjM0MzZjNDQ0Y2U4NTkzZmMwZDIzMzI5OWM5OGZkZDIzYzhhOTYxNDViMzNhZmEyNWFlMDI1MTAwZmUzMGNiZGIyYzQ3OWQ2&test_id=8561183&user_id=386483&pq=0&target=labels_bulk&update=1 HTTP/1.1" 200 140
[2020-10-05 14:34:01,015 DEBUG User] Response [200]: {"api_version":2,"error":null,"result":{"session":{"_id":"r-ext-5f7b2dd10cc39","name":"external","statusCode":100,"status":"INITIALIZING"}}}
[2020-10-05 14:34:01,030 DEBUG User] Request: POST https://data.blazemeter.com/api/v4/image/r-ext-5f7b2dd10cc39/files?signature=ci1leHQtNWY3YjJkZDEwY2MzOToxNjAzMTE3Nzc3OmE4MmQxYmRmNzZmNzc1MTdhYzAzZDM4Mzc0MThlOGJlODNiMjQ1ZmE1MGE4M2EzNzM1MGJiMzRlMjM0MzZjNDQ0Y2U4NTkzZmMwZDIzMzI5OWM5OGZkZDIzYzhhOTYxNDViMzNhZmEyNWFlMDI1MTAwZmUzMGNiZGIyYzQ3OWQ2&masterId=31302610 b'--===============8391108871298110188==\r\nContent-Disposition: file; name="file"; filename="r-ext-5f7b2dd10cc39-0-c.monitoring.json"\r\nContent-Type: application/json\r\n\r\n{\n "reportInfo": {\n  "sessionId": "r-ext-5f7b2dd10cc39",\n  "timestamp": 1601908441.0194902'
[2020-10-05 14:34:01,031 DEBUG HTTPClient] Making HTTP request POST https://data.blazemeter.com/api/v4/image/r-ext-5f7b2dd10cc39/files?signature=ci1leHQtNWY3YjJkZDEwY2MzOToxNjAzMTE3Nzc3OmE4MmQxYmRmNzZmNzc1MTdhYzAzZDM4Mzc0MThlOGJlODNiMjQ1ZmE1MGE4M2EzNzM1MGJiMzRlMjM0MzZjNDQ0Y2U4NTkzZmMwZDIzMzI5OWM5OGZkZDIzYzhhOTYxNDViMzNhZmEyNWFlMDI1MTAwZmUzMGNiZGIyYzQ3OWQ2&masterId=31302610
[2020-10-05 14:34:02,131 DEBUG urllib3.connectionpool] https://data.blazemeter.com:443 "POST /api/v4/image/r-ext-5f7b2dd10cc39/files?signature=ci1leHQtNWY3YjJkZDEwY2MzOToxNjAzMTE3Nzc3OmE4MmQxYmRmNzZmNzc1MTdhYzAzZDM4Mzc0MThlOGJlODNiMjQ1ZmE1MGE4M2EzNzM1MGJiMzRlMjM0MzZjNDQ0Y2U4NTkzZmMwZDIzMzI5OWM5OGZkZDIzYzhhOTYxNDViMzNhZmEyNWFlMDI1MTAwZmUzMGNiZGIyYzQ3OWQ2&masterId=31302610 HTTP/1.1" 200 151
[2020-10-05 14:34:02,135 DEBUG User] Response [200]: {
    "api_version": 4,
    "error": null,
    "result": [
        "r-ext-5f7b2dd10cc39-0-c.monitoring.json"
    ],
    "request_id": "5f7b2ed994cf8"
}
[2020-10-05 14:34:02,137 DEBUG Engine.blazemeter] Set last check time to: 1601908176.2302349
[2020-10-05 14:34:02,139 INFO Engine.blazemeter] Ending data feeding...
[2020-10-05 14:34:02,142 DEBUG User] Request: POST https://a.blazemeter.com/api/v4/sessions/r-ext-5f7b2dd10cc39/terminate-external {
 "signature": "ci1leHQtNWY3YjJkZDEwY2MzOToxNjAzMTE3Nzc3OmE4MmQxYmRmNzZmNzc1MTdhYzAzZDM4Mzc0MThlOGJlODNiMjQ1ZmE1MGE4M2EzNzM1MGJiMzRlMjM0MzZjNDQ0Y2U4NTkzZmMwZDIzMzI5OWM5OGZkZDIzYzhhOTYxNDViMzNhZmEyNWFlMDI1MTAwZmUzMGNiZGIyYzQ3OWQ2",
 "testId": 8561183,
 "se
[2020-10-05 14:34:02,143 DEBUG HTTPClient] Making HTTP request POST https://a.blazemeter.com/api/v4/sessions/r-ext-5f7b2dd10cc39/terminate-external
[2020-10-05 14:34:02,146 DEBUG urllib3.connectionpool] Resetting dropped connection: a.blazemeter.com
[2020-10-05 14:34:02,788 DEBUG urllib3.connectionpool] https://a.blazemeter.com:443 "POST /api/v4/sessions/r-ext-5f7b2dd10cc39/terminate-external HTTP/1.1" 200 None
[2020-10-05 14:34:02,793 DEBUG User] Response [200]: {
    "api_version": 4,
    "error": null,
    "result": {
        "success": "Terminating",
        "session": {
            "id": "r-ext-5f7b2dd10cc39",
            "name": "external",
            "userId": 386483,
            "publicToken": "VSNrxFIPuda
[2020-10-05 14:34:02,794 INFO Engine.blazemeter] Online report link: https://a.blazemeter.com/app/?public-token=VSNrxFIPudaBoBrx6vZ4b1BqGUcYebz6kKlIn7Rizrpv9EK1Z6#reports/r-ext-5f7b2dd10cc39/summary
[2020-10-05 14:34:02,804 DEBUG Engine.Configuration] Dumping YAML config into /tmp/artifacts/effective.yml
[2020-10-05 14:34:02,852 DEBUG Engine.Configuration] Dumping JSON config into /tmp/artifacts/effective.json
[2020-10-05 14:34:02,855 INFO root] Artifacts dir: /tmp/artifacts
[2020-10-05 14:34:02,858 INFO root] Done performing with code: 0
[2020-10-05 14:34:02,860 DEBUG root] Closing log handler: /tmp/artifacts/bzt.log
[2020-10-09 10:01:13,165 INFO root] Taurus CLI Tool v1.15.0
[2020-10-09 10:01:13,174 DEBUG root] Command-line options: {'log': '/tmp/artifacts/bzt.log', 'option': None, 'quiet': None, 'verbose': None, 'no_system_configs': None, 'aliases': ['report']}
[2020-10-09 10:01:13,182 DEBUG root] Python: CPython 3.6.9
[2020-10-09 10:01:13,185 DEBUG root] OS: uname_result(system='Linux', node='a924ba69d593', release='4.19.76-linuxkit', version='#1 SMP Tue May 26 11:42:35 UTC 2020', machine='x86_64', processor='x86_64')
[2020-10-09 10:01:13,189 INFO root] Starting with configs: ['test.yml']
[2020-10-09 10:01:13,218 DEBUG root] Using personal config: /root/.bzt-rc
[2020-10-09 10:01:13,221 INFO Engine] Configuring...
[2020-10-09 10:01:13,227 DEBUG Engine] Reading system configs from: /etc/bzt.d
[2020-10-09 10:01:13,868 DEBUG Engine] Base configs list: ['/usr/local/lib/python3.6/dist-packages/bzt/resources/10-base-config.yml', '/etc/bzt.d/50-pbench-enhanced.json', '/etc/bzt.d/90-artifacts-dir.json', '/etc/bzt.d/99-zinstallID.json']
[2020-10-09 10:01:13,869 DEBUG Engine.Configuration] Configs: ['/usr/local/lib/python3.6/dist-packages/bzt/resources/10-base-config.yml', '/etc/bzt.d/50-pbench-enhanced.json', '/etc/bzt.d/90-artifacts-dir.json', '/etc/bzt.d/99-zinstallID.json']
[2020-10-09 10:01:13,877 DEBUG Engine.Configuration] Reading /usr/local/lib/python3.6/dist-packages/bzt/resources/10-base-config.yml as YAML
[2020-10-09 10:01:13,916 DEBUG Engine.Configuration] Reading /etc/bzt.d/50-pbench-enhanced.json as YAML
[2020-10-09 10:01:13,921 DEBUG Engine.Configuration] Reading /etc/bzt.d/90-artifacts-dir.json as YAML
[2020-10-09 10:01:13,925 DEBUG Engine.Configuration] Reading /etc/bzt.d/99-zinstallID.json as YAML
[2020-10-09 10:01:13,927 DEBUG Engine] User configs list: ['/root/.bzt-rc', 'test.yml']
[2020-10-09 10:01:13,928 DEBUG Engine.Configuration] Configs: ['/root/.bzt-rc', 'test.yml']
[2020-10-09 10:01:13,933 DEBUG Engine.Configuration] Reading /root/.bzt-rc as YAML
[2020-10-09 10:01:13,949 DEBUG Engine.Configuration] Reading test.yml as YAML
[2020-10-09 10:01:13,956 DEBUG Engine.Configuration] Configs: ['/root/.bzt-rc', 'test.yml']
[2020-10-09 10:01:13,958 DEBUG Engine.Configuration] Reading /root/.bzt-rc as YAML
[2020-10-09 10:01:13,974 DEBUG Engine.Configuration] Reading test.yml as YAML
[2020-10-09 10:01:14,036 DEBUG Engine] Requesting updates info: https://gettaurus.org/updates/?version=1.15.0&installID=Docker
[2020-10-09 10:01:14,038 DEBUG HTTPClient] Making HTTP request GET https://gettaurus.org/updates/?version=1.15.0&installID=Docker
[2020-10-09 10:01:14,038 INFO Engine] Artifacts dir: /tmp/artifacts
[2020-10-09 10:01:14,049 DEBUG urllib3.connectionpool] Starting new HTTPS connection (1): gettaurus.org:443
[2020-10-09 10:01:14,054 DEBUG Engine] New artifact filename: /tmp/artifacts/effective
[2020-10-09 10:01:14,069 DEBUG Engine.Configuration] Dumping YAML config into /tmp/artifacts/effective.yml
[2020-10-09 10:01:14,118 DEBUG Engine.Configuration] Dumping JSON config into /tmp/artifacts/effective.json
[2020-10-09 10:01:14,140 DEBUG Engine] New artifact filename: /tmp/artifacts/merged-8.yml
[2020-10-09 10:01:14,148 DEBUG Engine.Configuration] Dumping YAML config into /tmp/artifacts/merged-8.yml
[2020-10-09 10:01:14,179 DEBUG Engine] New artifact filename: /tmp/artifacts/merged-8.json
[2020-10-09 10:01:14,185 DEBUG Engine.Configuration] Dumping JSON config into /tmp/artifacts/merged-8.json
[2020-10-09 10:01:14,189 DEBUG Engine] Add existing artifact (move=False): test.yml
[2020-10-09 10:01:14,191 DEBUG Engine] Copying test.yml to /tmp/artifacts/test.yml
[2020-10-09 10:01:14,217 DEBUG Engine] Set PYTHONPATH to '/root/.bzt/python-packages/3.6.9' + '/tmp/artifacts/python-packages/3.6.9' + 
[2020-10-09 10:01:14,220 DEBUG Engine] Content of user packages dir: %s
[2020-10-09 10:01:14,222 DEBUG Engine] OS env: OBJC_DISABLE_INITIALIZE_FORK_SAFETY=YES
[2020-10-09 10:01:14,223 DEBUG Engine] OS env: TAURUS_ARTIFACTS_DIR=/tmp/artifacts
[2020-10-09 10:01:14,224 DEBUG root] Closing log handler: /tmp/artifacts/bzt.log
[2020-10-09 10:01:14,230 DEBUG root] Switched writing logs to /tmp/artifacts/bzt.log
[2020-10-09 10:01:14,231 DEBUG root] Linting config
[2020-10-09 10:01:14,235 INFO Engine] Preparing...
[2020-10-09 10:01:14,237 DEBUG Engine] Module config: consolidator {'class': 'bzt.modules.aggregator.ConsolidatingAggregator'}
[2020-10-09 10:01:14,306 DEBUG root] Importing module: bzt.modules.aggregator
[2020-10-09 10:01:15,765 DEBUG urllib3.connectionpool] https://gettaurus.org:443 "GET /updates/?version=1.15.0&installID=Docker HTTP/1.1" 200 40
[2020-10-09 10:01:15,851 DEBUG Engine] Taurus updates info: {'latest': '1.15.0', 'needsUpgrade': False}
[2020-10-09 10:01:15,853 DEBUG Engine] Installation is up-to-date
[2020-10-09 10:01:15,954 DEBUG root] Loading class: 'ConsolidatingAggregator' from <module 'bzt.modules.aggregator' from '/usr/local/lib/python3.6/dist-packages/bzt/modules/aggregator.py'>
[2020-10-09 10:01:15,955 DEBUG Engine.consolidator] Buffer scaling setup: percentile 95.0 from [0.0, 50.0, 90.0, 95.0, 99.0, 99.9, 100.0] selected
[2020-10-09 10:01:15,956 DEBUG Engine] Module config: monitoring {'class': 'bzt.modules.monitoring.Monitoring'}
[2020-10-09 10:01:15,957 DEBUG root] Importing module: bzt.modules.monitoring
[2020-10-09 10:01:15,967 DEBUG root] Loading class: 'Monitoring' from <module 'bzt.modules.monitoring' from '/usr/local/lib/python3.6/dist-packages/bzt/modules/monitoring.py'>
[2020-10-09 10:01:15,968 DEBUG Engine] Module config: local {'class': 'bzt.modules.provisioning.Local'}
[2020-10-09 10:01:15,970 DEBUG root] Importing module: bzt.modules.provisioning
[2020-10-09 10:01:15,970 DEBUG root] Loading class: 'Local' from <module 'bzt.modules.provisioning' from '/usr/local/lib/python3.6/dist-packages/bzt/modules/provisioning.py'>
[2020-10-09 10:01:15,972 DEBUG Engine] Module config: jmeter {'class': 'bzt.modules.jmeter.JMeterExecutor', 'protocol-handlers': {'http': 'bzt.jmx.http.HTTPProtocolHandler'}, 'plugins': ['jpgc-casutg', 'jpgc-dummy', 'jpgc-ffw', 'jpgc-fifo', 'jpgc-functions', 'jpgc-json', 'jpgc-perfmon', 'jpgc-prmctl', 'jpgc-tst'], 'properties': {'jmeter.save.saveservice.autoflush': 'true', 'jmeter.save.saveservice.connect_time': 'true', 'jmeterengine.force.system.exit': 'true', 'summariser.name': ''}}
[2020-10-09 10:01:15,973 DEBUG root] Importing module: bzt.modules.jmeter
[2020-10-09 10:01:16,042 DEBUG root] Loading class: 'JMeterExecutor' from <module 'bzt.modules.jmeter' from '/usr/local/lib/python3.6/dist-packages/bzt/modules/jmeter.py'>
[2020-10-09 10:01:16,045 DEBUG Engine.local] Preparing executor: jmeter/140300983967360
[2020-10-09 10:01:16,070 DEBUG Engine] New artifact filename: /tmp/artifacts/jmeter-8.log
[2020-10-09 10:01:16,078 DEBUG Engine.jmeter] Checking if port 4445 is free
[2020-10-09 10:01:16,101 DEBUG Engine.jmeter] Port 4445 is free
[2020-10-09 10:01:16,103 DEBUG Engine.jmeter] Using port 4445 for management
[2020-10-09 10:01:16,225 DEBUG Engine] New artifact filename: /tmp/artifacts/requests-8.jmx
[2020-10-09 10:01:16,314 DEBUG root] Importing module: bzt.jmx.http
[2020-10-09 10:01:16,340 DEBUG root] Loading class: 'HTTPProtocolHandler' from <module 'bzt.jmx.http' from '/usr/local/lib/python3.6/dist-packages/bzt/jmx/http.py'>
[2020-10-09 10:01:16,350 DEBUG JMeterScenarioBuilder] Saving JMX to: /tmp/artifacts/requests-8.jmx
[2020-10-09 10:01:16,366 DEBUG Engine.jmeter] Additional system properties {'sun.net.inetaddr.ttl': 0}
[2020-10-09 10:01:16,436 DEBUG Engine] New artifact filename: /tmp/artifacts/system-8.properties
[2020-10-09 10:01:16,456 DEBUG Engine.jmeter] Additional properties: {'jmeter.save.saveservice.autoflush': 'true', 'jmeter.save.saveservice.connect_time': 'true', 'jmeterengine.force.system.exit': 'true', 'summariser.name': '', 'jmeterengine.nongui.port': 4445, 'jmeterengine.nongui.maxport': 4445, 'jmeter.save.saveservice.timestamp_format': 'ms', 'sampleresult.default.encoding': 'UTF-8', 'user.classpath': '/tmp/artifacts:/tmp/artifacts'}
[2020-10-09 10:01:16,490 DEBUG Engine] New artifact filename: /tmp/artifacts/jmeter-bzt-8.properties
[2020-10-09 10:01:16,497 DEBUG Engine.jmeter.JavaVM] Trying JavaVM: ['java', '-version']
[2020-10-09 10:01:16,498 DEBUG root] Executing shell: ['java', '-version'] at .
[2020-10-09 10:01:18,467 DEBUG Engine.jmeter.JavaVM] JavaVM output: openjdk version "1.8.0_265"
OpenJDK Runtime Environment (build 1.8.0_265-8u265-b01-0ubuntu2~18.04-b01)
OpenJDK 64-Bit Server VM (build 25.265-b01, mixed mode)

[2020-10-09 10:01:18,468 DEBUG Engine.jmeter.TclLibrary] We don't need to check tcl library on this platform
[2020-10-09 10:01:18,476 DEBUG Engine.jmeter.JMeter] Trying JMeter..
[2020-10-09 10:01:18,478 DEBUG root] Executing shell: ['/root/.bzt/jmeter-taurus/5.2.1/bin/jmeter.sh', '-j', '/tmp/jmeterfwy6dirnlog', '--version'] at .
[2020-10-09 10:01:27,800 DEBUG Engine.jmeter.JMeter] JMeter check:     _    ____   _    ____ _   _ _____       _ __  __ _____ _____ _____ ____
   / \  |  _ \ / \  / ___| | | | ____|     | |  \/  | ____|_   _| ____|  _ \
  / _ \ | |_) / _ \| |   | |_| |  _|    _  | | |\/| |  _|   | | |  _| | |_) |
 / ___ \|  __/ ___ \ |___|  _  | |___  | |_| | |  | | |___  | | | |___|  _ <
/_/   \_\_| /_/   \_\____|_| |_|_____|  \___/|_|  |_|_____| |_| |_____|_| \_\ 5.2.1

Copyright (c) 1999-2019 The Apache Software Foundation

 / 
[2020-10-09 10:01:28,029 DEBUG Engine] New artifact filename: /tmp/artifacts/kpi-8.jtl
[2020-10-09 10:01:28,048 DEBUG Engine] New artifact filename: /tmp/artifacts/error-8.jtl
[2020-10-09 10:01:28,050 DEBUG Engine.jmeter.LoadSettingsProcessor] Load: LoadSpec(concurrency=10, throughput=None, ramp_up=60.0, hold=150.0, iterations=0, duration=210.0, steps=None)
[2020-10-09 10:01:28,065 DEBUG Engine.jmeter.LoadSettingsProcessor.ThreadGroupHandler] Converting ThreadGroup (simple) to ConcurrencyThreadGroup and apply load parameters
[2020-10-09 10:01:28,067 DEBUG Engine] New artifact filename: /tmp/artifacts/modified_requests-8.jmx
[2020-10-09 10:01:28,068 DEBUG JMX] Saving JMX to: /tmp/artifacts/modified_requests-8.jmx
[2020-10-09 10:01:28,088 DEBUG root] Executing shell: ['/root/.bzt/jmeter-taurus/5.2.1/bin/PluginsManagerCMD.sh', 'install-for-jmx', '/tmp/artifacts/modified_requests-8.jmx'] at .
[2020-10-09 10:01:45,636 DEBUG Engine.jmeter.JMeter] Try to detect plugins for /tmp/artifacts/modified_requests-8.jmx
2020-10-09 10:01:32,657 INFO o.j.r.PluginManagerCMD: Command is: install-for-jmx
2020-10-09 10:01:33,007 INFO o.j.r.JARSourceHTTP: Requesting https://jmeter-plugins.org/repo/?installID=linux-ab704d7c704d703cdc3e2b7131768dc1-nongui
2020-10-09 10:01:41,705 INFO o.j.r.PluginManager: Plugins Status: [jpgc-functions=2.1, jpgc-casutg=2.9, jpgc-dummy=0.4, jpgc-ffw=2.0, jpgc-fifo=0.2, jpgc-json=2.7, jpgc-prmctl=0.4, jpgc-perfmon=2.1, jpgc-plugins-manager=1.3, jpgc-tst=2.5, jmeter-core=5.2.1, jmeter-ftp=5.2.1, jmeter-http=5.2.1, jmeter-jdbc=5.2.1, jmeter-jms=5.2.1, jmeter-junit=5.2.1, jmeter-java=5.2.1, jmeter-ldap=5.2.1, jmeter-mail=5.2.1, jmeter-mongodb=5.2.1, jmeter-native=5.2.1, jmeter-tcp=5.2.1, jmeter-components=5.2.1]
2020-10-09 10:01:41,716 INFO o.j.r.PluginManagerCMD: Params line is: /tmp/artifacts/modified_requests-8.jmx
2020-10-09 10:01:43,424 INFO o.a.j.s.SaveService: Testplan (JMX) version: 2.2. Testlog (JTL) version: 2.2
2020-10-09 10:01:43,536 INFO o.a.j.s.SaveService: Using SaveService properties file encoding UTF-8
2020-10-09 10:01:43,562 INFO o.a.j.s.SaveService: Using SaveService properties version 5.0
2020-10-09 10:01:44,008 INFO o.a.j.p.h.c.CacheManager: Will only cache the following methods: [GET]
2020-10-09 10:01:44,040 INFO o.a.j.p.h.c.CookieManager: Settings: Delete null: true Check: true Allow variable: true Save: false Prefix: COOKIE_
2020-10-09 10:01:44,765 INFO o.a.j.p.h.s.HTTPSamplerBase: Parser for text/html is org.apache.jmeter.protocol.http.parser.LagartoBasedHtmlParser
2020-10-09 10:01:44,767 INFO o.a.j.p.h.s.HTTPSamplerBase: Parser for application/xhtml+xml is org.apache.jmeter.protocol.http.parser.LagartoBasedHtmlParser
2020-10-09 10:01:44,768 INFO o.a.j.p.h.s.HTTPSamplerBase: Parser for application/xml is org.apache.jmeter.protocol.http.parser.LagartoBasedHtmlParser
2020-10-09 10:01:44,770 INFO o.a.j.p.h.s.HTTPSamplerBase: Parser for text/xml is org.apache.jmeter.protocol.http.parser.LagartoBasedHtmlParser
2020-10-09 10:01:44,771 INFO o.a.j.p.h.s.HTTPSamplerBase: Parser for text/vnd.wap.wml is org.apache.jmeter.protocol.http.parser.RegexpHTMLParser
2020-10-09 10:01:44,785 INFO o.a.j.p.h.s.HTTPSamplerBase: Parser for text/css is org.apache.jmeter.protocol.http.parser.CssParser
2020-10-09 10:01:45,475 INFO o.j.r.PluginManager: Finishing without changes


[2020-10-09 10:01:45,664 DEBUG Engine] New artifact filename: /tmp/artifacts/jmeter-8.out
[2020-10-09 10:01:45,759 DEBUG Engine] New artifact filename: /tmp/artifacts/jmeter-8.err
[2020-10-09 10:01:45,808 DEBUG Engine] Module config: final-stats {'class': 'bzt.modules.reporting.FinalStatus'}
[2020-10-09 10:01:45,824 DEBUG root] Importing module: bzt.modules.reporting
[2020-10-09 10:01:49,295 DEBUG easyprocess] version=0.3
[2020-10-09 10:01:49,313 DEBUG pyvirtualdisplay] version=1.3.2
[2020-10-09 10:01:49,337 DEBUG root] Loading class: 'FinalStatus' from <module 'bzt.modules.reporting' from '/usr/local/lib/python3.6/dist-packages/bzt/modules/reporting.py'>
[2020-10-09 10:01:49,339 DEBUG Engine] Module config: console {'class': 'bzt.modules.console.ConsoleStatusReporter'}
[2020-10-09 10:01:49,341 DEBUG root] Importing module: bzt.modules.console
[2020-10-09 10:01:49,342 DEBUG root] Loading class: 'ConsoleStatusReporter' from <module 'bzt.modules.console' from '/usr/local/lib/python3.6/dist-packages/bzt/modules/console.py'>
[2020-10-09 10:01:49,343 DEBUG Engine] Module config: passfail {'class': 'bzt.modules.passfail.PassFailStatus'}
[2020-10-09 10:01:49,345 DEBUG root] Importing module: bzt.modules.passfail
[2020-10-09 10:01:49,346 DEBUG root] Loading class: 'PassFailStatus' from <module 'bzt.modules.passfail' from '/usr/local/lib/python3.6/dist-packages/bzt/modules/passfail.py'>
[2020-10-09 10:01:49,347 DEBUG Engine] Module config: blazemeter {'class': 'bzt.modules.blazemeter.BlazeMeterUploader'}
[2020-10-09 10:01:49,348 DEBUG root] Importing module: bzt.modules.blazemeter
[2020-10-09 10:01:49,349 DEBUG root] Loading class: 'BlazeMeterUploader' from <module 'bzt.modules.blazemeter' from '/usr/local/lib/python3.6/dist-packages/bzt/modules/blazemeter.py'>
[2020-10-09 10:01:49,373 DEBUG root] Importing module: bzt.modules.passfail
[2020-10-09 10:01:49,374 DEBUG root] Loading class: 'DataCriterion' from <module 'bzt.modules.passfail' from '/usr/local/lib/python3.6/dist-packages/bzt/modules/passfail.py'>
[2020-10-09 10:01:49,375 DEBUG root] Importing module: bzt.modules.passfail
[2020-10-09 10:01:49,376 DEBUG root] Loading class: 'DataCriterion' from <module 'bzt.modules.passfail' from '/usr/local/lib/python3.6/dist-packages/bzt/modules/passfail.py'>
[2020-10-09 10:01:49,377 WARNING Engine.blazemeter] No BlazeMeter API key provided, will upload anonymously
[2020-10-09 10:01:49,378 DEBUG Engine.blazemeter] Installing http client
[2020-10-09 10:01:49,379 DEBUG User] Request: GET https://a.blazemeter.com/api/v4/web/version None
[2020-10-09 10:01:49,380 DEBUG HTTPClient] Making HTTP request GET https://a.blazemeter.com/api/v4/web/version
[2020-10-09 10:01:49,405 DEBUG urllib3.connectionpool] Starting new HTTPS connection (1): a.blazemeter.com:443
[2020-10-09 10:01:50,293 DEBUG urllib3.connectionpool] https://a.blazemeter.com:443 "GET /api/v4/web/version HTTP/1.1" 200 None
[2020-10-09 10:01:50,306 DEBUG User] Response [200]: {
    "api_version": 4,
    "error": null,
    "result": "BACKEND-CI/release-2020-09-29 12 release-2020-09-29 8d34455d3b7856a4e30fb53470881e712739c1d6 Thu Oct 1 10:07:57 2020 -0500 8d34455d3b7856a4e30fb53470881e712739c1d6\n",
    "request_id": "5f80350e33a
[2020-10-09 10:01:50,325 DEBUG Engine.Configuration] Dumping YAML config into /tmp/artifacts/effective.yml
[2020-10-09 10:01:50,365 DEBUG Engine.Configuration] Dumping JSON config into /tmp/artifacts/effective.json
[2020-10-09 10:01:50,369 INFO Engine] Starting...
[2020-10-09 10:01:50,372 DEBUG Engine] Startup <bzt.modules.monitoring.Monitoring object at 0x7f9a6b95cb38>
[2020-10-09 10:01:50,374 DEBUG Engine] Startup <bzt.modules.aggregator.ConsolidatingAggregator object at 0x7f9a6b95cd68>
[2020-10-09 10:01:50,377 DEBUG Engine] Startup <bzt.modules.reporting.FinalStatus object at 0x7f9a5e46e9e8>
[2020-10-09 10:01:50,379 DEBUG Engine] Startup <bzt.modules.console.ConsoleStatusReporter object at 0x7f9a5e46ecc0>
[2020-10-09 10:01:50,381 INFO Engine.console] Waiting for results...
[2020-10-09 10:01:50,383 DEBUG Engine] Startup <bzt.modules.passfail.PassFailStatus object at 0x7f9a5e49d7b8>
[2020-10-09 10:01:50,388 DEBUG Engine] Startup <bzt.modules.reporting.FinalStatus object at 0x7f9a5e447908>
[2020-10-09 10:01:50,390 DEBUG Engine] Startup <bzt.modules.blazemeter.BlazeMeterUploader object at 0x7f9a5e447c50>
[2020-10-09 10:01:50,396 INFO Engine.blazemeter] Initiating data feeding...
[2020-10-09 10:01:50,400 DEBUG User] Request: POST https://a.blazemeter.com/api/v4/sessions None
[2020-10-09 10:01:50,401 DEBUG HTTPClient] Making HTTP request POST https://a.blazemeter.com/api/v4/sessions
[2020-10-09 10:01:50,872 DEBUG urllib3.connectionpool] https://a.blazemeter.com:443 "POST /api/v4/sessions HTTP/1.1" 201 3435
[2020-10-09 10:01:50,876 DEBUG User] Response [201]: {
    "api_version": 4,
    "error": null,
    "result": {
        "session": {
            "id": "r-ext-5f80350e75bb7",
            "name": "external",
            "userId": 386483,
            "publicToken": "38tZOr6mVD0dC9FIwPGg1wPltu7SlsYb7cba2XlM2SJ4x
[2020-10-09 10:01:50,878 INFO Engine.blazemeter] Started data feeding: https://a.blazemeter.com/app/?public-token=38tZOr6mVD0dC9FIwPGg1wPltu7SlsYb7cba2XlM2SJ4xvMomg#reports/r-ext-5f80350e75bb7/summary
[2020-10-09 10:01:50,881 WARNING root] Can't open link in browser: could not locate runnable browser
[2020-10-09 10:01:50,884 DEBUG Engine] Startup <bzt.modules.provisioning.Local object at 0x7f9a5ebb56d8>
[2020-10-09 10:01:50,886 DEBUG Engine.local] Delay setup for jmeter/simple: 0(start-at) + 0(delay) = 0
[2020-10-09 10:01:50,916 DEBUG Engine.Configuration] Dumping YAML config into /tmp/artifacts/effective.yml
[2020-10-09 10:01:50,967 DEBUG Engine.Configuration] Dumping JSON config into /tmp/artifacts/effective.json
[2020-10-09 10:01:50,971 DEBUG root] Leveling down log file verbosity to INFO, use -v option to have DEBUG messages enabled
[2020-10-09 10:01:50,972 DEBUG root] Leveled up log file verbosity
[2020-10-09 10:01:50,973 DEBUG root] Executing shell: ['/root/.bzt/jmeter-taurus/5.2.1/bin/jmeter.sh', '-t', '/tmp/artifacts/modified_requests-8.jmx', '-j', '/tmp/artifacts/jmeter-8.log', '-q', '/tmp/artifacts/jmeter-bzt-8.properties', '-n', '-S', '/tmp/artifacts/system-8.properties'] at /bzt-configs
[2020-10-09 10:01:51,015 DEBUG Engine.local] Starting execution: jmeter/simple, rest of available slots: 9223372036854775806
[2020-10-09 10:01:51,017 DEBUG root] Leveling down log file verbosity to INFO, use -v option to have DEBUG messages enabled
[2020-10-09 10:01:51,504 INFO Engine.console] Waiting for finish...
[2020-10-09 10:02:12,591 INFO Engine.jmeter.JTLReader] Changed data analysis delay to 10s
[2020-10-09 10:02:31,098 INFO Engine.jmeter.JTLReader] Changed data analysis delay to 2s
[2020-10-09 10:02:31,343 INFO Engine.jmeter.JTLReader] Changed data analysis delay to 3s
[2020-10-09 10:02:37,662 INFO Engine.jmeter.JTLReader] Changed data analysis delay to 2s
[2020-10-09 10:03:39,523 INFO Engine.jmeter.JTLReader] Changed data analysis delay to 3s
[2020-10-09 10:03:51,553 INFO Engine.jmeter.JTLReader] Changed data analysis delay to 4s
[2020-10-09 10:04:02,504 INFO Engine.jmeter.JTLReader] Changed data analysis delay to 5s
[2020-10-09 10:04:22,717 INFO Engine.jmeter.JTLReader] Changed data analysis delay to 6s
[2020-10-09 10:05:36,956 WARNING Engine] Please wait for graceful shutdown...
[2020-10-09 10:05:36,974 DEBUG root] Leveled up log file verbosity
[2020-10-09 10:05:36,976 INFO Engine] Shutting down...
[2020-10-09 10:05:36,997 DEBUG Engine] Current stop reason: None
[2020-10-09 10:05:37,002 DEBUG Engine.local] Shutdown jmeter/simple
[2020-10-09 10:05:37,024 DEBUG Engine.console] Restoring logging streams, [<StreamHandler (INFO)>]/{<StreamHandler (INFO)>: <_io.TextIOWrapper name='<stdout>' mode='w' encoding='UTF-8'>}
[2020-10-09 10:05:37,048 DEBUG Engine.Configuration] Dumping YAML config into /tmp/artifacts/effective.yml
[2020-10-09 10:05:37,122 DEBUG Engine.Configuration] Dumping JSON config into /tmp/artifacts/effective.json
[2020-10-09 10:05:37,127 INFO Engine] Post-processing...
[2020-10-09 10:05:37,129 DEBUG Engine.local] Post-process jmeter/simple
[2020-10-09 10:05:37,131 DEBUG Engine] Add existing artifact (move=True): /tmp/artifacts/modified_requests-8.jmx
[2020-10-09 10:05:37,132 DEBUG Engine] No need to copy /tmp/artifacts/modified_requests-8.jmx
[2020-10-09 10:05:37,140 DEBUG Engine.jmeter.JTLReader] Buffer len: 6; Known errors count: 0
[2020-10-09 10:05:37,142 DEBUG Engine.jmeter.JTLReader] Aggregating: 1602237927, 6 in buffer
[2020-10-09 10:05:37,154 DEBUG Engine.jmeter.JTLReader] Aggregating: 1602237928, 5 in buffer
[2020-10-09 10:05:37,160 DEBUG Engine.jmeter.JTLReader] Aggregating: 1602237929, 4 in buffer
[2020-10-09 10:05:37,166 DEBUG Engine.jmeter.JTLReader] Aggregating: 1602237930, 3 in buffer
[2020-10-09 10:05:37,172 DEBUG Engine.jmeter.JTLReader] Aggregating: 1602237931, 2 in buffer
[2020-10-09 10:05:37,180 DEBUG Engine.jmeter.JTLReader] Aggregating: 1602237932, 1 in buffer
[2020-10-09 10:05:37,189 DEBUG Engine.jmeter.JTLReader] Buffer len: 0; Known errors count: 0
[2020-10-09 10:05:37,190 DEBUG Engine.consolidator] Consolidator buffer[8]: dict_keys([1602237925, 1602237926, 1602237927, 1602237928, 1602237929, 1602237930, 1602237931, 1602237932])
[2020-10-09 10:05:37,191 DEBUG Engine.consolidator] Merging into 1602237925
[2020-10-09 10:05:37,193 DEBUG Engine.consolidator] Bypassing consolidation because of single result
[2020-10-09 10:05:37,340 DEBUG Engine.passfail] No label IndexPage in dict_keys(['https://www.google.com', ''])
[2020-10-09 10:05:37,342 DEBUG Engine.passfail] No label CheckoutPage in dict_keys(['https://www.google.com', ''])
[2020-10-09 10:05:37,343 DEBUG Engine.consolidator] Processed datapoint: 1602237925/ConsolidatingAggregator@140301206670696
[2020-10-09 10:05:37,344 DEBUG Engine.consolidator] Merging into 1602237926
[2020-10-09 10:05:37,345 DEBUG Engine.consolidator] Bypassing consolidation because of single result
[2020-10-09 10:05:37,507 DEBUG Engine.passfail] No label IndexPage in dict_keys(['https://www.google.com', ''])
[2020-10-09 10:05:37,509 DEBUG Engine.passfail] No label CheckoutPage in dict_keys(['https://www.google.com', ''])
[2020-10-09 10:05:37,510 DEBUG Engine.consolidator] Processed datapoint: 1602237926/ConsolidatingAggregator@140301206670696
[2020-10-09 10:05:37,511 DEBUG Engine.consolidator] Merging into 1602237927
[2020-10-09 10:05:37,512 DEBUG Engine.consolidator] Bypassing consolidation because of single result
[2020-10-09 10:05:37,639 DEBUG Engine.passfail] No label IndexPage in dict_keys(['https://www.google.com', ''])
[2020-10-09 10:05:37,640 DEBUG Engine.passfail] No label CheckoutPage in dict_keys(['https://www.google.com', ''])
[2020-10-09 10:05:37,641 DEBUG Engine.consolidator] Processed datapoint: 1602237927/ConsolidatingAggregator@140301206670696
[2020-10-09 10:05:37,643 DEBUG Engine.consolidator] Merging into 1602237928
[2020-10-09 10:05:37,644 DEBUG Engine.consolidator] Bypassing consolidation because of single result
[2020-10-09 10:05:37,808 DEBUG Engine.passfail] No label IndexPage in dict_keys(['https://www.google.com', ''])
[2020-10-09 10:05:37,809 DEBUG Engine.passfail] No label CheckoutPage in dict_keys(['https://www.google.com', ''])
[2020-10-09 10:05:37,810 DEBUG Engine.consolidator] Processed datapoint: 1602237928/ConsolidatingAggregator@140301206670696
[2020-10-09 10:05:37,811 DEBUG Engine.consolidator] Merging into 1602237929
[2020-10-09 10:05:37,812 DEBUG Engine.consolidator] Bypassing consolidation because of single result
[2020-10-09 10:05:37,992 DEBUG Engine.passfail] No label IndexPage in dict_keys(['https://www.google.com', ''])
[2020-10-09 10:05:37,993 DEBUG Engine.passfail] No label CheckoutPage in dict_keys(['https://www.google.com', ''])
[2020-10-09 10:05:37,994 DEBUG Engine.consolidator] Processed datapoint: 1602237929/ConsolidatingAggregator@140301206670696
[2020-10-09 10:05:37,995 DEBUG Engine.consolidator] Merging into 1602237930
[2020-10-09 10:05:37,996 DEBUG Engine.consolidator] Bypassing consolidation because of single result
[2020-10-09 10:05:38,201 DEBUG Engine.passfail] No label IndexPage in dict_keys(['https://www.google.com', ''])
[2020-10-09 10:05:38,202 DEBUG Engine.passfail] No label CheckoutPage in dict_keys(['https://www.google.com', ''])
[2020-10-09 10:05:38,203 DEBUG Engine.consolidator] Processed datapoint: 1602237930/ConsolidatingAggregator@140301206670696
[2020-10-09 10:05:38,204 DEBUG Engine.consolidator] Merging into 1602237931
[2020-10-09 10:05:38,206 DEBUG Engine.consolidator] Bypassing consolidation because of single result
[2020-10-09 10:05:38,377 DEBUG Engine.passfail] No label IndexPage in dict_keys(['https://www.google.com', ''])
[2020-10-09 10:05:38,378 DEBUG Engine.passfail] No label CheckoutPage in dict_keys(['https://www.google.com', ''])
[2020-10-09 10:05:38,379 DEBUG Engine.consolidator] Processed datapoint: 1602237931/ConsolidatingAggregator@140301206670696
[2020-10-09 10:05:38,380 DEBUG Engine.consolidator] Merging into 1602237932
[2020-10-09 10:05:38,381 DEBUG Engine.consolidator] Bypassing consolidation because of single result
[2020-10-09 10:05:38,553 DEBUG Engine.passfail] No label IndexPage in dict_keys(['https://www.google.com', ''])
[2020-10-09 10:05:38,554 DEBUG Engine.passfail] No label CheckoutPage in dict_keys(['https://www.google.com', ''])
[2020-10-09 10:05:38,555 DEBUG Engine.consolidator] Processed datapoint: 1602237932/ConsolidatingAggregator@140301206670696
[2020-10-09 10:05:38,556 INFO Engine.final-stats] Test duration: 0:03:47
[2020-10-09 10:05:38,577 INFO Engine.final-stats] Samples count: 1085, 0.00% failures
[2020-10-09 10:05:38,595 INFO Engine.final-stats] Average times: total 0.915, latency 0.819, connect 0.296
[2020-10-09 10:05:38,668 INFO Engine.final-stats] Percentiles:
(0lqqqqqqqqqqqqqqqwqqqqqqqqqqqqqqqk(B
(0x(B Percentile, % (0x(B Resp. Time, s (0x(B
(0tqqqqqqqqqqqqqqqnqqqqqqqqqqqqqqqu(B
(0x(B           0.0 (0x(B         0.269 (0x(B
(0x(B          50.0 (0x(B         0.404 (0x(B
(0x(B          90.0 (0x(B         2.498 (0x(B
(0x(B          95.0 (0x(B         2.998 (0x(B
(0x(B          99.0 (0x(B         3.376 (0x(B
(0x(B          99.9 (0x(B          4.98 (0x(B
(0x(B         100.0 (0x(B        79.808 (0x(B
(0mqqqqqqqqqqqqqqqvqqqqqqqqqqqqqqqj(B
[2020-10-09 10:05:38,756 INFO Engine.final-stats] Request label stats:
(0lqqqqqqqqqqqqqqqqqqqqqqqqwqqqqqqqqwqqqqqqqqqwqqqqqqqqwqqqqqqqk(B
(0x(B label                  (0x(B status (0x(B    succ (0x(B avg_rt (0x(B error (0x(B
(0tqqqqqqqqqqqqqqqqqqqqqqqqnqqqqqqqqnqqqqqqqqqnqqqqqqqqnqqqqqqqu(B
(0x(B https://www.google.com (0x(B   OK   (0x(B 100.00% (0x(B  0.915 (0x(B       (0x(B
(0mqqqqqqqqqqqqqqqqqqqqqqqqvqqqqqqqqvqqqqqqqqqvqqqqqqqqvqqqqqqqj(B
[2020-10-09 10:05:38,761 DEBUG Engine.console] No logger_handler or orig_stream was detected
[2020-10-09 10:05:38,763 INFO Engine.final-stats] Test duration: 0:03:47
[2020-10-09 10:05:38,774 INFO Engine.final-stats] Samples count: 1085, 0.00% failures
[2020-10-09 10:05:38,779 INFO Engine.final-stats] Average times: total 0.915, latency 0.819, connect 0.296
[2020-10-09 10:05:38,784 INFO Engine.final-stats] Percentiles:
(0lqqqqqqqqqqqqqqqwqqqqqqqqqqqqqqqk(B
(0x(B Percentile, % (0x(B Resp. Time, s (0x(B
(0tqqqqqqqqqqqqqqqnqqqqqqqqqqqqqqqu(B
(0x(B           0.0 (0x(B         0.269 (0x(B
(0x(B          50.0 (0x(B         0.404 (0x(B
(0x(B          90.0 (0x(B         2.498 (0x(B
(0x(B          95.0 (0x(B         2.998 (0x(B
(0x(B          99.0 (0x(B         3.376 (0x(B
(0x(B          99.9 (0x(B          4.98 (0x(B
(0x(B         100.0 (0x(B        79.808 (0x(B
(0mqqqqqqqqqqqqqqqvqqqqqqqqqqqqqqqj(B
[2020-10-09 10:05:38,787 INFO Engine.final-stats] Dumping final status as XML: p.output.xml
[2020-10-09 10:05:38,958 INFO Engine.final-stats] Dumping final status as CSV: p.output.csv
[2020-10-09 10:05:38,984 DEBUG Engine.blazemeter] KPI bulk buffer len in post-proc: 13
[2020-10-09 10:05:38,986 INFO Engine.blazemeter] Sending remaining KPI data to server...
[2020-10-09 10:05:39,377 DEBUG User] Request: POST https://data.blazemeter.com/submit.php?session_id=r-ext-5f80350e75bb7&signature=ci1leHQtNWY4MDM1MGU3NWJiNzoxNjAzNDQ3MzEwOjcxNGJmMDA0OGRmZjYzZjkyZjYzN2I1NGRiNWY1ZDdhYjYzMWViNzQwNGYyYjBiMmVmYjc2NmFiYjNhOTZlYjE4NDExZWJhNDFiNThlZTJjZmVkMjk4MGE2MTIyYWY5MDM2MDMxZmUyYTE0MjkxN2QxOGE3NTQ0NDM5ZDEzMmMw&test_id=8576261&user_id=386483&pq=0&target=labels_bulk&update=1 b'{\n "labels": [\n  {\n   "n": 1085,\n   "name": "ALL",\n   "interval": 1,\n   "intervals": [\n    {\n     "ec": 0,\n     "ts": 1602237920,\n     "na": 10,\n     "n": 6,\n     "failed": 0,\n     "rc": [\n      {\n       "n": 6,\n       "f": [],\n       "rc": "200"\n      }\n '
[2020-10-09 10:05:39,378 DEBUG HTTPClient] Making HTTP request POST https://data.blazemeter.com/submit.php?session_id=r-ext-5f80350e75bb7&signature=ci1leHQtNWY4MDM1MGU3NWJiNzoxNjAzNDQ3MzEwOjcxNGJmMDA0OGRmZjYzZjkyZjYzN2I1NGRiNWY1ZDdhYjYzMWViNzQwNGYyYjBiMmVmYjc2NmFiYjNhOTZlYjE4NDExZWJhNDFiNThlZTJjZmVkMjk4MGE2MTIyYWY5MDM2MDMxZmUyYTE0MjkxN2QxOGE3NTQ0NDM5ZDEzMmMw&test_id=8576261&user_id=386483&pq=0&target=labels_bulk&update=1
[2020-10-09 10:05:39,598 DEBUG urllib3.connectionpool] https://data.blazemeter.com:443 "POST /submit.php?session_id=r-ext-5f80350e75bb7&signature=ci1leHQtNWY4MDM1MGU3NWJiNzoxNjAzNDQ3MzEwOjcxNGJmMDA0OGRmZjYzZjkyZjYzN2I1NGRiNWY1ZDdhYjYzMWViNzQwNGYyYjBiMmVmYjc2NmFiYjNhOTZlYjE4NDExZWJhNDFiNThlZTJjZmVkMjk4MGE2MTIyYWY5MDM2MDMxZmUyYTE0MjkxN2QxOGE3NTQ0NDM5ZDEzMmMw&test_id=8576261&user_id=386483&pq=0&target=labels_bulk&update=1 HTTP/1.1" 200 140
[2020-10-09 10:05:39,602 DEBUG User] Response [200]: {"api_version":2,"error":null,"result":{"session":{"_id":"r-ext-5f80350e75bb7","name":"external","statusCode":100,"status":"INITIALIZING"}}}
[2020-10-09 10:05:39,637 DEBUG User] Request: POST https://data.blazemeter.com/api/v4/image/r-ext-5f80350e75bb7/files?signature=ci1leHQtNWY4MDM1MGU3NWJiNzoxNjAzNDQ3MzEwOjcxNGJmMDA0OGRmZjYzZjkyZjYzN2I1NGRiNWY1ZDdhYjYzMWViNzQwNGYyYjBiMmVmYjc2NmFiYjNhOTZlYjE4NDExZWJhNDFiNThlZTJjZmVkMjk4MGE2MTIyYWY5MDM2MDMxZmUyYTE0MjkxN2QxOGE3NTQ0NDM5ZDEzMmMw&masterId=31374096 b'--===============3527014575184432251==\r\nContent-Disposition: file; name="file"; filename="r-ext-5f80350e75bb7-0-c.monitoring.json"\r\nContent-Type: application/json\r\n\r\n{\n "reportInfo": {\n  "sessionId": "r-ext-5f80350e75bb7",\n  "timestamp": 1602237939.6111581'
[2020-10-09 10:05:39,638 DEBUG HTTPClient] Making HTTP request POST https://data.blazemeter.com/api/v4/image/r-ext-5f80350e75bb7/files?signature=ci1leHQtNWY4MDM1MGU3NWJiNzoxNjAzNDQ3MzEwOjcxNGJmMDA0OGRmZjYzZjkyZjYzN2I1NGRiNWY1ZDdhYjYzMWViNzQwNGYyYjBiMmVmYjc2NmFiYjNhOTZlYjE4NDExZWJhNDFiNThlZTJjZmVkMjk4MGE2MTIyYWY5MDM2MDMxZmUyYTE0MjkxN2QxOGE3NTQ0NDM5ZDEzMmMw&masterId=31374096
[2020-10-09 10:05:40,290 DEBUG urllib3.connectionpool] https://data.blazemeter.com:443 "POST /api/v4/image/r-ext-5f80350e75bb7/files?signature=ci1leHQtNWY4MDM1MGU3NWJiNzoxNjAzNDQ3MzEwOjcxNGJmMDA0OGRmZjYzZjkyZjYzN2I1NGRiNWY1ZDdhYjYzMWViNzQwNGYyYjBiMmVmYjc2NmFiYjNhOTZlYjE4NDExZWJhNDFiNThlZTJjZmVkMjk4MGE2MTIyYWY5MDM2MDMxZmUyYTE0MjkxN2QxOGE3NTQ0NDM5ZDEzMmMw&masterId=31374096 HTTP/1.1" 200 151
[2020-10-09 10:05:40,296 DEBUG User] Response [200]: {
    "api_version": 4,
    "error": null,
    "result": [
        "r-ext-5f80350e75bb7-0-c.monitoring.json"
    ],
    "request_id": "5f8035f3ba72b"
}
[2020-10-09 10:05:40,299 DEBUG Engine.blazemeter] Set last check time to: 1602237709.350061
[2020-10-09 10:05:40,301 INFO Engine.blazemeter] Ending data feeding...
[2020-10-09 10:05:40,303 DEBUG User] Request: POST https://a.blazemeter.com/api/v4/sessions/r-ext-5f80350e75bb7/terminate-external {
 "signature": "ci1leHQtNWY4MDM1MGU3NWJiNzoxNjAzNDQ3MzEwOjcxNGJmMDA0OGRmZjYzZjkyZjYzN2I1NGRiNWY1ZDdhYjYzMWViNzQwNGYyYjBiMmVmYjc2NmFiYjNhOTZlYjE4NDExZWJhNDFiNThlZTJjZmVkMjk4MGE2MTIyYWY5MDM2MDMxZmUyYTE0MjkxN2QxOGE3NTQ0NDM5ZDEzMmMw",
 "testId": 8576261,
 "se
[2020-10-09 10:05:40,306 DEBUG HTTPClient] Making HTTP request POST https://a.blazemeter.com/api/v4/sessions/r-ext-5f80350e75bb7/terminate-external
[2020-10-09 10:05:40,310 DEBUG urllib3.connectionpool] Resetting dropped connection: a.blazemeter.com
[2020-10-09 10:05:41,110 DEBUG urllib3.connectionpool] https://a.blazemeter.com:443 "POST /api/v4/sessions/r-ext-5f80350e75bb7/terminate-external HTTP/1.1" 200 None
[2020-10-09 10:05:41,116 DEBUG User] Response [200]: {
    "api_version": 4,
    "error": null,
    "result": {
        "success": "Terminating",
        "session": {
            "id": "r-ext-5f80350e75bb7",
            "name": "external",
            "userId": 386483,
            "publicToken": "38tZOr6mVD0
[2020-10-09 10:05:41,122 INFO Engine.blazemeter] Online report link: https://a.blazemeter.com/app/?public-token=38tZOr6mVD0dC9FIwPGg1wPltu7SlsYb7cba2XlM2SJ4xvMomg#reports/r-ext-5f80350e75bb7/summary
[2020-10-09 10:05:41,135 DEBUG Engine.Configuration] Dumping YAML config into /tmp/artifacts/effective.yml
[2020-10-09 10:05:41,184 DEBUG Engine.Configuration] Dumping JSON config into /tmp/artifacts/effective.json
[2020-10-09 10:05:41,190 INFO root] Artifacts dir: /tmp/artifacts
[2020-10-09 10:05:41,192 INFO root] Done performing with code: 0
[2020-10-09 10:05:41,194 DEBUG root] Closing log handler: /tmp/artifacts/bzt.log
[2020-10-19 21:10:18,729 INFO root] Taurus CLI Tool v1.15.0
[2020-10-19 21:10:18,735 DEBUG root] Command-line options: {'log': '/tmp/artifacts/bzt.log', 'option': None, 'quiet': None, 'verbose': None, 'no_system_configs': None, 'aliases': ['report']}
[2020-10-19 21:10:18,739 DEBUG root] Python: CPython 3.6.9
[2020-10-19 21:10:18,741 DEBUG root] OS: uname_result(system='Linux', node='a11b38d1c35c', release='4.19.76-linuxkit', version='#1 SMP Tue May 26 11:42:35 UTC 2020', machine='x86_64', processor='x86_64')
[2020-10-19 21:10:18,744 INFO root] Starting with configs: ['perf/perf_scripts/test.yml']
[2020-10-19 21:10:18,752 DEBUG root] Using personal config: /root/.bzt-rc
[2020-10-19 21:10:18,753 INFO Engine] Configuring...
[2020-10-19 21:10:18,777 DEBUG Engine] Reading system configs from: /etc/bzt.d
[2020-10-19 21:10:19,832 DEBUG Engine] Base configs list: ['/usr/local/lib/python3.6/dist-packages/bzt/resources/10-base-config.yml', '/etc/bzt.d/50-pbench-enhanced.json', '/etc/bzt.d/90-artifacts-dir.json', '/etc/bzt.d/99-zinstallID.json']
[2020-10-19 21:10:19,834 DEBUG Engine.Configuration] Configs: ['/usr/local/lib/python3.6/dist-packages/bzt/resources/10-base-config.yml', '/etc/bzt.d/50-pbench-enhanced.json', '/etc/bzt.d/90-artifacts-dir.json', '/etc/bzt.d/99-zinstallID.json']
[2020-10-19 21:10:19,842 DEBUG Engine.Configuration] Reading /usr/local/lib/python3.6/dist-packages/bzt/resources/10-base-config.yml as YAML
[2020-10-19 21:10:19,889 DEBUG Engine.Configuration] Reading /etc/bzt.d/50-pbench-enhanced.json as YAML
[2020-10-19 21:10:19,897 DEBUG Engine.Configuration] Reading /etc/bzt.d/90-artifacts-dir.json as YAML
[2020-10-19 21:10:19,902 DEBUG Engine.Configuration] Reading /etc/bzt.d/99-zinstallID.json as YAML
[2020-10-19 21:10:19,903 DEBUG Engine] User configs list: ['/root/.bzt-rc', 'perf/perf_scripts/test.yml']
[2020-10-19 21:10:19,904 DEBUG Engine.Configuration] Configs: ['/root/.bzt-rc', 'perf/perf_scripts/test.yml']
[2020-10-19 21:10:19,908 DEBUG Engine.Configuration] Reading /root/.bzt-rc as YAML
[2020-10-19 21:10:19,916 ERROR root] Config Error: Error when reading config file 'perf/perf_scripts/test.yml': [Errno 2] No such file or directory: 'perf/perf_scripts/test.yml'
[2020-10-19 21:10:19,946 DEBUG root] TaurusConfigError: Error when reading config file 'perf/perf_scripts/test.yml': [Errno 2] No such file or directory: 'perf/perf_scripts/test.yml'
  File "/usr/local/lib/python3.6/dist-packages/bzt/cli.py", line 255, in perform
    self.__configure(configs)
  File "/usr/local/lib/python3.6/dist-packages/bzt/cli.py", line 168, in __configure
    merged_config = self.engine.configure([bzt_rc] + configs, not self.options.no_system_configs)
  File "/usr/local/lib/python3.6/dist-packages/bzt/engine/engine.py", line 123, in configure
    merged_config = self._load_user_configs(user_configs)
  File "/usr/local/lib/python3.6/dist-packages/bzt/engine/engine.py", line 600, in _load_user_configs
    self.config.load(user_configs)
  File "/usr/local/lib/python3.6/dist-packages/bzt/engine/dicts.py", line 170, in load
    raise TaurusConfigError("Error when reading config file '%s': %s" % (config_file, exc))
[2020-10-19 21:10:19,950 INFO Engine] Post-processing...
[2020-10-19 21:10:19,958 INFO root] Artifacts dir: None
[2020-10-19 21:10:19,963 INFO root] Log file: /tmp/artifacts/bzt.log
[2020-10-19 21:10:19,984 WARNING root] Done performing with code: 1
[2020-10-19 21:10:19,995 DEBUG root] Closing log handler: /tmp/artifacts/bzt.log
[2020-10-19 21:10:52,068 INFO root] Taurus CLI Tool v1.15.0
[2020-10-19 21:10:52,072 DEBUG root] Command-line options: {'log': '/tmp/artifacts/bzt.log', 'option': None, 'quiet': None, 'verbose': None, 'no_system_configs': None, 'aliases': ['report']}
[2020-10-19 21:10:52,074 DEBUG root] Python: CPython 3.6.9
[2020-10-19 21:10:52,076 DEBUG root] OS: uname_result(system='Linux', node='03acf0085402', release='4.19.76-linuxkit', version='#1 SMP Tue May 26 11:42:35 UTC 2020', machine='x86_64', processor='x86_64')
[2020-10-19 21:10:52,079 INFO root] Starting with configs: ['/perf/perf_scripts/test.yml']
[2020-10-19 21:10:52,082 DEBUG root] Using personal config: /root/.bzt-rc
[2020-10-19 21:10:52,085 INFO Engine] Configuring...
[2020-10-19 21:10:52,091 DEBUG Engine] Reading system configs from: /etc/bzt.d
[2020-10-19 21:10:52,256 DEBUG Engine] Base configs list: ['/usr/local/lib/python3.6/dist-packages/bzt/resources/10-base-config.yml', '/etc/bzt.d/50-pbench-enhanced.json', '/etc/bzt.d/90-artifacts-dir.json', '/etc/bzt.d/99-zinstallID.json']
[2020-10-19 21:10:52,257 DEBUG Engine.Configuration] Configs: ['/usr/local/lib/python3.6/dist-packages/bzt/resources/10-base-config.yml', '/etc/bzt.d/50-pbench-enhanced.json', '/etc/bzt.d/90-artifacts-dir.json', '/etc/bzt.d/99-zinstallID.json']
[2020-10-19 21:10:52,259 DEBUG Engine.Configuration] Reading /usr/local/lib/python3.6/dist-packages/bzt/resources/10-base-config.yml as YAML
[2020-10-19 21:10:52,297 DEBUG Engine.Configuration] Reading /etc/bzt.d/50-pbench-enhanced.json as YAML
[2020-10-19 21:10:52,299 DEBUG Engine.Configuration] Reading /etc/bzt.d/90-artifacts-dir.json as YAML
[2020-10-19 21:10:52,301 DEBUG Engine.Configuration] Reading /etc/bzt.d/99-zinstallID.json as YAML
[2020-10-19 21:10:52,302 DEBUG Engine] User configs list: ['/root/.bzt-rc', '/perf/perf_scripts/test.yml']
[2020-10-19 21:10:52,303 DEBUG Engine.Configuration] Configs: ['/root/.bzt-rc', '/perf/perf_scripts/test.yml']
[2020-10-19 21:10:52,305 DEBUG Engine.Configuration] Reading /root/.bzt-rc as YAML
[2020-10-19 21:10:52,314 ERROR root] Config Error: Error when reading config file '/perf/perf_scripts/test.yml': [Errno 2] No such file or directory: '/perf/perf_scripts/test.yml'
[2020-10-19 21:10:52,318 DEBUG root] TaurusConfigError: Error when reading config file '/perf/perf_scripts/test.yml': [Errno 2] No such file or directory: '/perf/perf_scripts/test.yml'
  File "/usr/local/lib/python3.6/dist-packages/bzt/cli.py", line 255, in perform
    self.__configure(configs)
  File "/usr/local/lib/python3.6/dist-packages/bzt/cli.py", line 168, in __configure
    merged_config = self.engine.configure([bzt_rc] + configs, not self.options.no_system_configs)
  File "/usr/local/lib/python3.6/dist-packages/bzt/engine/engine.py", line 123, in configure
    merged_config = self._load_user_configs(user_configs)
  File "/usr/local/lib/python3.6/dist-packages/bzt/engine/engine.py", line 600, in _load_user_configs
    self.config.load(user_configs)
  File "/usr/local/lib/python3.6/dist-packages/bzt/engine/dicts.py", line 170, in load
    raise TaurusConfigError("Error when reading config file '%s': %s" % (config_file, exc))
[2020-10-19 21:10:52,319 INFO Engine] Post-processing...
[2020-10-19 21:10:52,320 INFO root] Artifacts dir: None
[2020-10-19 21:10:52,323 INFO root] Log file: /tmp/artifacts/bzt.log
[2020-10-19 21:10:52,326 WARNING root] Done performing with code: 1
[2020-10-19 21:10:52,330 DEBUG root] Closing log handler: /tmp/artifacts/bzt.log
[2020-10-19 21:11:13,236 INFO root] Taurus CLI Tool v1.15.0
[2020-10-19 21:11:13,238 DEBUG root] Command-line options: {'log': '/tmp/artifacts/bzt.log', 'option': None, 'quiet': None, 'verbose': None, 'no_system_configs': None, 'aliases': ['report']}
[2020-10-19 21:11:13,240 DEBUG root] Python: CPython 3.6.9
[2020-10-19 21:11:13,241 DEBUG root] OS: uname_result(system='Linux', node='74fa43edb5ff', release='4.19.76-linuxkit', version='#1 SMP Tue May 26 11:42:35 UTC 2020', machine='x86_64', processor='x86_64')
[2020-10-19 21:11:13,243 INFO root] Starting with configs: ['test.yml']
[2020-10-19 21:11:13,245 DEBUG root] Using personal config: /root/.bzt-rc
[2020-10-19 21:11:13,247 INFO Engine] Configuring...
[2020-10-19 21:11:13,250 DEBUG Engine] Reading system configs from: /etc/bzt.d
[2020-10-19 21:11:13,713 DEBUG Engine] Base configs list: ['/usr/local/lib/python3.6/dist-packages/bzt/resources/10-base-config.yml', '/etc/bzt.d/50-pbench-enhanced.json', '/etc/bzt.d/90-artifacts-dir.json', '/etc/bzt.d/99-zinstallID.json']
[2020-10-19 21:11:13,715 DEBUG Engine.Configuration] Configs: ['/usr/local/lib/python3.6/dist-packages/bzt/resources/10-base-config.yml', '/etc/bzt.d/50-pbench-enhanced.json', '/etc/bzt.d/90-artifacts-dir.json', '/etc/bzt.d/99-zinstallID.json']
[2020-10-19 21:11:13,716 DEBUG Engine.Configuration] Reading /usr/local/lib/python3.6/dist-packages/bzt/resources/10-base-config.yml as YAML
[2020-10-19 21:11:13,760 DEBUG Engine.Configuration] Reading /etc/bzt.d/50-pbench-enhanced.json as YAML
[2020-10-19 21:11:13,762 DEBUG Engine.Configuration] Reading /etc/bzt.d/90-artifacts-dir.json as YAML
[2020-10-19 21:11:13,764 DEBUG Engine.Configuration] Reading /etc/bzt.d/99-zinstallID.json as YAML
[2020-10-19 21:11:13,765 DEBUG Engine] User configs list: ['/root/.bzt-rc', 'test.yml']
[2020-10-19 21:11:13,766 DEBUG Engine.Configuration] Configs: ['/root/.bzt-rc', 'test.yml']
[2020-10-19 21:11:13,767 DEBUG Engine.Configuration] Reading /root/.bzt-rc as YAML
[2020-10-19 21:11:13,790 DEBUG Engine.Configuration] Reading test.yml as YAML
[2020-10-19 21:11:13,797 DEBUG Engine.Configuration] Configs: ['/root/.bzt-rc', 'test.yml']
[2020-10-19 21:11:13,804 DEBUG Engine.Configuration] Reading /root/.bzt-rc as YAML
[2020-10-19 21:11:13,819 DEBUG Engine.Configuration] Reading test.yml as YAML
[2020-10-19 21:11:13,877 DEBUG Engine] Requesting updates info: https://gettaurus.org/updates/?version=1.15.0&installID=Docker
[2020-10-19 21:11:13,880 DEBUG HTTPClient] Making HTTP request GET https://gettaurus.org/updates/?version=1.15.0&installID=Docker
[2020-10-19 21:11:13,879 INFO Engine] Artifacts dir: /tmp/artifacts
[2020-10-19 21:11:13,898 DEBUG Engine] New artifact filename: /tmp/artifacts/effective
[2020-10-19 21:11:13,899 DEBUG urllib3.connectionpool] Starting new HTTPS connection (1): gettaurus.org:443
[2020-10-19 21:11:13,919 DEBUG Engine.Configuration] Dumping YAML config into /tmp/artifacts/effective.yml
[2020-10-19 21:11:13,960 DEBUG Engine.Configuration] Dumping JSON config into /tmp/artifacts/effective.json
[2020-10-19 21:11:13,981 DEBUG Engine] New artifact filename: /tmp/artifacts/merged-9.yml
[2020-10-19 21:11:13,984 DEBUG Engine.Configuration] Dumping YAML config into /tmp/artifacts/merged-9.yml
[2020-10-19 21:11:14,006 DEBUG Engine] New artifact filename: /tmp/artifacts/merged-9.json
[2020-10-19 21:11:14,010 DEBUG Engine.Configuration] Dumping JSON config into /tmp/artifacts/merged-9.json
[2020-10-19 21:11:14,013 DEBUG Engine] Add existing artifact (move=False): test.yml
[2020-10-19 21:11:14,016 DEBUG Engine] Copying test.yml to /tmp/artifacts/test.yml
[2020-10-19 21:11:14,037 DEBUG Engine] Set PYTHONPATH to '/root/.bzt/python-packages/3.6.9' + '/tmp/artifacts/python-packages/3.6.9' + 
[2020-10-19 21:11:14,048 DEBUG Engine] Content of user packages dir: %s
[2020-10-19 21:11:14,051 DEBUG Engine] OS env: OBJC_DISABLE_INITIALIZE_FORK_SAFETY=YES
[2020-10-19 21:11:14,052 DEBUG Engine] OS env: TAURUS_ARTIFACTS_DIR=/tmp/artifacts
[2020-10-19 21:11:14,052 DEBUG root] Closing log handler: /tmp/artifacts/bzt.log
[2020-10-19 21:11:14,059 DEBUG root] Switched writing logs to /tmp/artifacts/bzt.log
[2020-10-19 21:11:14,060 DEBUG root] Linting config
[2020-10-19 21:11:14,063 INFO Engine] Preparing...
[2020-10-19 21:11:14,066 DEBUG Engine] Module config: consolidator {'class': 'bzt.modules.aggregator.ConsolidatingAggregator'}
[2020-10-19 21:11:14,068 DEBUG root] Importing module: bzt.modules.aggregator
[2020-10-19 21:11:15,211 DEBUG root] Loading class: 'ConsolidatingAggregator' from <module 'bzt.modules.aggregator' from '/usr/local/lib/python3.6/dist-packages/bzt/modules/aggregator.py'>
[2020-10-19 21:11:15,212 DEBUG Engine.consolidator] Buffer scaling setup: percentile 95.0 from [0.0, 50.0, 90.0, 95.0, 99.0, 99.9, 100.0] selected
[2020-10-19 21:11:15,213 DEBUG Engine] Module config: monitoring {'class': 'bzt.modules.monitoring.Monitoring'}
[2020-10-19 21:11:15,214 DEBUG root] Importing module: bzt.modules.monitoring
[2020-10-19 21:11:15,220 DEBUG root] Loading class: 'Monitoring' from <module 'bzt.modules.monitoring' from '/usr/local/lib/python3.6/dist-packages/bzt/modules/monitoring.py'>
[2020-10-19 21:11:15,221 DEBUG Engine] Module config: local {'class': 'bzt.modules.provisioning.Local'}
[2020-10-19 21:11:15,222 DEBUG root] Importing module: bzt.modules.provisioning
[2020-10-19 21:11:15,223 DEBUG root] Loading class: 'Local' from <module 'bzt.modules.provisioning' from '/usr/local/lib/python3.6/dist-packages/bzt/modules/provisioning.py'>
[2020-10-19 21:11:15,226 DEBUG Engine] Module config: jmeter {'class': 'bzt.modules.jmeter.JMeterExecutor', 'protocol-handlers': {'http': 'bzt.jmx.http.HTTPProtocolHandler'}, 'plugins': ['jpgc-casutg', 'jpgc-dummy', 'jpgc-ffw', 'jpgc-fifo', 'jpgc-functions', 'jpgc-json', 'jpgc-perfmon', 'jpgc-prmctl', 'jpgc-tst'], 'properties': {'jmeter.save.saveservice.autoflush': 'true', 'jmeter.save.saveservice.connect_time': 'true', 'jmeterengine.force.system.exit': 'true', 'summariser.name': ''}}
[2020-10-19 21:11:15,233 DEBUG root] Importing module: bzt.modules.jmeter
[2020-10-19 21:11:15,304 DEBUG root] Loading class: 'JMeterExecutor' from <module 'bzt.modules.jmeter' from '/usr/local/lib/python3.6/dist-packages/bzt/modules/jmeter.py'>
[2020-10-19 21:11:15,311 DEBUG Engine.local] Preparing executor: jmeter/140095068528936
[2020-10-19 21:11:15,351 DEBUG Engine] New artifact filename: /tmp/artifacts/jmeter-9.log
[2020-10-19 21:11:15,352 DEBUG Engine.jmeter] Checking if port 4445 is free
[2020-10-19 21:11:15,360 DEBUG Engine.jmeter] Port 4445 is free
[2020-10-19 21:11:15,364 DEBUG Engine.jmeter] Using port 4445 for management
[2020-10-19 21:11:15,482 DEBUG Engine] New artifact filename: /tmp/artifacts/requests-9.jmx
[2020-10-19 21:11:15,510 DEBUG root] Importing module: bzt.jmx.http
[2020-10-19 21:11:15,516 DEBUG root] Loading class: 'HTTPProtocolHandler' from <module 'bzt.jmx.http' from '/usr/local/lib/python3.6/dist-packages/bzt/jmx/http.py'>
[2020-10-19 21:11:15,521 DEBUG JMeterScenarioBuilder] Saving JMX to: /tmp/artifacts/requests-9.jmx
[2020-10-19 21:11:15,533 DEBUG Engine.jmeter] Additional system properties {'sun.net.inetaddr.ttl': 0}
[2020-10-19 21:11:15,546 DEBUG Engine] New artifact filename: /tmp/artifacts/system-9.properties
[2020-10-19 21:11:15,551 DEBUG Engine.jmeter] Additional properties: {'jmeter.save.saveservice.autoflush': 'true', 'jmeter.save.saveservice.connect_time': 'true', 'jmeterengine.force.system.exit': 'true', 'summariser.name': '', 'jmeterengine.nongui.port': 4445, 'jmeterengine.nongui.maxport': 4445, 'jmeter.save.saveservice.timestamp_format': 'ms', 'sampleresult.default.encoding': 'UTF-8', 'user.classpath': '/tmp/artifacts:/tmp/artifacts'}
[2020-10-19 21:11:15,568 DEBUG Engine] New artifact filename: /tmp/artifacts/jmeter-bzt-9.properties
[2020-10-19 21:11:15,573 DEBUG Engine.jmeter.JavaVM] Trying JavaVM: ['java', '-version']
[2020-10-19 21:11:15,574 DEBUG root] Executing shell: ['java', '-version'] at .
[2020-10-19 21:11:16,614 DEBUG urllib3.connectionpool] https://gettaurus.org:443 "GET /updates/?version=1.15.0&installID=Docker HTTP/1.1" 200 40
[2020-10-19 21:11:16,620 DEBUG Engine] Taurus updates info: {'latest': '1.15.0', 'needsUpgrade': False}
[2020-10-19 21:11:16,624 DEBUG Engine] Installation is up-to-date
[2020-10-19 21:11:17,279 DEBUG Engine.jmeter.JavaVM] JavaVM output: openjdk version "1.8.0_265"
OpenJDK Runtime Environment (build 1.8.0_265-8u265-b01-0ubuntu2~18.04-b01)
OpenJDK 64-Bit Server VM (build 25.265-b01, mixed mode)

[2020-10-19 21:11:17,281 DEBUG Engine.jmeter.TclLibrary] We don't need to check tcl library on this platform
[2020-10-19 21:11:17,283 DEBUG Engine.jmeter.JMeter] Trying JMeter..
[2020-10-19 21:11:17,285 DEBUG root] Executing shell: ['/root/.bzt/jmeter-taurus/5.2.1/bin/jmeter.sh', '-j', '/tmp/jmeterz3lde7inlog', '--version'] at .
[2020-10-19 21:11:25,167 DEBUG Engine.jmeter.JMeter] JMeter check:     _    ____   _    ____ _   _ _____       _ __  __ _____ _____ _____ ____
   / \  |  _ \ / \  / ___| | | | ____|     | |  \/  | ____|_   _| ____|  _ \
  / _ \ | |_) / _ \| |   | |_| |  _|    _  | | |\/| |  _|   | | |  _| | |_) |
 / ___ \|  __/ ___ \ |___|  _  | |___  | |_| | |  | | |___  | | | |___|  _ <
/_/   \_\_| /_/   \_\____|_| |_|_____|  \___/|_|  |_|_____| |_| |_____|_| \_\ 5.2.1

Copyright (c) 1999-2019 The Apache Software Foundation

 / 
[2020-10-19 21:11:25,200 DEBUG Engine] New artifact filename: /tmp/artifacts/kpi-9.jtl
[2020-10-19 21:11:25,214 DEBUG Engine] New artifact filename: /tmp/artifacts/error-9.jtl
[2020-10-19 21:11:25,216 DEBUG Engine.jmeter.LoadSettingsProcessor] Load: LoadSpec(concurrency=10, throughput=None, ramp_up=60.0, hold=150.0, iterations=0, duration=210.0, steps=None)
[2020-10-19 21:11:25,219 DEBUG Engine.jmeter.LoadSettingsProcessor.ThreadGroupHandler] Converting ThreadGroup (simple) to ConcurrencyThreadGroup and apply load parameters
[2020-10-19 21:11:25,221 DEBUG Engine] New artifact filename: /tmp/artifacts/modified_requests-9.jmx
[2020-10-19 21:11:25,222 DEBUG JMX] Saving JMX to: /tmp/artifacts/modified_requests-9.jmx
[2020-10-19 21:11:25,229 DEBUG root] Executing shell: ['/root/.bzt/jmeter-taurus/5.2.1/bin/PluginsManagerCMD.sh', 'install-for-jmx', '/tmp/artifacts/modified_requests-9.jmx'] at .
[2020-10-19 21:11:43,762 DEBUG Engine.jmeter.JMeter] Try to detect plugins for /tmp/artifacts/modified_requests-9.jmx
2020-10-19 21:11:27,826 INFO o.j.r.PluginManagerCMD: Command is: install-for-jmx
2020-10-19 21:11:28,137 INFO o.j.r.JARSourceHTTP: Requesting https://jmeter-plugins.org/repo/?installID=linux-7dee385341fbae0bf0799639a6e87c1c-nongui
2020-10-19 21:11:32,852 INFO o.j.r.PluginManager: Plugins Status: [jpgc-functions=2.1, jpgc-casutg=2.9, jpgc-dummy=0.4, jpgc-ffw=2.0, jpgc-fifo=0.2, jpgc-json=2.7, jpgc-prmctl=0.4, jpgc-perfmon=2.1, jpgc-plugins-manager=1.3, jpgc-tst=2.5, jmeter-core=5.2.1, jmeter-ftp=5.2.1, jmeter-http=5.2.1, jmeter-jdbc=5.2.1, jmeter-jms=5.2.1, jmeter-junit=5.2.1, jmeter-java=5.2.1, jmeter-ldap=5.2.1, jmeter-mail=5.2.1, jmeter-mongodb=5.2.1, jmeter-native=5.2.1, jmeter-tcp=5.2.1, jmeter-components=5.2.1]
2020-10-19 21:11:32,859 INFO o.j.r.PluginManagerCMD: Params line is: /tmp/artifacts/modified_requests-9.jmx
2020-10-19 21:11:35,077 INFO o.a.j.s.SaveService: Testplan (JMX) version: 2.2. Testlog (JTL) version: 2.2
2020-10-19 21:11:36,426 INFO o.a.j.s.SaveService: Using SaveService properties file encoding UTF-8
2020-10-19 21:11:37,955 INFO o.a.j.s.SaveService: Using SaveService properties version 5.0
2020-10-19 21:11:38,502 INFO o.a.j.p.h.c.CacheManager: Will only cache the following methods: [GET]
2020-10-19 21:11:39,182 INFO o.a.j.p.h.c.CookieManager: Settings: Delete null: true Check: true Allow variable: true Save: false Prefix: COOKIE_
2020-10-19 21:11:42,448 INFO o.a.j.p.h.s.HTTPSamplerBase: Parser for text/html is org.apache.jmeter.protocol.http.parser.LagartoBasedHtmlParser
2020-10-19 21:11:42,455 INFO o.a.j.p.h.s.HTTPSamplerBase: Parser for application/xhtml+xml is org.apache.jmeter.protocol.http.parser.LagartoBasedHtmlParser
2020-10-19 21:11:42,469 INFO o.a.j.p.h.s.HTTPSamplerBase: Parser for application/xml is org.apache.jmeter.protocol.http.parser.LagartoBasedHtmlParser
2020-10-19 21:11:42,481 INFO o.a.j.p.h.s.HTTPSamplerBase: Parser for text/xml is org.apache.jmeter.protocol.http.parser.LagartoBasedHtmlParser
2020-10-19 21:11:42,497 INFO o.a.j.p.h.s.HTTPSamplerBase: Parser for text/vnd.wap.wml is org.apache.jmeter.protocol.http.parser.RegexpHTMLParser
2020-10-19 21:11:42,501 INFO o.a.j.p.h.s.HTTPSamplerBase: Parser for text/css is org.apache.jmeter.protocol.http.parser.CssParser
2020-10-19 21:11:43,029 INFO o.j.r.PluginManager: Finishing without changes


[2020-10-19 21:11:43,825 DEBUG Engine] New artifact filename: /tmp/artifacts/jmeter-9.out
[2020-10-19 21:11:43,849 DEBUG Engine] New artifact filename: /tmp/artifacts/jmeter-9.err
[2020-10-19 21:11:43,865 DEBUG Engine] Module config: final-stats {'class': 'bzt.modules.reporting.FinalStatus'}
[2020-10-19 21:11:43,871 DEBUG root] Importing module: bzt.modules.reporting
[2020-10-19 21:11:44,190 DEBUG easyprocess] version=0.3
[2020-10-19 21:11:44,219 DEBUG pyvirtualdisplay] version=1.3.2
[2020-10-19 21:11:44,234 DEBUG root] Loading class: 'FinalStatus' from <module 'bzt.modules.reporting' from '/usr/local/lib/python3.6/dist-packages/bzt/modules/reporting.py'>
[2020-10-19 21:11:44,236 DEBUG Engine] Module config: console {'class': 'bzt.modules.console.ConsoleStatusReporter'}
[2020-10-19 21:11:44,290 DEBUG root] Importing module: bzt.modules.console
[2020-10-19 21:11:44,291 DEBUG root] Loading class: 'ConsoleStatusReporter' from <module 'bzt.modules.console' from '/usr/local/lib/python3.6/dist-packages/bzt/modules/console.py'>
[2020-10-19 21:11:44,292 DEBUG Engine] Module config: passfail {'class': 'bzt.modules.passfail.PassFailStatus'}
[2020-10-19 21:11:44,293 DEBUG root] Importing module: bzt.modules.passfail
[2020-10-19 21:11:44,294 DEBUG root] Loading class: 'PassFailStatus' from <module 'bzt.modules.passfail' from '/usr/local/lib/python3.6/dist-packages/bzt/modules/passfail.py'>
[2020-10-19 21:11:44,295 DEBUG Engine] Module config: blazemeter {'class': 'bzt.modules.blazemeter.BlazeMeterUploader'}
[2020-10-19 21:11:44,296 DEBUG root] Importing module: bzt.modules.blazemeter
[2020-10-19 21:11:44,298 DEBUG root] Loading class: 'BlazeMeterUploader' from <module 'bzt.modules.blazemeter' from '/usr/local/lib/python3.6/dist-packages/bzt/modules/blazemeter.py'>
[2020-10-19 21:11:44,312 DEBUG root] Importing module: bzt.modules.passfail
[2020-10-19 21:11:44,313 DEBUG root] Loading class: 'DataCriterion' from <module 'bzt.modules.passfail' from '/usr/local/lib/python3.6/dist-packages/bzt/modules/passfail.py'>
[2020-10-19 21:11:44,315 DEBUG root] Importing module: bzt.modules.passfail
[2020-10-19 21:11:44,315 DEBUG root] Loading class: 'DataCriterion' from <module 'bzt.modules.passfail' from '/usr/local/lib/python3.6/dist-packages/bzt/modules/passfail.py'>
[2020-10-19 21:11:44,316 WARNING Engine.blazemeter] No BlazeMeter API key provided, will upload anonymously
[2020-10-19 21:11:44,317 DEBUG Engine.blazemeter] Installing http client
[2020-10-19 21:11:44,318 DEBUG User] Request: GET https://a.blazemeter.com/api/v4/web/version None
[2020-10-19 21:11:44,319 DEBUG HTTPClient] Making HTTP request GET https://a.blazemeter.com/api/v4/web/version
[2020-10-19 21:11:44,332 DEBUG urllib3.connectionpool] Starting new HTTPS connection (1): a.blazemeter.com:443
[2020-10-19 21:11:45,150 DEBUG urllib3.connectionpool] https://a.blazemeter.com:443 "GET /api/v4/web/version HTTP/1.1" 200 None
[2020-10-19 21:11:45,394 DEBUG User] Response [200]: {
    "api_version": 4,
    "error": null,
    "result": "BACKEND-CI/release-2020-10-13 17 release-2020-10-13 e7c84339a54be37eaba2435145c1782a060f09f0 Sun Oct 18 15:04:20 2020 +0300 e7c84339a54be37eaba2435145c1782a060f09f0\n",
    "request_id": "5f8e011111
[2020-10-19 21:11:45,448 DEBUG Engine.Configuration] Dumping YAML config into /tmp/artifacts/effective.yml
[2020-10-19 21:11:45,515 DEBUG Engine.Configuration] Dumping JSON config into /tmp/artifacts/effective.json
[2020-10-19 21:11:45,525 INFO Engine] Starting...
[2020-10-19 21:11:45,531 DEBUG Engine] Startup <bzt.modules.monitoring.Monitoring object at 0x7f6a7a0eecc0>
[2020-10-19 21:11:45,535 DEBUG Engine] Startup <bzt.modules.aggregator.ConsolidatingAggregator object at 0x7f6a7a0eef60>
[2020-10-19 21:11:45,539 DEBUG Engine] Startup <bzt.modules.reporting.FinalStatus object at 0x7f6a7a0e1e48>
[2020-10-19 21:11:45,543 DEBUG Engine] Startup <bzt.modules.console.ConsoleStatusReporter object at 0x7f6a6cc9ae10>
[2020-10-19 21:11:45,547 INFO Engine.console] Waiting for results...
[2020-10-19 21:11:45,551 DEBUG Engine] Startup <bzt.modules.passfail.PassFailStatus object at 0x7f6a6cc55748>
[2020-10-19 21:11:45,553 DEBUG Engine] Startup <bzt.modules.reporting.FinalStatus object at 0x7f6a6cbfe8d0>
[2020-10-19 21:11:45,554 DEBUG Engine] Startup <bzt.modules.blazemeter.BlazeMeterUploader object at 0x7f6a6cbfec18>
[2020-10-19 21:11:45,556 INFO Engine.blazemeter] Initiating data feeding...
[2020-10-19 21:11:45,558 DEBUG User] Request: POST https://a.blazemeter.com/api/v4/sessions None
[2020-10-19 21:11:45,562 DEBUG HTTPClient] Making HTTP request POST https://a.blazemeter.com/api/v4/sessions
[2020-10-19 21:11:46,005 DEBUG urllib3.connectionpool] https://a.blazemeter.com:443 "POST /api/v4/sessions HTTP/1.1" 201 3435
[2020-10-19 21:11:46,012 DEBUG User] Response [201]: {
    "api_version": 4,
    "error": null,
    "result": {
        "session": {
            "id": "r-ext-5f8e0111a4ee1",
            "name": "external",
            "userId": 386483,
            "publicToken": "iFj6ap6Iz0IYC6DRZmVWaSnirDwwuOVrDoAZiIrnFIf88
[2020-10-19 21:11:46,015 INFO Engine.blazemeter] Started data feeding: https://a.blazemeter.com/app/?public-token=iFj6ap6Iz0IYC6DRZmVWaSnirDwwuOVrDoAZiIrnFIf887mcSa#reports/r-ext-5f8e0111a4ee1/summary
[2020-10-19 21:11:46,017 WARNING root] Can't open link in browser: could not locate runnable browser
[2020-10-19 21:11:46,019 DEBUG Engine] Startup <bzt.modules.provisioning.Local object at 0x7f6a7a13e358>
[2020-10-19 21:11:46,021 DEBUG Engine.local] Delay setup for jmeter/simple: 0(start-at) + 0(delay) = 0
[2020-10-19 21:11:46,030 DEBUG Engine.Configuration] Dumping YAML config into /tmp/artifacts/effective.yml
[2020-10-19 21:11:46,117 DEBUG Engine.Configuration] Dumping JSON config into /tmp/artifacts/effective.json
[2020-10-19 21:11:46,123 DEBUG root] Leveling down log file verbosity to INFO, use -v option to have DEBUG messages enabled
[2020-10-19 21:11:46,125 DEBUG root] Leveled up log file verbosity
[2020-10-19 21:11:46,128 DEBUG root] Executing shell: ['/root/.bzt/jmeter-taurus/5.2.1/bin/jmeter.sh', '-t', '/tmp/artifacts/modified_requests-9.jmx', '-j', '/tmp/artifacts/jmeter-9.log', '-q', '/tmp/artifacts/jmeter-bzt-9.properties', '-n', '-S', '/tmp/artifacts/system-9.properties'] at /bzt-configs
[2020-10-19 21:11:46,164 DEBUG Engine.local] Starting execution: jmeter/simple, rest of available slots: 9223372036854775806
[2020-10-19 21:11:46,166 DEBUG root] Leveling down log file verbosity to INFO, use -v option to have DEBUG messages enabled
[2020-10-19 21:11:46,812 INFO Engine.console] Waiting for finish...
[2020-10-19 21:12:00,947 WARNING Engine] Please wait for graceful shutdown...
[2020-10-19 21:12:00,963 DEBUG root] Leveled up log file verbosity
[2020-10-19 21:12:00,964 INFO Engine] Shutting down...
[2020-10-19 21:12:00,986 DEBUG Engine] Current stop reason: 
[2020-10-19 21:12:00,990 DEBUG Engine.local] Shutdown jmeter/simple
[2020-10-19 21:12:01,994 INFO Engine.jmeter] Sending Shutdown command to JMeter on port 4445...
[2020-10-19 21:12:03,049 DEBUG Engine.jmeter] JMeter stopped on Shutdown command
[2020-10-19 21:12:03,058 DEBUG Engine.console] Restoring logging streams, [<StreamHandler (INFO)>]/{<StreamHandler (INFO)>: <_io.TextIOWrapper name='<stdout>' mode='w' encoding='UTF-8'>}
[2020-10-19 21:12:03,072 DEBUG Engine.Configuration] Dumping YAML config into /tmp/artifacts/effective.yml
[2020-10-19 21:12:03,162 DEBUG Engine.Configuration] Dumping JSON config into /tmp/artifacts/effective.json
[2020-10-19 21:12:03,167 WARNING root] Keyboard interrupt
[2020-10-19 21:12:03,179 DEBUG root] KeyboardInterrupt: 
  File "/usr/local/lib/python3.6/dist-packages/bzt/cli.py", line 260, in perform
    self.engine.run()
  File "/usr/local/lib/python3.6/dist-packages/bzt/engine/engine.py", line 269, in run
    reraise(exc_info, exc_value)
  File "/usr/local/lib/python3.6/dist-packages/bzt/utils.py", line 102, in reraise
    raise exc
  File "/usr/local/lib/python3.6/dist-packages/bzt/engine/engine.py", line 248, in run
    self._wait()
  File "/usr/local/lib/python3.6/dist-packages/bzt/engine/engine.py", line 297, in _wait
    time.sleep(delay)
[2020-10-19 21:12:03,191 INFO Engine] Post-processing...
[2020-10-19 21:12:03,194 DEBUG Engine.local] Post-process jmeter/simple
[2020-10-19 21:12:03,196 DEBUG Engine] Add existing artifact (move=True): /tmp/artifacts/modified_requests-9.jmx
[2020-10-19 21:12:03,206 DEBUG Engine] No need to copy /tmp/artifacts/modified_requests-9.jmx
[2020-10-19 21:12:03,263 DEBUG Engine.local] Exception in post_process of JMeterExecutor: Empty results, most likely simple (JMeterExecutor) failed. Actual reason for this can be found in logs under /tmp/artifacts Traceback (most recent call last):
  File "/usr/local/lib/python3.6/dist-packages/bzt/modules/provisioning.py", line 167, in post_process
    raise ToolError(message, diagnostics)
bzt.ToolError: Empty results, most likely simple (JMeterExecutor) failed. Actual reason for this can be found in logs under /tmp/artifacts

[2020-10-19 21:12:03,265 DEBUG Engine] post_process: Empty results, most likely simple (JMeterExecutor) failed. Actual reason for this can be found in logs under /tmp/artifacts
Traceback (most recent call last):
  File "/usr/local/lib/python3.6/dist-packages/bzt/engine/engine.py", line 340, in post_process
    module.post_process()
  File "/usr/local/lib/python3.6/dist-packages/bzt/modules/provisioning.py", line 176, in post_process
    reraise(exc_info, exc_value)
  File "/usr/local/lib/python3.6/dist-packages/bzt/utils.py", line 102, in reraise
    raise exc
  File "/usr/local/lib/python3.6/dist-packages/bzt/modules/provisioning.py", line 167, in post_process
    raise ToolError(message, diagnostics)
bzt.ToolError: Empty results, most likely simple (JMeterExecutor) failed. Actual reason for this can be found in logs under /tmp/artifacts

[2020-10-19 21:12:03,268 DEBUG Engine.jmeter.JTLErrorsReader.FileReader] Opening file: /tmp/artifacts/error-9.jtl
[2020-10-19 21:12:03,274 DEBUG Engine.jmeter.JTLErrorsReader] Read bytes from error file: 4492
[2020-10-19 21:12:03,285 DEBUG Engine.jmeter.JTLReader.IncrementalCSVReader] Read: 1 lines / 192 bytes (at speed 1048576)
[2020-10-19 21:12:03,287 DEBUG Engine.jmeter.JTLReader] Buffer len: 1; Known errors count: 1
[2020-10-19 21:12:03,288 DEBUG Engine.jmeter.JTLReader] Aggregating: 1603141920, 1 in buffer
[2020-10-19 21:12:03,305 DEBUG Engine.jmeter.JTLErrorsReader] Got error info for 1603141920, labels: dict_keys(['https://www.google.com', ''])
[2020-10-19 21:12:03,310 DEBUG Engine.jmeter.JTLReader] Buffer len: 0; Known errors count: 1
[2020-10-19 21:12:03,312 DEBUG Engine.consolidator] Consolidator buffer[1]: dict_keys([1603141920])
[2020-10-19 21:12:03,312 DEBUG Engine.consolidator] Merging into 1603141920
[2020-10-19 21:12:03,313 DEBUG Engine.consolidator] Bypassing consolidation because of single result
[2020-10-19 21:12:03,361 DEBUG Engine.passfail] No label IndexPage in dict_keys(['https://www.google.com', ''])
[2020-10-19 21:12:03,362 DEBUG Engine.passfail] No label CheckoutPage in dict_keys(['https://www.google.com', ''])
[2020-10-19 21:12:03,363 DEBUG Engine.consolidator] Processed datapoint: 1603141920/ConsolidatingAggregator@140095291060064
[2020-10-19 21:12:03,364 INFO Engine.final-stats] Test duration: 0:00:18
[2020-10-19 21:12:03,366 INFO Engine.final-stats] Samples count: 1, 100.00% failures
[2020-10-19 21:12:03,370 INFO Engine.final-stats] Average times: total 1.409, latency 0.000, connect 1.409
[2020-10-19 21:12:03,383 INFO Engine.final-stats] Percentiles:
(0lqqqqqqqqqqqqqqqwqqqqqqqqqqqqqqqk(B
(0x(B Percentile, % (0x(B Resp. Time, s (0x(B
(0tqqqqqqqqqqqqqqqnqqqqqqqqqqqqqqqu(B
(0x(B           0.0 (0x(B         1.409 (0x(B
(0x(B          50.0 (0x(B         1.409 (0x(B
(0x(B          90.0 (0x(B         1.409 (0x(B
(0x(B          95.0 (0x(B         1.409 (0x(B
(0x(B          99.0 (0x(B         1.409 (0x(B
(0x(B          99.9 (0x(B         1.409 (0x(B
(0x(B         100.0 (0x(B         1.409 (0x(B
(0mqqqqqqqqqqqqqqqvqqqqqqqqqqqqqqqj(B
[2020-10-19 21:12:03,409 INFO Engine.final-stats] Request label stats:
(0lqqqqqqqqqqqqqqqqqqqqqqqqwqqqqqqqqwqqqqqqqwqqqqqqqqwqqqqqqqqqqqqqqqqqqqqqqqqqqqqqqqqqqqqqqqqqqk(B
(0x(B label                  (0x(B status (0x(B  succ (0x(B avg_rt (0x(B error                                    (0x(B
(0tqqqqqqqqqqqqqqqqqqqqqqqqnqqqqqqqqnqqqqqqqnqqqqqqqqnqqqqqqqqqqqqqqqqqqqqqqqqqqqqqqqqqqqqqqqqqqu(B
(0x(B https://www.google.com (0x(B  FAIL  (0x(B 0.00% (0x(B  1.409 (0x(B Non HTTP response message: Socket closed (0x(B
(0mqqqqqqqqqqqqqqqqqqqqqqqqvqqqqqqqqvqqqqqqqvqqqqqqqqvqqqqqqqqqqqqqqqqqqqqqqqqqqqqqqqqqqqqqqqqqqj(B
[2020-10-19 21:12:03,410 DEBUG Engine.console] No logger_handler or orig_stream was detected
[2020-10-19 21:12:03,411 INFO Engine.final-stats] Test duration: 0:00:18
[2020-10-19 21:12:03,423 INFO Engine.final-stats] Samples count: 1, 100.00% failures
[2020-10-19 21:12:03,427 INFO Engine.final-stats] Average times: total 1.409, latency 0.000, connect 1.409
[2020-10-19 21:12:03,431 INFO Engine.final-stats] Percentiles:
(0lqqqqqqqqqqqqqqqwqqqqqqqqqqqqqqqk(B
(0x(B Percentile, % (0x(B Resp. Time, s (0x(B
(0tqqqqqqqqqqqqqqqnqqqqqqqqqqqqqqqu(B
(0x(B           0.0 (0x(B         1.409 (0x(B
(0x(B          50.0 (0x(B         1.409 (0x(B
(0x(B          90.0 (0x(B         1.409 (0x(B
(0x(B          95.0 (0x(B         1.409 (0x(B
(0x(B          99.0 (0x(B         1.409 (0x(B
(0x(B          99.9 (0x(B         1.409 (0x(B
(0x(B         100.0 (0x(B         1.409 (0x(B
(0mqqqqqqqqqqqqqqqvqqqqqqqqqqqqqqqj(B
[2020-10-19 21:12:03,443 INFO Engine.final-stats] Dumping final status as XML: p.output.xml
[2020-10-19 21:12:03,516 INFO Engine.final-stats] Dumping final status as CSV: p.output.csv
[2020-10-19 21:12:03,591 DEBUG Engine.blazemeter] KPI bulk buffer len in post-proc: 1
[2020-10-19 21:12:03,592 INFO Engine.blazemeter] Sending remaining KPI data to server...
[2020-10-19 21:12:03,685 DEBUG User] Request: POST https://data.blazemeter.com/submit.php?session_id=r-ext-5f8e0111a4ee1&signature=ci1leHQtNWY4ZTAxMTFhNGVlMToxNjA0MzUxNTA1OjljYTdlMDc2NDg5NmY0MDRkNTRiYWRmN2FlMTg4ZmNjODBjYWEzNDUwNTViNzA2MWNlNDViZGFkOTE4NGJiMTc0NmY1ODUxNjJjMTkzM2E2MzZkMmVhMGMwNTlmNDU3MDZhYWNjYzE0NzY2MjQ5YmYwZmExOTg3NWVmOWVkZjc0&test_id=8609876&user_id=386483&pq=0&target=labels_bulk&update=1 b'{\n "labels": [\n  {\n   "n": 1,\n   "name": "ALL",\n   "interval": 1,\n   "intervals": [\n    {\n     "ec": 1,\n     "ts": 1603141920,\n     "na": 1,\n     "n": 1,\n     "failed": 1,\n     "rc": [\n      {\n       "n": 1,\n       "f": [],\n       "rc": "SocketException"\n '
[2020-10-19 21:12:03,688 DEBUG HTTPClient] Making HTTP request POST https://data.blazemeter.com/submit.php?session_id=r-ext-5f8e0111a4ee1&signature=ci1leHQtNWY4ZTAxMTFhNGVlMToxNjA0MzUxNTA1OjljYTdlMDc2NDg5NmY0MDRkNTRiYWRmN2FlMTg4ZmNjODBjYWEzNDUwNTViNzA2MWNlNDViZGFkOTE4NGJiMTc0NmY1ODUxNjJjMTkzM2E2MzZkMmVhMGMwNTlmNDU3MDZhYWNjYzE0NzY2MjQ5YmYwZmExOTg3NWVmOWVkZjc0&test_id=8609876&user_id=386483&pq=0&target=labels_bulk&update=1
[2020-10-19 21:12:03,872 DEBUG urllib3.connectionpool] https://data.blazemeter.com:443 "POST /submit.php?session_id=r-ext-5f8e0111a4ee1&signature=ci1leHQtNWY4ZTAxMTFhNGVlMToxNjA0MzUxNTA1OjljYTdlMDc2NDg5NmY0MDRkNTRiYWRmN2FlMTg4ZmNjODBjYWEzNDUwNTViNzA2MWNlNDViZGFkOTE4NGJiMTc0NmY1ODUxNjJjMTkzM2E2MzZkMmVhMGMwNTlmNDU3MDZhYWNjYzE0NzY2MjQ5YmYwZmExOTg3NWVmOWVkZjc0&test_id=8609876&user_id=386483&pq=0&target=labels_bulk&update=1 HTTP/1.1" 200 139
[2020-10-19 21:12:03,874 DEBUG User] Response [200]: {"api_version":2,"error":null,"result":{"session":{"_id":"r-ext-5f8e0111a4ee1","name":"external","statusCode":15,"status":"INITIALIZING"}}}
[2020-10-19 21:12:03,879 DEBUG User] Request: POST https://data.blazemeter.com/api/v4/image/r-ext-5f8e0111a4ee1/files?signature=ci1leHQtNWY4ZTAxMTFhNGVlMToxNjA0MzUxNTA1OjljYTdlMDc2NDg5NmY0MDRkNTRiYWRmN2FlMTg4ZmNjODBjYWEzNDUwNTViNzA2MWNlNDViZGFkOTE4NGJiMTc0NmY1ODUxNjJjMTkzM2E2MzZkMmVhMGMwNTlmNDU3MDZhYWNjYzE0NzY2MjQ5YmYwZmExOTg3NWVmOWVkZjc0&masterId=31547750 b'--===============8713307500833303099==\r\nContent-Disposition: file; name="file"; filename="r-ext-5f8e0111a4ee1-0-c.monitoring.json"\r\nContent-Type: application/json\r\n\r\n{\n "reportInfo": {\n  "sessionId": "r-ext-5f8e0111a4ee1",\n  "timestamp": 1603141923.877132,'
[2020-10-19 21:12:03,881 DEBUG HTTPClient] Making HTTP request POST https://data.blazemeter.com/api/v4/image/r-ext-5f8e0111a4ee1/files?signature=ci1leHQtNWY4ZTAxMTFhNGVlMToxNjA0MzUxNTA1OjljYTdlMDc2NDg5NmY0MDRkNTRiYWRmN2FlMTg4ZmNjODBjYWEzNDUwNTViNzA2MWNlNDViZGFkOTE4NGJiMTc0NmY1ODUxNjJjMTkzM2E2MzZkMmVhMGMwNTlmNDU3MDZhYWNjYzE0NzY2MjQ5YmYwZmExOTg3NWVmOWVkZjc0&masterId=31547750
[2020-10-19 21:12:04,734 DEBUG urllib3.connectionpool] https://data.blazemeter.com:443 "POST /api/v4/image/r-ext-5f8e0111a4ee1/files?signature=ci1leHQtNWY4ZTAxMTFhNGVlMToxNjA0MzUxNTA1OjljYTdlMDc2NDg5NmY0MDRkNTRiYWRmN2FlMTg4ZmNjODBjYWEzNDUwNTViNzA2MWNlNDViZGFkOTE4NGJiMTc0NmY1ODUxNjJjMTkzM2E2MzZkMmVhMGMwNTlmNDU3MDZhYWNjYzE0NzY2MjQ5YmYwZmExOTg3NWVmOWVkZjc0&masterId=31547750 HTTP/1.1" 200 151
[2020-10-19 21:12:04,743 DEBUG User] Response [200]: {
    "api_version": 4,
    "error": null,
    "result": [
        "r-ext-5f8e0111a4ee1-0-c.monitoring.json"
    ],
    "request_id": "5f8e012415999"
}
[2020-10-19 21:12:04,747 DEBUG Engine.blazemeter] Set last check time to: 1603141904.299642
[2020-10-19 21:12:04,750 INFO Engine.blazemeter] Ending data feeding...
[2020-10-19 21:12:04,756 DEBUG User] Request: POST https://a.blazemeter.com/api/v4/sessions/r-ext-5f8e0111a4ee1/terminate-external {
 "signature": "ci1leHQtNWY4ZTAxMTFhNGVlMToxNjA0MzUxNTA1OjljYTdlMDc2NDg5NmY0MDRkNTRiYWRmN2FlMTg4ZmNjODBjYWEzNDUwNTViNzA2MWNlNDViZGFkOTE4NGJiMTc0NmY1ODUxNjJjMTkzM2E2MzZkMmVhMGMwNTlmNDU3MDZhYWNjYzE0NzY2MjQ5YmYwZmExOTg3NWVmOWVkZjc0",
 "testId": 8609876,
 "se
[2020-10-19 21:12:04,758 DEBUG HTTPClient] Making HTTP request POST https://a.blazemeter.com/api/v4/sessions/r-ext-5f8e0111a4ee1/terminate-external
[2020-10-19 21:12:04,939 DEBUG urllib3.connectionpool] https://a.blazemeter.com:443 "POST /api/v4/sessions/r-ext-5f8e0111a4ee1/terminate-external HTTP/1.1" 200 None
[2020-10-19 21:12:04,945 DEBUG User] Response [200]: {
    "api_version": 4,
    "error": null,
    "result": {
        "success": "Terminating",
        "session": {
            "id": "r-ext-5f8e0111a4ee1",
            "name": "external",
            "userId": 386483,
            "publicToken": "iFj6ap6Iz0I
[2020-10-19 21:12:04,949 INFO Engine.blazemeter] Online report link: https://a.blazemeter.com/app/?public-token=iFj6ap6Iz0IYC6DRZmVWaSnirDwwuOVrDoAZiIrnFIf887mcSa#reports/r-ext-5f8e0111a4ee1/summary
[2020-10-19 21:12:04,973 DEBUG Engine.Configuration] Dumping YAML config into /tmp/artifacts/effective.yml
[2020-10-19 21:12:05,037 DEBUG Engine.Configuration] Dumping JSON config into /tmp/artifacts/effective.json
[2020-10-19 21:12:05,042 DEBUG root] Child Process Error: Empty results, most likely simple (JMeterExecutor) failed. Actual reason for this can be found in logs under /tmp/artifacts
[2020-10-19 21:12:05,043 DEBUG root] JMeter STDOUT:
Created the tree successfully using /tmp/artifacts/modified_requests-9.jmx
Starting standalone test @ Mon Oct 19 21:11:53 UTC 2020 (1603141913731)
Waiting for possible Shutdown/StopTestNow/HeapDump/ThreadDump message on port 4445
Command: Shutdown received from /127.0.0.1
Tidying up ...    @ Mon Oct 19 21:12:02 UTC 2020 (1603141922241)
... end of run
[2020-10-19 21:12:05,044 DEBUG root] JMeter log:
2020-10-19 21:11:51,686 INFO o.a.j.u.JMeterUtils: Setting Locale to en_US
2020-10-19 21:11:51,749 INFO o.a.j.JMeter: Loading user properties from: /root/.bzt/jmeter-taurus/5.2.1/bin/user.properties
2020-10-19 21:11:51,753 INFO o.a.j.JMeter: Loading system properties from: /root/.bzt/jmeter-taurus/5.2.1/bin/system.properties
2020-10-19 21:11:51,755 INFO o.a.j.JMeter: Loading additional properties from: /tmp/artifacts/jmeter-bzt-9.properties
2020-10-19 21:11:51,767 INFO o.a.j.JMeter: Setting System properties from file: /tmp/artifacts/system-9.properties
2020-10-19 21:11:51,782 INFO o.a.j.JMeter: Copyright (c) 1998-2019 The Apache Software Foundation
2020-10-19 21:11:51,783 INFO o.a.j.JMeter: Version 5.2.1
2020-10-19 21:11:51,785 INFO o.a.j.JMeter: java.version=1.8.0_265
2020-10-19 21:11:51,786 INFO o.a.j.JMeter: java.vm.name=OpenJDK 64-Bit Server VM
2020-10-19 21:11:51,788 INFO o.a.j.JMeter: os.name=Linux
2020-10-19 21:11:51,789 INFO o.a.j.JMeter: os.arch=amd64
2020-10-19 21:11:51,789 INFO o.a.j.JMeter: os.version=4.19.76-linuxkit
2020-10-19 21:11:51,791 INFO o.a.j.JMeter: file.encoding=UTF-8
2020-10-19 21:11:51,792 INFO o.a.j.JMeter: java.awt.headless=true
2020-10-19 21:11:51,793 INFO o.a.j.JMeter: Max memory     =464519168
2020-10-19 21:11:51,795 INFO o.a.j.JMeter: Available Processors =2
2020-10-19 21:11:51,919 INFO o.a.j.JMeter: Default Locale=English (United States)
2020-10-19 21:11:51,923 INFO o.a.j.JMeter: JMeter  Locale=English (United States)
2020-10-19 21:11:51,935 INFO o.a.j.JMeter: JMeterHome=/root/.bzt/jmeter-taurus/5.2.1
2020-10-19 21:11:51,949 INFO o.a.j.JMeter: user.dir  =/bzt-configs
2020-10-19 21:11:51,958 INFO o.a.j.JMeter: PWD       =/bzt-configs
2020-10-19 21:11:51,970 INFO o.a.j.JMeter: IP: 172.17.0.2 Name: 74fa43edb5ff FullName: 74fa43edb5ff
2020-10-19 21:11:51,973 INFO o.a.j.JMeter: user.classpath=/tmp/artifacts:/tmp/artifacts
2020-10-19 21:11:51,981 INFO o.a.j.JMeter: Adding to classpath and loader: /tmp/artifacts
2020-10-19 21:11:52,037 INFO o.a.j.JMeter: Adding to classpath and loader: /tmp/artifacts
2020-10-19 21:11:52,135 INFO o.a.j.s.FileServer: Default base='/bzt-configs'
2020-10-19 21:11:52,207 INFO o.a.j.s.FileServer: Set new base='/tmp/artifacts'
2020-10-19 21:11:53,115 INFO o.a.j.s.SaveService: Testplan (JMX) version: 2.2. Testlog (JTL) version: 2.2
2020-10-19 21:11:53,151 INFO o.a.j.s.SaveService: Using SaveService properties file encoding UTF-8
2020-10-19 21:11:53,175 INFO o.a.j.s.SaveService: Using SaveService properties version 5.0
2020-10-19 21:11:53,216 INFO o.a.j.s.SaveService: Loading file: /tmp/artifacts/modified_requests-9.jmx
2020-10-19 21:11:53,420 INFO o.a.j.p.h.c.CacheManager: Will only cache the following methods: [GET]
2020-10-19 21:11:53,426 INFO o.a.j.p.h.c.CookieManager: Settings: Delete null: true Check: true Allow variable: true Save: false Prefix: COOKIE_
2020-10-19 21:11:53,536 INFO o.a.j.p.h.s.HTTPSamplerBase: Parser for text/html is org.apache.jmeter.protocol.http.parser.LagartoBasedHtmlParser
2020-10-19 21:11:53,537 INFO o.a.j.p.h.s.HTTPSamplerBase: Parser for application/xhtml+xml is org.apache.jmeter.protocol.http.parser.LagartoBasedHtmlParser
2020-10-19 21:11:53,538 INFO o.a.j.p.h.s.HTTPSamplerBase: Parser for application/xml is org.apache.jmeter.protocol.http.parser.LagartoBasedHtmlParser
2020-10-19 21:11:53,540 INFO o.a.j.p.h.s.HTTPSamplerBase: Parser for text/xml is org.apache.jmeter.protocol.http.parser.LagartoBasedHtmlParser
2020-10-19 21:11:53,542 INFO o.a.j.p.h.s.HTTPSamplerBase: Parser for text/vnd.wap.wml is org.apache.jmeter.protocol.http.parser.RegexpHTMLParser
2020-10-19 21:11:53,543 INFO o.a.j.p.h.s.HTTPSamplerBase: Parser for text/css is org.apache.jmeter.protocol.http.parser.CssParser
2020-10-19 21:11:53,739 INFO o.a.j.e.StandardJMeterEngine: Running the test!
2020-10-19 21:11:53,745 INFO o.a.j.s.SampleEvent: List of sample_variables: []
2020-10-19 21:11:53,746 INFO o.a.j.s.SampleEvent: List of sample_variables: []
2020-10-19 21:11:53,791 INFO o.a.j.e.u.CompoundVariable: Note: Function class names must contain the string: '.functions.'
2020-10-19 21:11:53,792 INFO o.a.j.e.u.CompoundVariable: Note: Function class names must not contain the string: '.gui.'
2020-10-19 21:11:55,954 INFO o.a.j.JMeter: Running test (1603141915954)
2020-10-19 21:11:56,087 INFO o.a.j.e.StandardJMeterEngine: Starting ThreadGroup: 1 : simple
2020-10-19 21:11:56,089 INFO o.a.j.e.StandardJMeterEngine: Starting 10 threads for group simple.
2020-10-19 21:11:56,090 INFO o.a.j.e.StandardJMeterEngine: Thread will continue on error
2020-10-19 21:11:56,106 INFO o.a.j.e.StandardJMeterEngine: All thread groups have been started
2020-10-19 21:11:56,107 INFO c.b.j.t.c.ConcurrencyThreadStarter: Start supplying threads
2020-10-19 21:11:59,172 INFO o.a.j.s.SampleResult: Note: Sample TimeStamps are START times
2020-10-19 21:11:59,177 INFO o.a.j.s.SampleResult: sampleresult.default.encoding is set to UTF-8
2020-10-19 21:11:59,179 INFO o.a.j.s.SampleResult: sampleresult.useNanoTime=true
2020-10-19 21:11:59,182 INFO o.a.j.s.SampleResult: sampleresult.nanoThreadSleep=5000
2020-10-19 21:11:59,190 INFO o.a.j.t.JMeterThread: Thread started: simple-ThreadStarter 1-1
2020-10-19 21:12:00,192 INFO o.a.j.p.h.s.HTTPHCAbstractImpl: Local host = 74fa43edb5ff
2020-10-19 21:12:00,238 INFO o.a.j.p.h.s.HTTPHC4Impl: HTTP request retry count = 0
2020-10-19 21:12:00,919 INFO o.a.j.p.h.s.h.LazyLayeredConnectionSocketFactory: Setting up HTTPS TrustAll Socket Factory
2020-10-19 21:12:01,007 INFO o.a.j.u.JsseSSLManager: Using default SSL protocol: TLS
2020-10-19 21:12:01,007 INFO o.a.j.u.JsseSSLManager: SSL session context: per-thread
2020-10-19 21:12:01,301 INFO o.a.j.u.SSLManager: JmeterKeyStore Location:  type JKS
2020-10-19 21:12:01,316 INFO o.a.j.u.SSLManager: KeyStore created OK
2020-10-19 21:12:01,317 WARN o.a.j.u.SSLManager: Keystore file not found, loading empty keystore
2020-10-19 21:12:02,063 INFO o.a.j.JMeter: Command: Shutdown received from /127.0.0.1
2020-10-19 21:12:02,083 INFO c.b.j.t.c.ConcurrencyThreadStarter: Done supplying threads
2020-10-19 21:12:02,088 WARN o.a.j.t.JMeterThread: Interrupting: simple-ThreadStarter 1-1 sampler: https://www.google.com
2020-10-19 21:12:02,226 INFO o.a.j.t.JMeterThread: Thread is done: simple-ThreadStarter 1-1
2020-10-19 21:12:02,227 INFO o.a.j.t.JMeterThread: Thread finished: simple-ThreadStarter 1-1
2020-10-19 21:12:02,229 INFO o.a.j.e.StandardJMeterEngine: Notifying test listeners of end of test
2020-10-19 21:12:02,253 INFO o.a.j.e.StandardJMeterEngine: Forced JVM shutdown requested at end of test
[2020-10-19 21:12:05,048 DEBUG root] ToolError: Empty results, most likely simple (JMeterExecutor) failed. Actual reason for this can be found in logs under /tmp/artifacts
  File "/usr/local/lib/python3.6/dist-packages/bzt/cli.py", line 267, in perform
    self.engine.post_process()
  File "/usr/local/lib/python3.6/dist-packages/bzt/engine/engine.py", line 354, in post_process
    reraise(exc_info, exc_value)
  File "/usr/local/lib/python3.6/dist-packages/bzt/utils.py", line 102, in reraise
    raise exc
  File "/usr/local/lib/python3.6/dist-packages/bzt/engine/engine.py", line 340, in post_process
    module.post_process()
  File "/usr/local/lib/python3.6/dist-packages/bzt/modules/provisioning.py", line 176, in post_process
    reraise(exc_info, exc_value)
  File "/usr/local/lib/python3.6/dist-packages/bzt/utils.py", line 102, in reraise
    raise exc
  File "/usr/local/lib/python3.6/dist-packages/bzt/modules/provisioning.py", line 167, in post_process
    raise ToolError(message, diagnostics)
[2020-10-19 21:12:05,049 INFO root] Artifacts dir: /tmp/artifacts
[2020-10-19 21:12:05,051 WARNING root] Done performing with code: 1
[2020-10-19 21:12:05,054 DEBUG root] Closing log handler: /tmp/artifacts/bzt.log
